0 verbose cli C:\Program Files\nodejs\node.exe C:\Program Files\nodejs\node_modules\npm\bin\npm-cli.js
1 info using npm@11.12.1
2 info using node@v24.15.0
3 silly config load:file:C:\Program Files\nodejs\node_modules\npm\npmrc
4 silly config load:file:C:\Users\USER\Desktop\goyo-studio\.npmrc
5 silly config load:file:C:\Users\USER\.npmrc
6 silly config load:file:C:\Users\USER\AppData\Roaming\npm\etc\npmrc
7 verbose title npm install vercel@54.4.1
8 verbose argv "install" "vercel@54.4.1" "--no-save" "--ignore-scripts"
9 verbose logfile logs-max:10 dir:C:\Users\USER\Desktop\goyo-studio\.npm-cache\_logs\2026-05-25T16_26_29_469Z-
10 verbose logfile C:\Users\USER\Desktop\goyo-studio\.npm-cache\_logs\2026-05-25T16_26_29_469Z-debug-0.log
11 silly logfile done cleaning log files
12 silly packumentCache heap:4496293888 maxSize:1124073472 maxEntrySize:562036736
13 silly idealTree buildDeps
14 silly fetch manifest vercel@54.4.1
15 silly packumentCache full:https://registry.npmjs.org/vercel cache-miss
16 http cache https://registry.npmjs.org/vercel 62ms (cache hit)
17 silly packumentCache full:https://registry.npmjs.org/vercel set size:7397651 disposed:false
18 silly placeDep ROOT vercel@54.4.1 OK for: goyo-studio@0.1.0 want: 54.4.1
19 silly fetch manifest @vercel/blob@2.4.0
20 silly packumentCache full:https://registry.npmjs.org/@vercel%2fblob cache-miss
21 silly fetch manifest @vercel/fun@1.3.0
22 silly packumentCache full:https://registry.npmjs.org/@vercel%2ffun cache-miss
23 silly fetch manifest @vercel/prepare-flags-definitions@0.2.1
24 silly packumentCache full:https://registry.npmjs.org/@vercel%2fprepare-flags-definitions cache-miss
25 silly fetch manifest chokidar@4.0.0
26 silly packumentCache full:https://registry.npmjs.org/chokidar cache-miss
27 silly fetch manifest esbuild@0.27.0
28 silly packumentCache full:https://registry.npmjs.org/esbuild cache-miss
29 silly fetch manifest form-data@^4.0.0
30 silly packumentCache full:https://registry.npmjs.org/form-data cache-miss
31 silly fetch manifest jose@5.9.6
32 silly packumentCache full:https://registry.npmjs.org/jose cache-miss
33 silly fetch manifest luxon@^3.4.0
34 silly packumentCache full:https://registry.npmjs.org/luxon cache-miss
35 silly fetch manifest proxy-agent@6.4.0
36 silly packumentCache full:https://registry.npmjs.org/proxy-agent cache-miss
37 silly fetch manifest sandbox@2.5.6
38 silly packumentCache full:https://registry.npmjs.org/sandbox cache-miss
39 silly fetch manifest smol-toml@1.5.2
40 silly packumentCache full:https://registry.npmjs.org/smol-toml cache-miss
41 silly fetch manifest zod@4.1.11
42 silly packumentCache full:https://registry.npmjs.org/zod cache-miss
43 silly fetch manifest @vercel/backends@0.7.2
44 silly packumentCache full:https://registry.npmjs.org/@vercel%2fbackends cache-miss
45 silly fetch manifest @vercel/cli-config@0.1.2
46 silly packumentCache full:https://registry.npmjs.org/@vercel%2fcli-config cache-miss
47 silly fetch manifest @vercel/detect-agent@1.2.3
48 silly packumentCache full:https://registry.npmjs.org/@vercel%2fdetect-agent cache-miss
49 http fetch GET 200 https://registry.npmjs.org/esbuild 111ms (cache revalidated)
50 silly packumentCache full:https://registry.npmjs.org/esbuild set size:1254708 disposed:false
51 silly fetch manifest @vercel/elysia@0.1.80
52 silly packumentCache full:https://registry.npmjs.org/@vercel%2felysia cache-miss
53 http fetch GET 200 https://registry.npmjs.org/luxon 121ms (cache revalidated)
54 silly packumentCache full:https://registry.npmjs.org/luxon set size:511002 disposed:false
55 silly fetch manifest @vercel/build-utils@13.26.1
56 silly packumentCache full:https://registry.npmjs.org/@vercel%2fbuild-utils cache-miss
57 http fetch GET 200 https://registry.npmjs.org/proxy-agent 124ms (cache revalidated)
58 silly packumentCache full:https://registry.npmjs.org/proxy-agent set size:78600 disposed:false
59 silly fetch manifest @vercel/express@0.1.90
60 silly packumentCache full:https://registry.npmjs.org/@vercel%2fexpress cache-miss
61 http fetch GET 200 https://registry.npmjs.org/sandbox 127ms (cache revalidated)
62 silly packumentCache full:https://registry.npmjs.org/sandbox set size:182516 disposed:false
63 silly fetch manifest @vercel/fastify@0.1.83
64 silly packumentCache full:https://registry.npmjs.org/@vercel%2ffastify cache-miss
65 http fetch GET 200 https://registry.npmjs.org/smol-toml 133ms (cache revalidated)
66 silly packumentCache full:https://registry.npmjs.org/smol-toml set size:66896 disposed:false
67 silly fetch manifest @vercel/go@3.7.1
68 silly packumentCache full:https://registry.npmjs.org/@vercel%2fgo cache-miss
69 http fetch GET 200 https://registry.npmjs.org/jose 138ms (cache revalidated)
70 silly packumentCache full:https://registry.npmjs.org/jose set size:1413195 disposed:false
71 silly fetch manifest @vercel/h3@0.1.89
72 silly packumentCache full:https://registry.npmjs.org/@vercel%2fh3 cache-miss
73 http fetch GET 200 https://registry.npmjs.org/form-data 145ms (cache revalidated)
74 silly packumentCache full:https://registry.npmjs.org/form-data set size:153646 disposed:false
75 silly fetch manifest @vercel/koa@0.1.63
76 silly packumentCache full:https://registry.npmjs.org/@vercel%2fkoa cache-miss
77 http fetch GET 200 https://registry.npmjs.org/zod 149ms (cache revalidated)
78 silly packumentCache full:https://registry.npmjs.org/zod set size:3552562 disposed:false
79 silly fetch manifest @vercel/hydrogen@1.3.7
80 silly packumentCache full:https://registry.npmjs.org/@vercel%2fhydrogen cache-miss
81 http fetch GET 200 https://registry.npmjs.org/chokidar 170ms (cache revalidated)
82 silly packumentCache full:https://registry.npmjs.org/chokidar set size:255902 disposed:false
83 silly fetch manifest @vercel/hono@0.2.83
84 silly packumentCache full:https://registry.npmjs.org/@vercel%2fhono cache-miss
85 http fetch GET 200 https://registry.npmjs.org/@vercel%2fbackends 367ms (cache revalidated)
86 silly packumentCache full:https://registry.npmjs.org/@vercel%2fbackends set size:480435 disposed:false
87 silly fetch manifest @vercel/nestjs@0.2.84
88 silly packumentCache full:https://registry.npmjs.org/@vercel%2fnestjs cache-miss
89 http fetch GET 200 https://registry.npmjs.org/@vercel%2fhydrogen 287ms (cache revalidated)
90 silly packumentCache full:https://registry.npmjs.org/@vercel%2fhydrogen set size:404381 disposed:false
91 silly fetch manifest @vercel/next@4.17.4
92 silly packumentCache full:https://registry.npmjs.org/@vercel%2fnext cache-miss
93 http fetch GET 200 https://registry.npmjs.org/@vercel%2fbuild-utils 335ms (cache revalidated)
94 silly packumentCache full:https://registry.npmjs.org/@vercel%2fbuild-utils set size:2221664 disposed:false
95 silly fetch manifest @vercel/node@5.8.4
96 silly packumentCache full:https://registry.npmjs.org/@vercel%2fnode cache-miss
97 http fetch GET 200 https://registry.npmjs.org/@vercel%2fgo 335ms (cache revalidated)
98 silly packumentCache full:https://registry.npmjs.org/@vercel%2fgo set size:1077777 disposed:false
99 silly fetch manifest @vercel/remix-builder@5.8.2
100 silly packumentCache full:https://registry.npmjs.org/@vercel%2fremix-builder cache-miss
101 http fetch GET 200 https://registry.npmjs.org/@vercel%2ffastify 347ms (cache revalidated)
102 silly packumentCache full:https://registry.npmjs.org/@vercel%2ffastify set size:538935 disposed:false
103 silly fetch manifest @vercel/redwood@2.4.13
104 silly packumentCache full:https://registry.npmjs.org/@vercel%2fredwood cache-miss
105 http fetch GET 200 https://registry.npmjs.org/@vercel%2felysia 367ms (cache revalidated)
106 silly packumentCache full:https://registry.npmjs.org/@vercel%2felysia set size:458916 disposed:false
107 silly fetch manifest @vercel/ruby@2.3.2
108 silly packumentCache full:https://registry.npmjs.org/@vercel%2fruby cache-miss
109 http fetch GET 200 https://registry.npmjs.org/@vercel%2fhono 315ms (cache revalidated)
110 silly packumentCache full:https://registry.npmjs.org/@vercel%2fhono set size:370420 disposed:false
111 silly fetch manifest @vercel/rust@1.2.0
112 silly packumentCache full:https://registry.npmjs.org/@vercel%2frust cache-miss
113 http fetch GET 200 https://registry.npmjs.org/@vercel%2fkoa 343ms (cache revalidated)
114 silly packumentCache full:https://registry.npmjs.org/@vercel%2fkoa set size:527736 disposed:false
115 silly fetch manifest @vercel/python@6.43.1
116 silly packumentCache full:https://registry.npmjs.org/@vercel%2fpython cache-miss
117 http fetch GET 200 https://registry.npmjs.org/@vercel%2fh3 352ms (cache revalidated)
118 silly packumentCache full:https://registry.npmjs.org/@vercel%2fh3 set size:275057 disposed:false
119 silly fetch manifest @vercel/static-build@2.9.30
120 silly packumentCache full:https://registry.npmjs.org/@vercel%2fstatic-build cache-miss
121 http fetch GET 200 https://registry.npmjs.org/@vercel%2fdetect-agent 523ms (cache revalidated)
122 silly packumentCache full:https://registry.npmjs.org/@vercel%2fdetect-agent set size:47797 disposed:false
123 http fetch GET 200 https://registry.npmjs.org/@vercel%2fblob 530ms (cache revalidated)
124 silly packumentCache full:https://registry.npmjs.org/@vercel%2fblob set size:1019535 disposed:false
125 http fetch GET 200 https://registry.npmjs.org/@vercel%2ffun 538ms (cache revalidated)
126 silly packumentCache full:https://registry.npmjs.org/@vercel%2ffun set size:79726 disposed:false
127 http fetch GET 200 https://registry.npmjs.org/@vercel%2fprepare-flags-definitions 538ms (cache revalidated)
128 silly packumentCache full:https://registry.npmjs.org/@vercel%2fprepare-flags-definitions set size:117132 disposed:false
129 http fetch GET 200 https://registry.npmjs.org/@vercel%2fexpress 491ms (cache revalidated)
130 silly packumentCache full:https://registry.npmjs.org/@vercel%2fexpress set size:276643 disposed:false
131 http fetch GET 200 https://registry.npmjs.org/@vercel%2fnestjs 283ms (cache revalidated)
132 silly packumentCache full:https://registry.npmjs.org/@vercel%2fnestjs set size:241954 disposed:false
133 http fetch GET 200 https://registry.npmjs.org/@vercel%2fcli-config 682ms (cache revalidated)
134 silly packumentCache full:https://registry.npmjs.org/@vercel%2fcli-config set size:49014 disposed:false
135 http fetch GET 200 https://registry.npmjs.org/@vercel%2fruby 285ms (cache revalidated)
136 silly packumentCache full:https://registry.npmjs.org/@vercel%2fruby set size:985585 disposed:false
137 http fetch GET 200 https://registry.npmjs.org/@vercel%2fremix-builder 307ms (cache revalidated)
138 silly packumentCache full:https://registry.npmjs.org/@vercel%2fremix-builder set size:344688 disposed:false
139 http fetch GET 200 https://registry.npmjs.org/@vercel%2frust 304ms (cache revalidated)
140 silly packumentCache full:https://registry.npmjs.org/@vercel%2frust set size:156139 disposed:false
141 http fetch GET 200 https://registry.npmjs.org/@vercel%2fpython 305ms (cache revalidated)
142 silly packumentCache full:https://registry.npmjs.org/@vercel%2fpython set size:1246310 disposed:false
143 http fetch GET 200 https://registry.npmjs.org/@vercel%2fstatic-build 308ms (cache revalidated)
144 silly packumentCache full:https://registry.npmjs.org/@vercel%2fstatic-build set size:1703415 disposed:false
145 http fetch GET 200 https://registry.npmjs.org/@vercel%2fnext 485ms (cache revalidated)
146 silly packumentCache full:https://registry.npmjs.org/@vercel%2fnext set size:2167811 disposed:false
147 http fetch GET 200 https://registry.npmjs.org/@vercel%2fredwood 471ms (cache revalidated)
148 silly packumentCache full:https://registry.npmjs.org/@vercel%2fredwood set size:977810 disposed:false
149 http fetch GET 200 https://registry.npmjs.org/@vercel%2fnode 489ms (cache revalidated)
150 silly packumentCache full:https://registry.npmjs.org/@vercel%2fnode set size:2158952 disposed:false
151 silly placeDep ROOT @vercel/backends@0.7.2 OK for: vercel@54.4.1 want: 0.7.2
152 silly placeDep ROOT @vercel/blob@2.4.0 OK for: vercel@54.4.1 want: 2.4.0
153 silly placeDep ROOT @vercel/build-utils@13.26.1 OK for: vercel@54.4.1 want: 13.26.1
154 silly placeDep ROOT @vercel/cli-config@0.1.2 OK for: vercel@54.4.1 want: 0.1.2
155 silly placeDep ROOT @vercel/detect-agent@1.2.3 OK for: vercel@54.4.1 want: 1.2.3
156 silly placeDep ROOT @vercel/elysia@0.1.80 OK for: vercel@54.4.1 want: 0.1.80
157 silly placeDep ROOT @vercel/express@0.1.90 OK for: vercel@54.4.1 want: 0.1.90
158 silly placeDep ROOT @vercel/fastify@0.1.83 OK for: vercel@54.4.1 want: 0.1.83
159 silly placeDep ROOT @vercel/fun@1.3.0 OK for: vercel@54.4.1 want: 1.3.0
160 silly placeDep ROOT @vercel/go@3.7.1 OK for: vercel@54.4.1 want: 3.7.1
161 silly placeDep ROOT @vercel/h3@0.1.89 OK for: vercel@54.4.1 want: 0.1.89
162 silly placeDep ROOT @vercel/hono@0.2.83 OK for: vercel@54.4.1 want: 0.2.83
163 silly placeDep ROOT @vercel/hydrogen@1.3.7 OK for: vercel@54.4.1 want: 1.3.7
164 silly placeDep ROOT @vercel/koa@0.1.63 OK for: vercel@54.4.1 want: 0.1.63
165 silly placeDep ROOT @vercel/nestjs@0.2.84 OK for: vercel@54.4.1 want: 0.2.84
166 silly placeDep ROOT @vercel/next@4.17.4 OK for: vercel@54.4.1 want: 4.17.4
167 silly placeDep ROOT @vercel/node@5.8.4 OK for: vercel@54.4.1 want: 5.8.4
168 silly placeDep ROOT @vercel/prepare-flags-definitions@0.2.1 OK for: vercel@54.4.1 want: 0.2.1
169 silly placeDep ROOT @vercel/python@6.43.1 OK for: vercel@54.4.1 want: 6.43.1
170 silly placeDep ROOT @vercel/redwood@2.4.13 OK for: vercel@54.4.1 want: 2.4.13
171 silly placeDep ROOT @vercel/remix-builder@5.8.2 OK for: vercel@54.4.1 want: 5.8.2
172 silly placeDep ROOT @vercel/ruby@2.3.2 OK for: vercel@54.4.1 want: 2.3.2
173 silly placeDep ROOT @vercel/rust@1.2.0 OK for: vercel@54.4.1 want: 1.2.0
174 silly placeDep ROOT @vercel/static-build@2.9.30 OK for: vercel@54.4.1 want: 2.9.30
175 silly placeDep ROOT chokidar@4.0.0 OK for: vercel@54.4.1 want: 4.0.0
176 silly placeDep ROOT esbuild@0.27.0 OK for: vercel@54.4.1 want: 0.27.0
177 silly placeDep ROOT form-data@4.0.5 OK for: vercel@54.4.1 want: ^4.0.0
178 silly placeDep ROOT jose@5.9.6 OK for: vercel@54.4.1 want: 5.9.6
179 silly placeDep ROOT luxon@3.7.2 OK for: vercel@54.4.1 want: ^3.4.0
180 silly placeDep ROOT proxy-agent@6.4.0 OK for: vercel@54.4.1 want: 6.4.0
181 silly placeDep ROOT sandbox@2.5.6 OK for: vercel@54.4.1 want: 2.5.6
182 silly placeDep ROOT smol-toml@1.5.2 OK for: vercel@54.4.1 want: 1.5.2
183 silly placeDep node_modules/vercel zod@4.1.11 OK for: vercel@54.4.1 want: 4.1.11
184 silly fetch manifest @vercel/nft@1.5.0
185 silly packumentCache full:https://registry.npmjs.org/@vercel%2fnft cache-miss
186 silly fetch manifest execa@3.2.0
187 silly packumentCache full:https://registry.npmjs.org/execa cache-miss
188 silly fetch manifest fs-extra@11.1.0
189 silly packumentCache full:https://registry.npmjs.org/fs-extra cache-miss
190 silly fetch manifest oxc-transform@0.111.0
191 silly packumentCache full:https://registry.npmjs.org/oxc-transform cache-miss
192 silly fetch manifest path-to-regexp@8.3.0
193 silly packumentCache full:https://registry.npmjs.org/path-to-regexp cache-miss
194 silly fetch manifest resolve.exports@2.0.3
195 silly packumentCache full:https://registry.npmjs.org/resolve.exports cache-miss
196 silly fetch manifest rolldown@1.0.0-rc.1
197 silly packumentCache full:https://registry.npmjs.org/rolldown cache-miss
198 silly fetch manifest srvx@0.8.9
199 silly packumentCache full:https://registry.npmjs.org/srvx cache-miss
200 silly fetch manifest tsx@4.21.0
201 silly packumentCache full:https://registry.npmjs.org/tsx cache-miss
202 silly fetch manifest zod@3.22.4
203 silly packumentCache full:https://registry.npmjs.org/zod cache-miss
204 silly fetch manifest async-retry@^1.3.3
205 silly packumentCache full:https://registry.npmjs.org/async-retry cache-miss
206 silly fetch manifest is-buffer@^2.0.5
207 silly packumentCache full:https://registry.npmjs.org/is-buffer cache-miss
208 silly fetch manifest is-node-process@^1.2.0
209 silly packumentCache full:https://registry.npmjs.org/is-node-process cache-miss
210 silly fetch manifest throttleit@^2.1.0
211 silly packumentCache full:https://registry.npmjs.org/throttleit cache-miss
212 silly fetch manifest undici@^6.23.0
213 silly packumentCache full:https://registry.npmjs.org/undici cache-miss
214 http cache https://registry.npmjs.org/zod 29ms (cache hit)
215 silly packumentCache full:https://registry.npmjs.org/zod set size:3552562 disposed:false
216 silly fetch manifest cjs-module-lexer@1.2.3
217 silly packumentCache full:https://registry.npmjs.org/cjs-module-lexer cache-miss
218 http fetch GET 200 https://registry.npmjs.org/fs-extra 47ms (cache revalidated)
219 silly packumentCache full:https://registry.npmjs.org/fs-extra set size:234923 disposed:false
220 silly fetch manifest es-module-lexer@1.5.0
221 silly packumentCache full:https://registry.npmjs.org/es-module-lexer cache-miss
222 http fetch GET 200 https://registry.npmjs.org/path-to-regexp 50ms (cache revalidated)
223 silly packumentCache full:https://registry.npmjs.org/path-to-regexp set size:216334 disposed:false
224 silly fetch manifest @vercel/python-analysis@0.11.1
225 silly packumentCache full:https://registry.npmjs.org/@vercel%2fpython-analysis cache-miss
226 http fetch GET 200 https://registry.npmjs.org/async-retry 50ms (cache revalidated)
227 silly packumentCache full:https://registry.npmjs.org/async-retry set size:51916 disposed:false
228 silly fetch manifest xdg-app-paths@5
229 silly packumentCache full:https://registry.npmjs.org/xdg-app-paths cache-miss
230 http fetch GET 200 https://registry.npmjs.org/execa 53ms (cache revalidated)
231 silly packumentCache full:https://registry.npmjs.org/execa set size:181234 disposed:false
232 silly fetch manifest @vercel/static-config@3.3.0
233 silly packumentCache full:https://registry.npmjs.org/@vercel%2fstatic-config cache-miss
234 http fetch GET 200 https://registry.npmjs.org/tsx 54ms (cache revalidated)
235 silly packumentCache full:https://registry.npmjs.org/tsx set size:302158 disposed:false
236 silly fetch manifest @vercel/nft@1.5.0
237 silly packumentCache full:https://registry.npmjs.org/@vercel%2fnft cache-miss
238 http fetch GET 200 https://registry.npmjs.org/srvx 56ms (cache revalidated)
239 silly packumentCache full:https://registry.npmjs.org/srvx set size:248298 disposed:false
240 silly fetch manifest ts-morph@12.0.0
241 silly packumentCache full:https://registry.npmjs.org/ts-morph cache-miss
242 http fetch GET 200 https://registry.npmjs.org/rolldown 62ms (cache revalidated)
243 silly packumentCache full:https://registry.npmjs.org/rolldown set size:3713182 disposed:false
244 silly fetch manifest @vercel/static-config@3.3.0
245 silly packumentCache full:https://registry.npmjs.org/@vercel%2fstatic-config cache-miss
246 http fetch GET 200 https://registry.npmjs.org/is-buffer 71ms (cache revalidated)
247 silly packumentCache full:https://registry.npmjs.org/is-buffer set size:34803 disposed:false
248 silly fetch manifest @vercel/cervel@0.1.7
249 silly packumentCache full:https://registry.npmjs.org/@vercel%2fcervel cache-miss
250 http fetch GET 200 https://registry.npmjs.org/throttleit 79ms (cache revalidated)
251 silly packumentCache full:https://registry.npmjs.org/throttleit set size:14001 disposed:false
252 silly fetch manifest @vercel/static-config@3.3.0
253 silly packumentCache full:https://registry.npmjs.org/@vercel%2fstatic-config cache-miss
254 http fetch GET 200 https://registry.npmjs.org/cjs-module-lexer 66ms (cache revalidated)
255 silly packumentCache full:https://registry.npmjs.org/cjs-module-lexer set size:147092 disposed:false
256 silly fetch manifest ms@2.1.1
257 silly packumentCache full:https://registry.npmjs.org/ms cache-miss
258 http fetch GET 200 https://registry.npmjs.org/undici 107ms (cache updated)
259 silly packumentCache full:https://registry.npmjs.org/undici set size:undefined disposed:false
260 silly fetch manifest tar@7.5.7
261 silly packumentCache full:https://registry.npmjs.org/tar cache-miss
262 http fetch GET 200 https://registry.npmjs.org/xdg-app-paths 64ms (cache revalidated)
263 silly packumentCache full:https://registry.npmjs.org/xdg-app-paths set size:295911 disposed:false
264 silly fetch manifest debug@4.3.4
265 silly packumentCache full:https://registry.npmjs.org/debug cache-miss
266 http fetch GET 200 https://registry.npmjs.org/ts-morph 61ms (cache revalidated)
267 silly packumentCache full:https://registry.npmjs.org/ts-morph set size:540557 disposed:false
268 silly fetch manifest micro@9.3.5-canary.3
269 silly packumentCache full:https://registry.npmjs.org/micro cache-miss
270 http fetch GET 200 https://registry.npmjs.org/debug 27ms (cache revalidated)
271 silly packumentCache full:https://registry.npmjs.org/debug set size:195840 disposed:false
272 silly fetch manifest semver@7.5.4
273 silly packumentCache full:https://registry.npmjs.org/semver cache-miss
274 http fetch GET 200 https://registry.npmjs.org/tar 34ms (cache revalidated)
275 silly packumentCache full:https://registry.npmjs.org/tar set size:544656 disposed:false
276 silly fetch manifest tinyexec@0.3.2
277 silly packumentCache full:https://registry.npmjs.org/tinyexec cache-miss
278 http fetch GET 200 https://registry.npmjs.org/ms 45ms (cache revalidated)
279 silly packumentCache full:https://registry.npmjs.org/ms set size:92208 disposed:false
280 silly fetch manifest stat-mode@0.3.0
281 silly packumentCache full:https://registry.npmjs.org/stat-mode cache-miss
282 http fetch GET 200 https://registry.npmjs.org/semver 28ms (cache revalidated)
283 silly packumentCache full:https://registry.npmjs.org/semver set size:235672 disposed:false
284 silly fetch manifest tree-kill@1.2.2
285 silly packumentCache full:https://registry.npmjs.org/tree-kill cache-miss
286 http fetch GET 200 https://registry.npmjs.org/tinyexec 28ms (cache revalidated)
287 silly packumentCache full:https://registry.npmjs.org/tinyexec set size:58572 disposed:false
288 silly fetch manifest node-fetch@2.6.7
289 silly packumentCache full:https://registry.npmjs.org/node-fetch cache-miss
290 http fetch GET 200 https://registry.npmjs.org/node-fetch 25ms (cache revalidated)
291 silly packumentCache full:https://registry.npmjs.org/node-fetch set size:896010 disposed:false
292 silly fetch manifest promisepipe@3.0.0
293 silly packumentCache full:https://registry.npmjs.org/promisepipe cache-miss
294 http fetch GET 200 https://registry.npmjs.org/is-node-process 214ms (cache revalidated)
295 silly packumentCache full:https://registry.npmjs.org/is-node-process set size:12779 disposed:false
296 silly fetch manifest uid-promise@1.0.0
297 silly packumentCache full:https://registry.npmjs.org/uid-promise cache-miss
298 http fetch GET 200 https://registry.npmjs.org/resolve.exports 217ms (cache revalidated)
299 silly packumentCache full:https://registry.npmjs.org/resolve.exports set size:49558 disposed:false
300 silly fetch manifest async-listen@1.2.0
301 silly packumentCache full:https://registry.npmjs.org/async-listen cache-miss
302 http fetch GET 200 https://registry.npmjs.org/uid-promise 22ms (cache revalidated)
303 silly packumentCache full:https://registry.npmjs.org/uid-promise set size:28461 disposed:false
304 silly fetch manifest generic-pool@3.4.2
305 silly packumentCache full:https://registry.npmjs.org/generic-pool cache-miss
306 http fetch GET 200 https://registry.npmjs.org/async-listen 28ms (cache revalidated)
307 silly packumentCache full:https://registry.npmjs.org/async-listen set size:27933 disposed:false
308 silly fetch manifest xdg-app-paths@5.1.0
309 silly packumentCache full:https://registry.npmjs.org/xdg-app-paths cache-hit
310 silly fetch manifest yauzl-promise@2.1.3
311 silly packumentCache full:https://registry.npmjs.org/yauzl-promise cache-miss
312 http fetch GET 200 https://registry.npmjs.org/generic-pool 23ms (cache revalidated)
313 silly packumentCache full:https://registry.npmjs.org/generic-pool set size:193866 disposed:false
314 silly fetch manifest path-to-regexp@8.2.0
315 silly packumentCache full:https://registry.npmjs.org/path-to-regexp cache-hit
316 silly fetch manifest @tootallnate/once@2.0.0
317 silly packumentCache full:https://registry.npmjs.org/@tootallnate%2fonce cache-miss
318 http fetch GET 200 https://registry.npmjs.org/es-module-lexer 221ms (cache revalidated)
319 silly packumentCache full:https://registry.npmjs.org/es-module-lexer set size:205389 disposed:false
320 silly fetch manifest stream-to-promise@2.2.0
321 silly packumentCache full:https://registry.npmjs.org/stream-to-promise cache-miss
322 http fetch GET 200 https://registry.npmjs.org/yauzl-promise 33ms (cache revalidated)
323 silly packumentCache full:https://registry.npmjs.org/yauzl-promise set size:50300 disposed:false
324 silly fetch manifest @vercel/static-config@3.3.0
325 silly packumentCache full:https://registry.npmjs.org/@vercel%2fstatic-config cache-miss
326 http fetch GET 200 https://registry.npmjs.org/@tootallnate%2fonce 34ms (cache revalidated)
327 silly packumentCache full:https://registry.npmjs.org/@tootallnate%2fonce set size:21927 disposed:false
328 silly fetch manifest @vercel/nft@1.5.0
329 silly packumentCache full:https://registry.npmjs.org/@vercel%2fnft cache-miss
330 http fetch GET 200 https://registry.npmjs.org/stream-to-promise 28ms (cache revalidated)
331 silly packumentCache full:https://registry.npmjs.org/stream-to-promise set size:30860 disposed:false
332 silly fetch manifest @vercel/static-config@3.3.0
333 silly packumentCache full:https://registry.npmjs.org/@vercel%2fstatic-config cache-miss
334 http fetch GET 200 https://registry.npmjs.org/micro 192ms (cache revalidated)
335 silly packumentCache full:https://registry.npmjs.org/micro set size:214765 disposed:false
336 silly fetch manifest @vercel/static-config@3.3.0
337 silly packumentCache full:https://registry.npmjs.org/@vercel%2fstatic-config cache-miss
338 http fetch GET 200 https://registry.npmjs.org/stat-mode 203ms (cache revalidated)
339 silly packumentCache full:https://registry.npmjs.org/stat-mode set size:18239 disposed:false
340 silly fetch manifest @vercel/static-config@3.3.0
341 silly packumentCache full:https://registry.npmjs.org/@vercel%2fstatic-config cache-miss
342 http fetch GET 200 https://registry.npmjs.org/@vercel%2fpython-analysis 312ms (cache revalidated)
343 silly packumentCache full:https://registry.npmjs.org/@vercel%2fpython-analysis set size:74996 disposed:false
344 silly fetch manifest @vercel/static-config@3.3.0
345 silly packumentCache full:https://registry.npmjs.org/@vercel%2fstatic-config cache-miss
346 http fetch GET 200 https://registry.npmjs.org/tree-kill 192ms (cache revalidated)
347 silly packumentCache full:https://registry.npmjs.org/tree-kill set size:24180 disposed:false
348 silly fetch manifest @vercel/nft@1.5.0
349 silly packumentCache full:https://registry.npmjs.org/@vercel%2fnft cache-miss
350 http fetch GET 200 https://registry.npmjs.org/oxc-transform 404ms (cache revalidated)
351 silly packumentCache full:https://registry.npmjs.org/oxc-transform set size:465310 disposed:false
352 silly fetch manifest @edge-runtime/node-utils@2.3.0
353 silly packumentCache full:https://registry.npmjs.org/@edge-runtime%2fnode-utils cache-miss
354 http fetch GET 200 https://registry.npmjs.org/promisepipe 197ms (cache revalidated)
355 silly packumentCache full:https://registry.npmjs.org/promisepipe set size:15681 disposed:false
356 silly fetch manifest @edge-runtime/primitives@4.1.0
357 silly packumentCache full:https://registry.npmjs.org/@edge-runtime%2fprimitives cache-miss
358 http fetch GET 200 https://registry.npmjs.org/@vercel%2fcervel 469ms (cache revalidated)
359 silly packumentCache full:https://registry.npmjs.org/@vercel%2fcervel set size:253296 disposed:false
360 silly fetch manifest @edge-runtime/vm@3.2.0
361 silly packumentCache full:https://registry.npmjs.org/@edge-runtime%2fvm cache-miss
362 http fetch GET 200 https://registry.npmjs.org/@vercel%2fnft 623ms (cache revalidated)
363 silly packumentCache full:https://registry.npmjs.org/@vercel%2fnft set size:576849 disposed:false
364 silly fetch manifest @types/node@20.11.0
365 silly packumentCache full:https://registry.npmjs.org/@types%2fnode cache-miss
366 http fetch GET 200 https://registry.npmjs.org/@vercel%2fnft 258ms (cache revalidated)
367 silly packumentCache full:https://registry.npmjs.org/@vercel%2fnft set size:576849 disposed:false
368 silly packumentCache full:https://registry.npmjs.org/@vercel%2fnft dispose
369 silly fetch manifest async-listen@3.0.0
370 silly packumentCache full:https://registry.npmjs.org/async-listen cache-hit
371 silly fetch manifest edge-runtime@2.5.9
372 silly packumentCache full:https://registry.npmjs.org/edge-runtime cache-miss
373 http fetch GET 200 https://registry.npmjs.org/@vercel%2fnft 330ms (cache revalidated)
374 silly packumentCache full:https://registry.npmjs.org/@vercel%2fnft set size:576849 disposed:true
375 silly packumentCache full:https://registry.npmjs.org/@vercel%2fnft dispose
376 silly fetch manifest es-module-lexer@1.4.1
377 silly packumentCache full:https://registry.npmjs.org/es-module-lexer cache-hit
378 silly fetch manifest etag@1.8.1
379 silly packumentCache full:https://registry.npmjs.org/etag cache-miss
380 http fetch GET 200 https://registry.npmjs.org/@vercel%2fnft 577ms (cache revalidated)
381 silly packumentCache full:https://registry.npmjs.org/@vercel%2fnft set size:576849 disposed:true
382 silly packumentCache full:https://registry.npmjs.org/@vercel%2fnft dispose
383 silly fetch manifest mime-types@2.1.35
384 silly packumentCache full:https://registry.npmjs.org/mime-types cache-miss
385 http fetch GET 200 https://registry.npmjs.org/etag 26ms (cache revalidated)
386 silly packumentCache full:https://registry.npmjs.org/etag set size:30032 disposed:false
387 silly fetch manifest node-fetch@2.6.9
388 silly packumentCache full:https://registry.npmjs.org/node-fetch cache-hit
389 silly fetch manifest path-to-regexp-updated@npm:path-to-regexp@6.3.0
390 silly packumentCache full:https://registry.npmjs.org/path-to-regexp cache-hit
391 silly fetch manifest path-to-regexp@6.1.0
392 silly packumentCache full:https://registry.npmjs.org/path-to-regexp cache-hit
393 silly fetch manifest undici@5.28.4
394 silly packumentCache full:https://registry.npmjs.org/undici cache-miss
395 http fetch GET 200 https://registry.npmjs.org/mime-types 26ms (cache revalidated)
396 silly packumentCache full:https://registry.npmjs.org/mime-types set size:139110 disposed:false
397 silly fetch manifest @vercel/static-config@3.3.0
398 silly packumentCache full:https://registry.npmjs.org/@vercel%2fstatic-config cache-miss
399 http cache https://registry.npmjs.org/undici 8ms (cache hit)
400 silly packumentCache full:https://registry.npmjs.org/undici set size:1396737 disposed:false
401 silly fetch manifest @vercel/error-utils@2.1.0
402 silly packumentCache full:https://registry.npmjs.org/@vercel%2ferror-utils cache-miss
403 http fetch GET 200 https://registry.npmjs.org/@types%2fnode 59ms (cache revalidated)
404 silly packumentCache full:https://registry.npmjs.org/@types%2fnode set size:11015753 disposed:false
405 silly fetch manifest @vercel/static-config@3.3.0
406 silly packumentCache full:https://registry.npmjs.org/@vercel%2fstatic-config cache-miss
407 http fetch GET 200 https://registry.npmjs.org/@edge-runtime%2fnode-utils 335ms (cache revalidated)
408 silly packumentCache full:https://registry.npmjs.org/@edge-runtime%2fnode-utils set size:45504 disposed:false
409 silly fetch manifest @vercel/error-utils@2.1.0
410 silly packumentCache full:https://registry.npmjs.org/@vercel%2ferror-utils cache-miss
411 http fetch GET 200 https://registry.npmjs.org/@edge-runtime%2fvm 277ms (cache revalidated)
412 silly packumentCache full:https://registry.npmjs.org/@edge-runtime%2fvm set size:269934 disposed:false
413 silly fetch manifest @vercel/static-config@3.3.0
414 silly packumentCache full:https://registry.npmjs.org/@vercel%2fstatic-config cache-miss
415 http fetch GET 200 https://registry.npmjs.org/edge-runtime 201ms (cache revalidated)
416 silly packumentCache full:https://registry.npmjs.org/edge-runtime set size:342321 disposed:false
417 silly fetch manifest execa@5
418 silly packumentCache full:https://registry.npmjs.org/execa cache-hit
419 silly fetch manifest @vercel/gatsby-plugin-vercel-analytics@1.0.11
420 silly packumentCache full:https://registry.npmjs.org/@vercel%2fgatsby-plugin-vercel-analytics cache-miss
421 http fetch GET 200 https://registry.npmjs.org/@vercel%2fstatic-config 164ms (cache revalidated)
422 silly packumentCache full:https://registry.npmjs.org/@vercel%2fstatic-config set size:187708 disposed:false
423 silly fetch manifest @vercel/gatsby-plugin-vercel-builder@2.2.7
424 silly packumentCache full:https://registry.npmjs.org/@vercel%2fgatsby-plugin-vercel-builder cache-miss
425 http fetch GET 200 https://registry.npmjs.org/@vercel%2fstatic-config 843ms (cache revalidated)
426 silly packumentCache full:https://registry.npmjs.org/@vercel%2fstatic-config set size:187708 disposed:false
427 silly packumentCache full:https://registry.npmjs.org/@vercel%2fstatic-config dispose
428 silly fetch manifest readdirp@^4.0.1
429 silly packumentCache full:https://registry.npmjs.org/readdirp cache-miss
430 http fetch GET 200 https://registry.npmjs.org/@vercel%2fstatic-config 235ms (cache revalidated)
431 silly packumentCache full:https://registry.npmjs.org/@vercel%2fstatic-config set size:187708 disposed:true
432 silly packumentCache full:https://registry.npmjs.org/@vercel%2fstatic-config dispose
433 silly fetch manifest @esbuild/aix-ppc64@0.27.0
434 silly packumentCache full:https://registry.npmjs.org/@esbuild%2faix-ppc64 cache-miss
435 http fetch GET 200 https://registry.npmjs.org/@vercel%2fstatic-config 537ms (cache revalidated)
436 silly packumentCache full:https://registry.npmjs.org/@vercel%2fstatic-config set size:187708 disposed:true
437 silly packumentCache full:https://registry.npmjs.org/@vercel%2fstatic-config dispose
438 silly fetch manifest @esbuild/linux-arm@0.27.0
439 silly packumentCache full:https://registry.npmjs.org/@esbuild%2flinux-arm cache-miss
440 http fetch GET 200 https://registry.npmjs.org/@vercel%2fstatic-config 544ms (cache revalidated)
441 silly packumentCache full:https://registry.npmjs.org/@vercel%2fstatic-config set size:187708 disposed:true
442 silly packumentCache full:https://registry.npmjs.org/@vercel%2fstatic-config dispose
443 silly fetch manifest @esbuild/linux-x64@0.27.0
444 silly packumentCache full:https://registry.npmjs.org/@esbuild%2flinux-x64 cache-miss
445 http fetch GET 200 https://registry.npmjs.org/@vercel%2fstatic-config 587ms (cache revalidated)
446 silly packumentCache full:https://registry.npmjs.org/@vercel%2fstatic-config set size:187708 disposed:true
447 silly packumentCache full:https://registry.npmjs.org/@vercel%2fstatic-config dispose
448 silly fetch manifest @esbuild/sunos-x64@0.27.0
449 silly packumentCache full:https://registry.npmjs.org/@esbuild%2fsunos-x64 cache-miss
450 http fetch GET 200 https://registry.npmjs.org/@vercel%2fstatic-config 604ms (cache revalidated)
451 silly packumentCache full:https://registry.npmjs.org/@vercel%2fstatic-config set size:187708 disposed:true
452 silly packumentCache full:https://registry.npmjs.org/@vercel%2fstatic-config dispose
453 silly fetch manifest @esbuild/win32-x64@0.27.0
454 silly packumentCache full:https://registry.npmjs.org/@esbuild%2fwin32-x64 cache-miss
455 http fetch GET 200 https://registry.npmjs.org/@vercel%2fstatic-config 80ms (cache revalidated)
456 silly packumentCache full:https://registry.npmjs.org/@vercel%2fstatic-config set size:187708 disposed:true
457 silly packumentCache full:https://registry.npmjs.org/@vercel%2fstatic-config dispose
458 silly fetch manifest @esbuild/darwin-x64@0.27.0
459 silly packumentCache full:https://registry.npmjs.org/@esbuild%2fdarwin-x64 cache-miss
460 http fetch GET 200 https://registry.npmjs.org/@vercel%2fstatic-config 835ms (cache revalidated)
461 silly packumentCache full:https://registry.npmjs.org/@vercel%2fstatic-config set size:187708 disposed:true
462 silly packumentCache full:https://registry.npmjs.org/@vercel%2fstatic-config dispose
463 silly fetch manifest @esbuild/linux-ia32@0.27.0
464 silly packumentCache full:https://registry.npmjs.org/@esbuild%2flinux-ia32 cache-miss
465 http fetch GET 200 https://registry.npmjs.org/@vercel%2fstatic-config 828ms (cache revalidated)
466 silly packumentCache full:https://registry.npmjs.org/@vercel%2fstatic-config set size:187708 disposed:true
467 silly packumentCache full:https://registry.npmjs.org/@vercel%2fstatic-config dispose
468 silly fetch manifest @esbuild/netbsd-x64@0.27.0
469 silly packumentCache full:https://registry.npmjs.org/@esbuild%2fnetbsd-x64 cache-miss
470 http fetch GET 200 https://registry.npmjs.org/@vercel%2fstatic-config 632ms (cache revalidated)
471 silly packumentCache full:https://registry.npmjs.org/@vercel%2fstatic-config set size:187708 disposed:true
472 silly packumentCache full:https://registry.npmjs.org/@vercel%2fstatic-config dispose
473 silly fetch manifest @esbuild/win32-ia32@0.27.0
474 silly packumentCache full:https://registry.npmjs.org/@esbuild%2fwin32-ia32 cache-miss
475 http fetch GET 200 https://registry.npmjs.org/readdirp 45ms (cache revalidated)
476 silly packumentCache full:https://registry.npmjs.org/readdirp set size:107589 disposed:false
477 silly fetch manifest @esbuild/android-arm@0.27.0
478 silly packumentCache full:https://registry.npmjs.org/@esbuild%2fandroid-arm cache-miss
479 http fetch GET 200 https://registry.npmjs.org/@esbuild%2flinux-x64 47ms (cache revalidated)
480 silly packumentCache full:https://registry.npmjs.org/@esbuild%2flinux-x64 set size:195479 disposed:false
481 silly fetch manifest @esbuild/android-x64@0.27.0
482 silly packumentCache full:https://registry.npmjs.org/@esbuild%2fandroid-x64 cache-miss
483 http fetch GET 200 https://registry.npmjs.org/@esbuild%2flinux-arm 50ms (cache revalidated)
484 silly packumentCache full:https://registry.npmjs.org/@esbuild%2flinux-arm set size:195140 disposed:false
485 silly fetch manifest @esbuild/freebsd-x64@0.27.0
486 silly packumentCache full:https://registry.npmjs.org/@esbuild%2ffreebsd-x64 cache-miss
487 http fetch GET 200 https://registry.npmjs.org/@esbuild%2faix-ppc64 55ms (cache revalidated)
488 silly packumentCache full:https://registry.npmjs.org/@esbuild%2faix-ppc64 set size:64314 disposed:false
489 silly fetch manifest @esbuild/linux-arm64@0.27.0
490 silly packumentCache full:https://registry.npmjs.org/@esbuild%2flinux-arm64 cache-miss
491 http fetch GET 200 https://registry.npmjs.org/@esbuild%2fwin32-ia32 43ms (cache revalidated)
492 silly packumentCache full:https://registry.npmjs.org/@esbuild%2fwin32-ia32 set size:196374 disposed:false
493 silly fetch manifest @esbuild/linux-ppc64@0.27.0
494 silly packumentCache full:https://registry.npmjs.org/@esbuild%2flinux-ppc64 cache-miss
495 http fetch GET 200 https://registry.npmjs.org/@esbuild%2fwin32-x64 53ms (cache revalidated)
496 silly packumentCache full:https://registry.npmjs.org/@esbuild%2fwin32-x64 set size:194073 disposed:false
497 silly fetch manifest @esbuild/linux-s390x@0.27.0
498 silly packumentCache full:https://registry.npmjs.org/@esbuild%2flinux-s390x cache-miss
499 http fetch GET 200 https://registry.npmjs.org/@esbuild%2fdarwin-x64 54ms (cache revalidated)
500 silly packumentCache full:https://registry.npmjs.org/@esbuild%2fdarwin-x64 set size:196195 disposed:false
501 silly fetch manifest @esbuild/openbsd-x64@0.27.0
502 silly packumentCache full:https://registry.npmjs.org/@esbuild%2fopenbsd-x64 cache-miss
503 http fetch GET 200 https://registry.npmjs.org/@esbuild%2fnetbsd-x64 54ms (cache revalidated)
504 silly packumentCache full:https://registry.npmjs.org/@esbuild%2fnetbsd-x64 set size:193883 disposed:false
505 silly fetch manifest @esbuild/win32-arm64@0.27.0
506 silly packumentCache full:https://registry.npmjs.org/@esbuild%2fwin32-arm64 cache-miss
507 http fetch GET 200 https://registry.npmjs.org/@esbuild%2flinux-ia32 58ms (cache revalidated)
508 silly packumentCache full:https://registry.npmjs.org/@esbuild%2flinux-ia32 set size:196150 disposed:false
509 silly fetch manifest @esbuild/darwin-arm64@0.27.0
510 silly packumentCache full:https://registry.npmjs.org/@esbuild%2fdarwin-arm64 cache-miss
511 http fetch GET 200 https://registry.npmjs.org/@esbuild%2fandroid-arm 38ms (cache revalidated)
512 silly packumentCache full:https://registry.npmjs.org/@esbuild%2fandroid-arm set size:221749 disposed:false
513 silly fetch manifest @esbuild/netbsd-arm64@0.27.0
514 silly packumentCache full:https://registry.npmjs.org/@esbuild%2fnetbsd-arm64 cache-miss
515 http fetch GET 200 https://registry.npmjs.org/@esbuild%2fandroid-x64 47ms (cache revalidated)
516 silly packumentCache full:https://registry.npmjs.org/@esbuild%2fandroid-x64 set size:195551 disposed:false
517 silly fetch manifest @esbuild/android-arm64@0.27.0
518 silly packumentCache full:https://registry.npmjs.org/@esbuild%2fandroid-arm64 cache-miss
519 http fetch GET 200 https://registry.npmjs.org/@esbuild%2ffreebsd-x64 47ms (cache revalidated)
520 silly packumentCache full:https://registry.npmjs.org/@esbuild%2ffreebsd-x64 set size:197070 disposed:false
521 silly fetch manifest @esbuild/freebsd-arm64@0.27.0
522 silly packumentCache full:https://registry.npmjs.org/@esbuild%2ffreebsd-arm64 cache-miss
523 http fetch GET 200 https://registry.npmjs.org/@esbuild%2flinux-arm64 48ms (cache revalidated)
524 silly packumentCache full:https://registry.npmjs.org/@esbuild%2flinux-arm64 set size:197274 disposed:false
525 silly fetch manifest @esbuild/linux-loong64@0.27.0
526 silly packumentCache full:https://registry.npmjs.org/@esbuild%2flinux-loong64 cache-miss
527 http fetch GET 200 https://registry.npmjs.org/@esbuild%2flinux-ppc64 47ms (cache revalidated)
528 silly packumentCache full:https://registry.npmjs.org/@esbuild%2flinux-ppc64 set size:199310 disposed:false
529 silly fetch manifest @esbuild/linux-riscv64@0.27.0
530 silly packumentCache full:https://registry.npmjs.org/@esbuild%2flinux-riscv64 cache-miss
531 http fetch GET 200 https://registry.npmjs.org/@esbuild%2flinux-s390x 46ms (cache revalidated)
532 silly packumentCache full:https://registry.npmjs.org/@esbuild%2flinux-s390x set size:198784 disposed:false
533 silly fetch manifest @esbuild/openbsd-arm64@0.27.0
534 silly packumentCache full:https://registry.npmjs.org/@esbuild%2fopenbsd-arm64 cache-miss
535 http fetch GET 200 https://registry.npmjs.org/@esbuild%2fopenbsd-x64 46ms (cache revalidated)
536 silly packumentCache full:https://registry.npmjs.org/@esbuild%2fopenbsd-x64 set size:197080 disposed:false
537 silly fetch manifest @esbuild/linux-mips64el@0.27.0
538 silly packumentCache full:https://registry.npmjs.org/@esbuild%2flinux-mips64el cache-miss
539 http fetch GET 200 https://registry.npmjs.org/@esbuild%2fwin32-arm64 51ms (cache revalidated)
540 silly packumentCache full:https://registry.npmjs.org/@esbuild%2fwin32-arm64 set size:197504 disposed:false
541 silly fetch manifest @esbuild/openharmony-arm64@0.27.0
542 silly packumentCache full:https://registry.npmjs.org/@esbuild%2fopenharmony-arm64 cache-miss
543 http fetch GET 200 https://registry.npmjs.org/@esbuild%2fdarwin-arm64 51ms (cache revalidated)
544 silly packumentCache full:https://registry.npmjs.org/@esbuild%2fdarwin-arm64 set size:197958 disposed:false
545 silly fetch manifest asynckit@^0.4.0
546 silly packumentCache full:https://registry.npmjs.org/asynckit cache-miss
547 http fetch GET 200 https://registry.npmjs.org/@esbuild%2fnetbsd-arm64 42ms (cache revalidated)
548 silly packumentCache full:https://registry.npmjs.org/@esbuild%2fnetbsd-arm64 set size:40794 disposed:false
549 silly fetch manifest combined-stream@^1.0.8
550 silly packumentCache full:https://registry.npmjs.org/combined-stream cache-miss
551 http fetch GET 200 https://registry.npmjs.org/@esbuild%2ffreebsd-arm64 42ms (cache revalidated)
552 silly packumentCache full:https://registry.npmjs.org/@esbuild%2ffreebsd-arm64 set size:198853 disposed:false
553 silly fetch manifest mime-types@^2.1.12
554 silly packumentCache full:https://registry.npmjs.org/mime-types cache-hit
555 silly fetch manifest lru-cache@^7.14.1
556 silly packumentCache full:https://registry.npmjs.org/lru-cache cache-miss
557 http fetch GET 200 https://registry.npmjs.org/@esbuild%2fopenbsd-arm64 39ms (cache revalidated)
558 silly packumentCache full:https://registry.npmjs.org/@esbuild%2fopenbsd-arm64 set size:46111 disposed:false
559 silly fetch manifest agent-base@^7.0.2
560 silly packumentCache full:https://registry.npmjs.org/agent-base cache-miss
561 http fetch GET 200 https://registry.npmjs.org/@edge-runtime%2fprimitives 642ms (cache revalidated)
562 silly packumentCache full:https://registry.npmjs.org/@edge-runtime%2fprimitives set size:307646 disposed:false
563 silly fetch manifest proxy-from-env@^1.1.0
564 silly packumentCache full:https://registry.npmjs.org/proxy-from-env cache-miss
565 http fetch GET 200 https://registry.npmjs.org/@esbuild%2fandroid-arm64 53ms (cache revalidated)
566 silly packumentCache full:https://registry.npmjs.org/@esbuild%2fandroid-arm64 set size:200684 disposed:false
567 silly fetch manifest pac-proxy-agent@^7.0.1
568 silly packumentCache full:https://registry.npmjs.org/pac-proxy-agent cache-miss
569 http fetch GET 200 https://registry.npmjs.org/asynckit 33ms (cache revalidated)
570 silly packumentCache full:https://registry.npmjs.org/asynckit set size:18932 disposed:false
571 silly fetch manifest http-proxy-agent@^7.0.1
572 silly packumentCache full:https://registry.npmjs.org/http-proxy-agent cache-miss
573 http fetch GET 200 https://registry.npmjs.org/@esbuild%2flinux-riscv64 49ms (cache revalidated)
574 silly packumentCache full:https://registry.npmjs.org/@esbuild%2flinux-riscv64 set size:198981 disposed:false
575 silly fetch manifest https-proxy-agent@^7.0.3
576 silly packumentCache full:https://registry.npmjs.org/https-proxy-agent cache-miss
577 http fetch GET 200 https://registry.npmjs.org/@esbuild%2flinux-loong64 53ms (cache revalidated)
578 silly packumentCache full:https://registry.npmjs.org/@esbuild%2flinux-loong64 set size:252211 disposed:false
579 silly fetch manifest socks-proxy-agent@^8.0.2
580 silly packumentCache full:https://registry.npmjs.org/socks-proxy-agent cache-miss
581 http fetch GET 200 https://registry.npmjs.org/@esbuild%2flinux-mips64el 48ms (cache revalidated)
582 silly packumentCache full:https://registry.npmjs.org/@esbuild%2flinux-mips64el set size:201062 disposed:false
583 silly fetch manifest @vercel/sandbox@1.9.0
584 silly packumentCache full:https://registry.npmjs.org/@vercel%2fsandbox cache-miss
585 http fetch GET 200 https://registry.npmjs.org/combined-stream 34ms (cache revalidated)
586 silly packumentCache full:https://registry.npmjs.org/combined-stream set size:40337 disposed:false
587 http fetch GET 200 https://registry.npmjs.org/@esbuild%2fopenharmony-arm64 45ms (cache revalidated)
588 silly packumentCache full:https://registry.npmjs.org/@esbuild%2fopenharmony-arm64 set size:29494 disposed:false
589 http fetch GET 200 https://registry.npmjs.org/lru-cache 36ms (cache revalidated)
590 silly packumentCache full:https://registry.npmjs.org/lru-cache set size:451987 disposed:false
591 http fetch GET 200 https://registry.npmjs.org/agent-base 38ms (cache revalidated)
592 silly packumentCache full:https://registry.npmjs.org/agent-base set size:72085 disposed:false
593 http fetch GET 200 https://registry.npmjs.org/https-proxy-agent 32ms (cache revalidated)
594 silly packumentCache full:https://registry.npmjs.org/https-proxy-agent set size:81258 disposed:false
595 http fetch GET 200 https://registry.npmjs.org/proxy-from-env 37ms (cache revalidated)
596 silly packumentCache full:https://registry.npmjs.org/proxy-from-env set size:21422 disposed:false
597 http fetch GET 200 https://registry.npmjs.org/pac-proxy-agent 36ms (cache revalidated)
598 silly packumentCache full:https://registry.npmjs.org/pac-proxy-agent set size:67079 disposed:false
599 http fetch GET 200 https://registry.npmjs.org/socks-proxy-agent 32ms (cache revalidated)
600 silly packumentCache full:https://registry.npmjs.org/socks-proxy-agent set size:104740 disposed:false
601 http fetch GET 200 https://registry.npmjs.org/http-proxy-agent 39ms (cache revalidated)
602 silly packumentCache full:https://registry.npmjs.org/http-proxy-agent set size:54849 disposed:false
603 http fetch GET 200 https://registry.npmjs.org/@esbuild%2fsunos-x64 216ms (cache revalidated)
604 silly packumentCache full:https://registry.npmjs.org/@esbuild%2fsunos-x64 set size:195721 disposed:false
605 http fetch GET 200 https://registry.npmjs.org/@vercel%2fgatsby-plugin-vercel-analytics 307ms (cache revalidated)
606 silly packumentCache full:https://registry.npmjs.org/@vercel%2fgatsby-plugin-vercel-analytics set size:43830 disposed:false
607 http fetch GET 200 https://registry.npmjs.org/@vercel%2ferror-utils 517ms (cache revalidated)
608 silly packumentCache full:https://registry.npmjs.org/@vercel%2ferror-utils set size:46123 disposed:false
609 http fetch GET 200 https://registry.npmjs.org/@vercel%2ferror-utils 447ms (cache revalidated)
610 silly packumentCache full:https://registry.npmjs.org/@vercel%2ferror-utils set size:46123 disposed:false
611 silly packumentCache full:https://registry.npmjs.org/@vercel%2ferror-utils dispose
612 http fetch GET 200 https://registry.npmjs.org/@vercel%2fgatsby-plugin-vercel-builder 296ms (cache revalidated)
613 silly packumentCache full:https://registry.npmjs.org/@vercel%2fgatsby-plugin-vercel-builder set size:681932 disposed:false
614 http fetch GET 200 https://registry.npmjs.org/@vercel%2fsandbox 308ms (cache revalidated)
615 silly packumentCache full:https://registry.npmjs.org/@vercel%2fsandbox set size:329986 disposed:false
616 silly placeDep ROOT @vercel/nft@1.5.0 OK for: @vercel/backends@0.7.2 want: 1.5.0
617 silly placeDep ROOT execa@3.2.0 OK for: @vercel/backends@0.7.2 want: 3.2.0
618 silly placeDep ROOT fs-extra@11.1.0 OK for: @vercel/backends@0.7.2 want: 11.1.0
619 silly placeDep ROOT oxc-transform@0.111.0 OK for: @vercel/backends@0.7.2 want: 0.111.0
620 silly placeDep ROOT path-to-regexp@8.3.0 OK for: @vercel/backends@0.7.2 want: 8.3.0
621 silly placeDep ROOT resolve.exports@2.0.3 OK for: @vercel/backends@0.7.2 want: 2.0.3
622 silly placeDep ROOT rolldown@1.0.0-rc.1 OK for: @vercel/backends@0.7.2 want: 1.0.0-rc.1
623 silly placeDep ROOT srvx@0.8.9 OK for: @vercel/backends@0.7.2 want: 0.8.9
624 silly placeDep ROOT tsx@4.21.0 OK for: @vercel/backends@0.7.2 want: 4.21.0
625 silly placeDep node_modules/@vercel/backends zod@3.22.4 OK for: @vercel/backends@0.7.2 want: 3.22.4
626 silly fetch manifest glob@^13.0.0
627 silly packumentCache full:https://registry.npmjs.org/glob cache-miss
628 silly fetch manifest bindings@^1.4.0
629 silly packumentCache full:https://registry.npmjs.org/bindings cache-miss
630 silly fetch manifest picomatch@^4.0.2
631 silly packumentCache full:https://registry.npmjs.org/picomatch cache-miss
632 silly fetch manifest async-sema@^3.1.1
633 silly packumentCache full:https://registry.npmjs.org/async-sema cache-miss
634 silly fetch manifest resolve-from@^5.0.0
635 silly packumentCache full:https://registry.npmjs.org/resolve-from cache-miss
636 silly fetch manifest estree-walker@2.0.2
637 silly packumentCache full:https://registry.npmjs.org/estree-walker cache-miss
638 silly fetch manifest node-gyp-build@^4.2.2
639 silly packumentCache full:https://registry.npmjs.org/node-gyp-build cache-miss
640 silly fetch manifest @rollup/pluginutils@^5.1.3
641 silly packumentCache full:https://registry.npmjs.org/@rollup%2fpluginutils cache-miss
642 silly fetch manifest @mapbox/node-pre-gyp@^2.0.0
643 silly packumentCache full:https://registry.npmjs.org/@mapbox%2fnode-pre-gyp cache-miss
644 silly fetch manifest acorn-import-attributes@^1.9.5
645 silly packumentCache full:https://registry.npmjs.org/acorn-import-attributes cache-miss
646 silly fetch manifest onetime@^5.1.0
647 silly packumentCache full:https://registry.npmjs.org/onetime cache-miss
648 silly fetch manifest is-stream@^2.0.0
649 silly packumentCache full:https://registry.npmjs.org/is-stream cache-miss
650 silly fetch manifest p-finally@^2.0.0
651 silly packumentCache full:https://registry.npmjs.org/p-finally cache-miss
652 silly fetch manifest get-stream@^5.0.0
653 silly packumentCache full:https://registry.npmjs.org/get-stream cache-miss
654 silly fetch manifest signal-exit@^3.0.2
655 silly packumentCache full:https://registry.npmjs.org/signal-exit cache-miss
656 http fetch GET 200 https://registry.npmjs.org/picomatch 35ms (cache revalidated)
657 silly packumentCache full:https://registry.npmjs.org/picomatch set size:126376 disposed:false
658 silly fetch manifest merge-stream@^2.0.0
659 silly packumentCache full:https://registry.npmjs.org/merge-stream cache-miss
660 http fetch GET 200 https://registry.npmjs.org/onetime 35ms (cache revalidated)
661 silly packumentCache full:https://registry.npmjs.org/onetime set size:32314 disposed:false
662 silly fetch manifest npm-run-path@^4.0.0
663 silly packumentCache full:https://registry.npmjs.org/npm-run-path cache-miss
664 http fetch GET 200 https://registry.npmjs.org/bindings 38ms (cache revalidated)
665 silly packumentCache full:https://registry.npmjs.org/bindings set size:31303 disposed:false
666 silly fetch manifest human-signals@^1.1.1
667 silly packumentCache full:https://registry.npmjs.org/human-signals cache-miss
668 http fetch GET 200 https://registry.npmjs.org/glob 41ms (cache revalidated)
669 silly packumentCache full:https://registry.npmjs.org/glob set size:469465 disposed:false
670 silly fetch manifest strip-final-newline@^2.0.0
671 silly packumentCache full:https://registry.npmjs.org/strip-final-newline cache-miss
672 http fetch GET 200 https://registry.npmjs.org/node-gyp-build 44ms (cache revalidated)
673 silly packumentCache full:https://registry.npmjs.org/node-gyp-build set size:84545 disposed:false
674 silly fetch manifest jsonfile@^6.0.1
675 silly packumentCache full:https://registry.npmjs.org/jsonfile cache-miss
676 http fetch GET 200 https://registry.npmjs.org/acorn-import-attributes 46ms (cache revalidated)
677 silly packumentCache full:https://registry.npmjs.org/acorn-import-attributes set size:16911 disposed:false
678 silly fetch manifest universalify@^2.0.0
679 silly packumentCache full:https://registry.npmjs.org/universalify cache-miss
680 http fetch GET 200 https://registry.npmjs.org/resolve-from 48ms (cache revalidated)
681 silly packumentCache full:https://registry.npmjs.org/resolve-from set size:12911 disposed:false
682 silly fetch manifest @oxc-transform/binding-darwin-x64@0.111.0
683 silly packumentCache full:https://registry.npmjs.org/@oxc-transform%2fbinding-darwin-x64 cache-miss
684 http fetch GET 200 https://registry.npmjs.org/estree-walker 50ms (cache revalidated)
685 silly packumentCache full:https://registry.npmjs.org/estree-walker set size:60887 disposed:false
686 silly fetch manifest @oxc-transform/binding-freebsd-x64@0.111.0
687 silly packumentCache full:https://registry.npmjs.org/@oxc-transform%2fbinding-freebsd-x64 cache-miss
688 http fetch GET 200 https://registry.npmjs.org/p-finally 50ms (cache revalidated)
689 silly packumentCache full:https://registry.npmjs.org/p-finally set size:11668 disposed:false
690 silly fetch manifest @oxc-transform/binding-wasm32-wasi@0.111.0
691 silly packumentCache full:https://registry.npmjs.org/@oxc-transform%2fbinding-wasm32-wasi cache-miss
692 http fetch GET 200 https://registry.npmjs.org/is-stream 51ms (cache revalidated)
693 silly packumentCache full:https://registry.npmjs.org/is-stream set size:18582 disposed:false
694 silly fetch manifest @oxc-transform/binding-darwin-arm64@0.111.0
695 silly packumentCache full:https://registry.npmjs.org/@oxc-transform%2fbinding-darwin-arm64 cache-miss
696 http fetch GET 200 https://registry.npmjs.org/signal-exit 53ms (cache revalidated)
697 silly packumentCache full:https://registry.npmjs.org/signal-exit set size:53489 disposed:false
698 silly fetch manifest @oxc-transform/binding-android-arm64@0.111.0
699 silly packumentCache full:https://registry.npmjs.org/@oxc-transform%2fbinding-android-arm64 cache-miss
700 http fetch GET 200 https://registry.npmjs.org/@mapbox%2fnode-pre-gyp 56ms (cache revalidated)
701 silly packumentCache full:https://registry.npmjs.org/@mapbox%2fnode-pre-gyp set size:134009 disposed:false
702 silly fetch manifest @oxc-transform/binding-linux-x64-gnu@0.111.0
703 silly packumentCache full:https://registry.npmjs.org/@oxc-transform%2fbinding-linux-x64-gnu cache-miss
704 http fetch GET 200 https://registry.npmjs.org/get-stream 56ms (cache revalidated)
705 silly packumentCache full:https://registry.npmjs.org/get-stream set size:57536 disposed:false
706 silly fetch manifest @oxc-transform/binding-linux-x64-musl@0.111.0
707 silly packumentCache full:https://registry.npmjs.org/@oxc-transform%2fbinding-linux-x64-musl cache-miss
708 http fetch GET 200 https://registry.npmjs.org/@rollup%2fpluginutils 59ms (cache revalidated)
709 silly packumentCache full:https://registry.npmjs.org/@rollup%2fpluginutils set size:118597 disposed:false
710 silly fetch manifest @oxc-transform/binding-win32-x64-msvc@0.111.0
711 silly packumentCache full:https://registry.npmjs.org/@oxc-transform%2fbinding-win32-x64-msvc cache-miss
712 http fetch GET 200 https://registry.npmjs.org/npm-run-path 40ms (cache revalidated)
713 silly packumentCache full:https://registry.npmjs.org/npm-run-path set size:33596 disposed:false
714 silly fetch manifest @oxc-transform/binding-linux-arm64-gnu@0.111.0
715 silly packumentCache full:https://registry.npmjs.org/@oxc-transform%2fbinding-linux-arm64-gnu cache-miss
716 http fetch GET 200 https://registry.npmjs.org/human-signals 42ms (cache revalidated)
717 silly packumentCache full:https://registry.npmjs.org/human-signals set size:47322 disposed:false
718 silly fetch manifest @oxc-transform/binding-linux-ppc64-gnu@0.111.0
719 silly packumentCache full:https://registry.npmjs.org/@oxc-transform%2fbinding-linux-ppc64-gnu cache-miss
720 http fetch GET 200 https://registry.npmjs.org/universalify 37ms (cache revalidated)
721 silly packumentCache full:https://registry.npmjs.org/universalify set size:19431 disposed:false
722 silly fetch manifest @oxc-transform/binding-linux-s390x-gnu@0.111.0
723 silly packumentCache full:https://registry.npmjs.org/@oxc-transform%2fbinding-linux-s390x-gnu cache-miss
724 http fetch GET 200 https://registry.npmjs.org/merge-stream 49ms (cache revalidated)
725 silly packumentCache full:https://registry.npmjs.org/merge-stream set size:22168 disposed:false
726 silly fetch manifest @oxc-transform/binding-win32-ia32-msvc@0.111.0
727 silly packumentCache full:https://registry.npmjs.org/@oxc-transform%2fbinding-win32-ia32-msvc cache-miss
728 http fetch GET 200 https://registry.npmjs.org/strip-final-newline 45ms (cache revalidated)
729 silly packumentCache full:https://registry.npmjs.org/strip-final-newline set size:9328 disposed:false
730 silly fetch manifest @oxc-transform/binding-android-arm-eabi@0.111.0
731 silly packumentCache full:https://registry.npmjs.org/@oxc-transform%2fbinding-android-arm-eabi cache-miss
732 http fetch GET 200 https://registry.npmjs.org/jsonfile 44ms (cache revalidated)
733 silly packumentCache full:https://registry.npmjs.org/jsonfile set size:53210 disposed:false
734 silly fetch manifest @oxc-transform/binding-linux-arm64-musl@0.111.0
735 silly packumentCache full:https://registry.npmjs.org/@oxc-transform%2fbinding-linux-arm64-musl cache-miss
736 http fetch GET 200 https://registry.npmjs.org/async-sema 202ms (cache revalidated)
737 silly packumentCache full:https://registry.npmjs.org/async-sema set size:46767 disposed:false
738 silly fetch manifest @oxc-transform/binding-win32-arm64-msvc@0.111.0
739 silly packumentCache full:https://registry.npmjs.org/@oxc-transform%2fbinding-win32-arm64-msvc cache-miss
740 http fetch GET 200 https://registry.npmjs.org/@oxc-transform%2fbinding-linux-x64-musl 292ms (cache revalidated)
741 silly packumentCache full:https://registry.npmjs.org/@oxc-transform%2fbinding-linux-x64-musl set size:276857 disposed:false
742 silly fetch manifest @oxc-transform/binding-linux-riscv64-gnu@0.111.0
743 silly packumentCache full:https://registry.npmjs.org/@oxc-transform%2fbinding-linux-riscv64-gnu cache-miss
744 http fetch GET 200 https://registry.npmjs.org/@oxc-transform%2fbinding-darwin-x64 305ms (cache revalidated)
745 silly packumentCache full:https://registry.npmjs.org/@oxc-transform%2fbinding-darwin-x64 set size:270013 disposed:false
746 silly fetch manifest @oxc-transform/binding-openharmony-arm64@0.111.0
747 silly packumentCache full:https://registry.npmjs.org/@oxc-transform%2fbinding-openharmony-arm64 cache-miss
748 http fetch GET 200 https://registry.npmjs.org/@oxc-transform%2fbinding-freebsd-x64 306ms (cache revalidated)
749 silly packumentCache full:https://registry.npmjs.org/@oxc-transform%2fbinding-freebsd-x64 set size:134198 disposed:false
750 silly fetch manifest @oxc-transform/binding-linux-riscv64-musl@0.111.0
751 silly packumentCache full:https://registry.npmjs.org/@oxc-transform%2fbinding-linux-riscv64-musl cache-miss
752 http fetch GET 200 https://registry.npmjs.org/@oxc-transform%2fbinding-darwin-arm64 306ms (cache revalidated)
753 silly packumentCache full:https://registry.npmjs.org/@oxc-transform%2fbinding-darwin-arm64 set size:274465 disposed:false
754 silly fetch manifest @oxc-transform/binding-linux-arm-gnueabihf@0.111.0
755 silly packumentCache full:https://registry.npmjs.org/@oxc-transform%2fbinding-linux-arm-gnueabihf cache-miss
756 http fetch GET 200 https://registry.npmjs.org/@oxc-transform%2fbinding-linux-x64-gnu 305ms (cache revalidated)
757 silly packumentCache full:https://registry.npmjs.org/@oxc-transform%2fbinding-linux-x64-gnu set size:275879 disposed:false
758 silly fetch manifest @oxc-transform/binding-linux-arm-musleabihf@0.111.0
759 silly packumentCache full:https://registry.npmjs.org/@oxc-transform%2fbinding-linux-arm-musleabihf cache-miss
760 http fetch GET 200 https://registry.npmjs.org/@oxc-transform%2fbinding-linux-s390x-gnu 284ms (cache revalidated)
761 silly packumentCache full:https://registry.npmjs.org/@oxc-transform%2fbinding-linux-s390x-gnu set size:137442 disposed:false
762 silly fetch manifest @oxc-project/types@=0.110.0
763 silly packumentCache full:https://registry.npmjs.org/@oxc-project%2ftypes cache-miss
764 http fetch GET 200 https://registry.npmjs.org/@oxc-transform%2fbinding-android-arm-eabi 291ms (cache revalidated)
765 silly packumentCache full:https://registry.npmjs.org/@oxc-transform%2fbinding-android-arm-eabi set size:52724 disposed:false
766 silly fetch manifest @rolldown/pluginutils@1.0.0-rc.1
767 silly packumentCache full:https://registry.npmjs.org/@rolldown%2fpluginutils cache-miss
768 http fetch GET 200 https://registry.npmjs.org/@oxc-transform%2fbinding-linux-ppc64-gnu 300ms (cache revalidated)
769 silly packumentCache full:https://registry.npmjs.org/@oxc-transform%2fbinding-linux-ppc64-gnu set size:52984 disposed:false
770 silly fetch manifest @rolldown/binding-darwin-x64@1.0.0-rc.1
771 silly packumentCache full:https://registry.npmjs.org/@rolldown%2fbinding-darwin-x64 cache-miss
772 http fetch GET 200 https://registry.npmjs.org/@oxc-transform%2fbinding-linux-arm64-musl 300ms (cache revalidated)
773 silly packumentCache full:https://registry.npmjs.org/@oxc-transform%2fbinding-linux-arm64-musl set size:281374 disposed:false
774 silly fetch manifest @rolldown/binding-freebsd-x64@1.0.0-rc.1
775 silly packumentCache full:https://registry.npmjs.org/@rolldown%2fbinding-freebsd-x64 cache-miss
776 http fetch GET 200 https://registry.npmjs.org/@oxc-project%2ftypes 43ms (cache revalidated)
777 silly packumentCache full:https://registry.npmjs.org/@oxc-project%2ftypes set size:226468 disposed:false
778 silly fetch manifest @rolldown/binding-wasm32-wasi@1.0.0-rc.1
779 silly packumentCache full:https://registry.npmjs.org/@rolldown%2fbinding-wasm32-wasi cache-miss
780 http fetch GET 200 https://registry.npmjs.org/@rolldown%2fpluginutils 46ms (cache revalidated)
781 silly packumentCache full:https://registry.npmjs.org/@rolldown%2fpluginutils set size:300388 disposed:false
782 silly fetch manifest @rolldown/binding-darwin-arm64@1.0.0-rc.1
783 silly packumentCache full:https://registry.npmjs.org/@rolldown%2fbinding-darwin-arm64 cache-miss
784 http fetch GET 200 https://registry.npmjs.org/@rolldown%2fbinding-darwin-x64 49ms (cache revalidated)
785 silly packumentCache full:https://registry.npmjs.org/@rolldown%2fbinding-darwin-x64 set size:1361814 disposed:false
786 silly fetch manifest @rolldown/binding-android-arm64@1.0.0-rc.1
787 silly packumentCache full:https://registry.npmjs.org/@rolldown%2fbinding-android-arm64 cache-miss
788 http fetch GET 200 https://registry.npmjs.org/@rolldown%2fbinding-freebsd-x64 51ms (cache revalidated)
789 silly packumentCache full:https://registry.npmjs.org/@rolldown%2fbinding-freebsd-x64 set size:1041454 disposed:false
790 silly fetch manifest @rolldown/binding-linux-x64-gnu@1.0.0-rc.1
791 silly packumentCache full:https://registry.npmjs.org/@rolldown%2fbinding-linux-x64-gnu cache-miss
792 http fetch GET 200 https://registry.npmjs.org/@rolldown%2fbinding-wasm32-wasi 40ms (cache revalidated)
793 silly packumentCache full:https://registry.npmjs.org/@rolldown%2fbinding-wasm32-wasi set size:1349470 disposed:false
794 silly fetch manifest @rolldown/binding-linux-x64-musl@1.0.0-rc.1
795 silly packumentCache full:https://registry.npmjs.org/@rolldown%2fbinding-linux-x64-musl cache-miss
796 http fetch GET 200 https://registry.npmjs.org/@rolldown%2fbinding-android-arm64 46ms (cache revalidated)
797 silly packumentCache full:https://registry.npmjs.org/@rolldown%2fbinding-android-arm64 set size:147855 disposed:false
798 silly fetch manifest @rolldown/binding-win32-x64-msvc@1.0.0-rc.1
799 silly packumentCache full:https://registry.npmjs.org/@rolldown%2fbinding-win32-x64-msvc cache-miss
800 http fetch GET 200 https://registry.npmjs.org/@rolldown%2fbinding-darwin-arm64 57ms (cache revalidated)
801 silly packumentCache full:https://registry.npmjs.org/@rolldown%2fbinding-darwin-arm64 set size:1373419 disposed:false
802 silly fetch manifest @rolldown/binding-linux-arm64-gnu@1.0.0-rc.1
803 silly packumentCache full:https://registry.npmjs.org/@rolldown%2fbinding-linux-arm64-gnu cache-miss
804 http fetch GET 200 https://registry.npmjs.org/@rolldown%2fbinding-linux-x64-gnu 58ms (cache revalidated)
805 silly packumentCache full:https://registry.npmjs.org/@rolldown%2fbinding-linux-x64-gnu set size:1386944 disposed:false
806 silly fetch manifest @rolldown/binding-linux-arm64-musl@1.0.0-rc.1
807 silly packumentCache full:https://registry.npmjs.org/@rolldown%2fbinding-linux-arm64-musl cache-miss
808 http fetch GET 200 https://registry.npmjs.org/@oxc-transform%2fbinding-win32-ia32-msvc 432ms (cache revalidated)
809 silly packumentCache full:https://registry.npmjs.org/@oxc-transform%2fbinding-win32-ia32-msvc set size:52516 disposed:false
810 silly fetch manifest @rolldown/binding-win32-arm64-msvc@1.0.0-rc.1
811 silly packumentCache full:https://registry.npmjs.org/@rolldown%2fbinding-win32-arm64-msvc cache-miss
812 http fetch GET 200 https://registry.npmjs.org/@oxc-transform%2fbinding-wasm32-wasi 469ms (cache revalidated)
813 silly packumentCache full:https://registry.npmjs.org/@oxc-transform%2fbinding-wasm32-wasi set size:173909 disposed:false
814 silly fetch manifest @rolldown/binding-openharmony-arm64@1.0.0-rc.1
815 silly packumentCache full:https://registry.npmjs.org/@rolldown%2fbinding-openharmony-arm64 cache-miss
816 http fetch GET 200 https://registry.npmjs.org/@oxc-transform%2fbinding-linux-arm64-gnu 449ms (cache revalidated)
817 silly packumentCache full:https://registry.npmjs.org/@oxc-transform%2fbinding-linux-arm64-gnu set size:280403 disposed:false
818 silly fetch manifest @rolldown/binding-linux-arm-gnueabihf@1.0.0-rc.1
819 silly packumentCache full:https://registry.npmjs.org/@rolldown%2fbinding-linux-arm-gnueabihf cache-miss
820 http fetch GET 200 https://registry.npmjs.org/@rolldown%2fbinding-linux-arm-gnueabihf 40ms (cache revalidated)
821 silly packumentCache full:https://registry.npmjs.org/@rolldown%2fbinding-linux-arm-gnueabihf set size:1408076 disposed:false
822 silly fetch manifest cookie-es@^2.0.0
823 silly packumentCache full:https://registry.npmjs.org/cookie-es cache-miss
824 http fetch GET 200 https://registry.npmjs.org/@rolldown%2fbinding-linux-arm64-musl 69ms (cache revalidated)
825 silly packumentCache full:https://registry.npmjs.org/@rolldown%2fbinding-linux-arm64-musl set size:1403170 disposed:false
826 silly fetch manifest fsevents@~2.3.3
827 silly packumentCache full:https://registry.npmjs.org/fsevents cache-miss
828 http fetch GET 200 https://registry.npmjs.org/cookie-es 32ms (cache revalidated)
829 silly packumentCache full:https://registry.npmjs.org/cookie-es set size:30011 disposed:false
830 http fetch GET 200 https://registry.npmjs.org/fsevents 27ms (cache revalidated)
831 silly packumentCache full:https://registry.npmjs.org/fsevents set size:182472 disposed:false
832 http fetch GET 200 https://registry.npmjs.org/@oxc-transform%2fbinding-linux-riscv64-musl 279ms (cache revalidated)
833 silly packumentCache full:https://registry.npmjs.org/@oxc-transform%2fbinding-linux-riscv64-musl set size:53568 disposed:false
834 http fetch GET 200 https://registry.npmjs.org/@oxc-transform%2fbinding-openharmony-arm64 283ms (cache revalidated)
835 silly packumentCache full:https://registry.npmjs.org/@oxc-transform%2fbinding-openharmony-arm64 set size:62351 disposed:false
836 http fetch GET 200 https://registry.npmjs.org/@oxc-transform%2fbinding-linux-arm-gnueabihf 282ms (cache revalidated)
837 silly packumentCache full:https://registry.npmjs.org/@oxc-transform%2fbinding-linux-arm-gnueabihf set size:172458 disposed:false
838 http fetch GET 200 https://registry.npmjs.org/@oxc-transform%2fbinding-win32-arm64-msvc 453ms (cache revalidated)
839 silly packumentCache full:https://registry.npmjs.org/@oxc-transform%2fbinding-win32-arm64-msvc set size:279139 disposed:false
840 http fetch GET 200 https://registry.npmjs.org/@rolldown%2fbinding-linux-x64-musl 201ms (cache revalidated)
841 silly packumentCache full:https://registry.npmjs.org/@rolldown%2fbinding-linux-x64-musl set size:1391572 disposed:false
842 http fetch GET 200 https://registry.npmjs.org/@oxc-transform%2fbinding-android-arm64 619ms (cache revalidated)
843 silly packumentCache full:https://registry.npmjs.org/@oxc-transform%2fbinding-android-arm64 set size:124533 disposed:false
844 http fetch GET 200 https://registry.npmjs.org/@rolldown%2fbinding-linux-arm64-gnu 226ms (cache revalidated)
845 silly packumentCache full:https://registry.npmjs.org/@rolldown%2fbinding-linux-arm64-gnu set size:1398588 disposed:false
846 http fetch GET 200 https://registry.npmjs.org/@rolldown%2fbinding-openharmony-arm64 205ms (cache revalidated)
847 silly packumentCache full:https://registry.npmjs.org/@rolldown%2fbinding-openharmony-arm64 set size:109509 disposed:false
848 http fetch GET 200 https://registry.npmjs.org/@rolldown%2fbinding-win32-x64-msvc 295ms (cache revalidated)
849 silly packumentCache full:https://registry.npmjs.org/@rolldown%2fbinding-win32-x64-msvc set size:1379681 disposed:false
850 http fetch GET 200 https://registry.npmjs.org/@oxc-transform%2fbinding-win32-x64-msvc 745ms (cache revalidated)
851 silly packumentCache full:https://registry.npmjs.org/@oxc-transform%2fbinding-win32-x64-msvc set size:274622 disposed:false
852 http fetch GET 200 https://registry.npmjs.org/@oxc-transform%2fbinding-linux-arm-musleabihf 452ms (cache revalidated)
853 silly packumentCache full:https://registry.npmjs.org/@oxc-transform%2fbinding-linux-arm-musleabihf set size:129063 disposed:false
854 http fetch GET 200 https://registry.npmjs.org/@rolldown%2fbinding-win32-arm64-msvc 429ms (cache revalidated)
855 silly packumentCache full:https://registry.npmjs.org/@rolldown%2fbinding-win32-arm64-msvc set size:1393664 disposed:false
856 http fetch GET 200 https://registry.npmjs.org/@oxc-transform%2fbinding-linux-riscv64-gnu 625ms (cache revalidated)
857 silly packumentCache full:https://registry.npmjs.org/@oxc-transform%2fbinding-linux-riscv64-gnu set size:138589 disposed:false
858 silly placeDep ROOT async-retry@1.3.3 OK for: @vercel/blob@2.4.0 want: ^1.3.3
859 silly placeDep ROOT is-buffer@2.0.5 OK for: @vercel/blob@2.4.0 want: ^2.0.5
860 silly placeDep ROOT is-node-process@1.2.0 OK for: @vercel/blob@2.4.0 want: ^1.2.0
861 silly placeDep ROOT throttleit@2.1.0 OK for: @vercel/blob@2.4.0 want: ^2.1.0
862 silly placeDep ROOT undici@6.26.0 OK for: @vercel/blob@2.4.0 want: ^6.23.0
863 silly fetch manifest retry@0.13.1
864 silly packumentCache full:https://registry.npmjs.org/retry cache-miss
865 http fetch GET 200 https://registry.npmjs.org/retry 24ms (cache revalidated)
866 silly packumentCache full:https://registry.npmjs.org/retry set size:31161 disposed:false
867 silly placeDep ROOT @vercel/python-analysis@0.11.1 OK for: @vercel/build-utils@13.26.1 want: 0.11.1
868 silly placeDep ROOT cjs-module-lexer@1.2.3 OK for: @vercel/build-utils@13.26.1 want: 1.2.3
869 silly placeDep ROOT es-module-lexer@1.5.0 OK for: @vercel/build-utils@13.26.1 want: 1.5.0
870 silly fetch manifest fs-extra@11.1.1
871 silly packumentCache full:https://registry.npmjs.org/fs-extra cache-hit
872 silly fetch manifest minimatch@10.1.1
873 silly packumentCache full:https://registry.npmjs.org/minimatch cache-miss
874 silly fetch manifest @renovatebot/pep440@4.2.1
875 silly packumentCache full:https://registry.npmjs.org/@renovatebot%2fpep440 cache-miss
876 silly fetch manifest @bytecodealliance/preview2-shim@0.17.6
877 silly packumentCache full:https://registry.npmjs.org/@bytecodealliance%2fpreview2-shim cache-miss
878 http fetch GET 200 https://registry.npmjs.org/minimatch 27ms (cache revalidated)
879 silly packumentCache full:https://registry.npmjs.org/minimatch set size:375282 disposed:false
880 http fetch GET 200 https://registry.npmjs.org/@bytecodealliance%2fpreview2-shim 272ms (cache revalidated)
881 silly packumentCache full:https://registry.npmjs.org/@bytecodealliance%2fpreview2-shim set size:101978 disposed:false
882 http fetch GET 200 https://registry.npmjs.org/@renovatebot%2fpep440 297ms (cache revalidated)
883 silly packumentCache full:https://registry.npmjs.org/@renovatebot%2fpep440 set size:163030 disposed:false
884 silly placeDep ROOT xdg-app-paths@5.5.1 OK for: @vercel/cli-config@0.1.2 want: 5
885 silly placeDep node_modules/@vercel/cli-config zod@4.1.11 OK for: @vercel/cli-config@0.1.2 want: 4.1.11
886 silly fetch manifest os-paths@^4.0.1
887 silly packumentCache full:https://registry.npmjs.org/os-paths cache-miss
888 silly fetch manifest xdg-portable@^7.2.0
889 silly packumentCache full:https://registry.npmjs.org/xdg-portable cache-miss
890 http fetch GET 200 https://registry.npmjs.org/xdg-portable 23ms (cache revalidated)
891 silly packumentCache full:https://registry.npmjs.org/xdg-portable set size:329210 disposed:false
892 http fetch GET 200 https://registry.npmjs.org/os-paths 425ms (cache revalidated)
893 silly packumentCache full:https://registry.npmjs.org/os-paths set size:337111 disposed:false
894 silly placeDep ROOT @vercel/static-config@3.3.0 OK for: @vercel/elysia@0.1.80 want: 3.3.0
895 silly fetch manifest ajv@8.6.3
896 silly packumentCache full:https://registry.npmjs.org/ajv cache-miss
897 silly fetch manifest json-schema-to-ts@1.6.4
898 silly packumentCache full:https://registry.npmjs.org/json-schema-to-ts cache-miss
899 http fetch GET 200 https://registry.npmjs.org/json-schema-to-ts 24ms (cache revalidated)
900 silly packumentCache full:https://registry.npmjs.org/json-schema-to-ts set size:287972 disposed:false
901 http fetch GET 200 https://registry.npmjs.org/ajv 28ms (cache revalidated)
902 silly packumentCache full:https://registry.npmjs.org/ajv set size:1142658 disposed:false
903 silly placeDep ROOT @vercel/cervel@0.1.7 OK for: @vercel/express@0.1.90 want: 0.1.7
904 silly placeDep ROOT ts-morph@12.0.0 OK for: @vercel/express@0.1.90 want: 12.0.0
905 silly placeDep node_modules/@vercel/express zod@3.22.4 OK for: @vercel/express@0.1.90 want: 3.22.4
906 silly fetch manifest @ts-morph/common@~0.11.0
907 silly packumentCache full:https://registry.npmjs.org/@ts-morph%2fcommon cache-miss
908 silly fetch manifest code-block-writer@^10.1.1
909 silly packumentCache full:https://registry.npmjs.org/code-block-writer cache-miss
910 http fetch GET 200 https://registry.npmjs.org/code-block-writer 24ms (cache revalidated)
911 silly packumentCache full:https://registry.npmjs.org/code-block-writer set size:203952 disposed:false
912 http fetch GET 200 https://registry.npmjs.org/@ts-morph%2fcommon 415ms (cache revalidated)
913 silly packumentCache full:https://registry.npmjs.org/@ts-morph%2fcommon set size:164227 disposed:false
914 silly fetch manifest encoding@^0.1.0
915 silly packumentCache full:https://registry.npmjs.org/encoding cache-miss
916 http fetch GET 200 https://registry.npmjs.org/encoding 24ms (cache revalidated)
917 silly packumentCache full:https://registry.npmjs.org/encoding set size:17833 disposed:false
918 silly placeDep ROOT @tootallnate/once@2.0.0 OK for: @vercel/fun@1.3.0 want: 2.0.0
919 silly placeDep ROOT async-listen@1.2.0 OK for: @vercel/fun@1.3.0 want: 1.2.0
920 silly placeDep node_modules/@vercel/fun debug@4.3.4 OK for: @vercel/fun@1.3.0 want: 4.3.4
921 silly placeDep ROOT generic-pool@3.4.2 OK for: @vercel/fun@1.3.0 want: 3.4.2
922 silly placeDep ROOT micro@9.3.5-canary.3 OK for: @vercel/fun@1.3.0 want: 9.3.5-canary.3
923 silly placeDep node_modules/@vercel/fun ms@2.1.1 OK for: @vercel/fun@1.3.0 want: 2.1.1
924 silly placeDep ROOT node-fetch@2.6.7 OK for: @vercel/fun@1.3.0 want: 2.6.7
925 silly placeDep node_modules/@vercel/fun path-to-regexp@8.2.0 OK for: @vercel/fun@1.3.0 want: 8.2.0
926 silly placeDep ROOT promisepipe@3.0.0 OK for: @vercel/fun@1.3.0 want: 3.0.0
927 silly placeDep node_modules/@vercel/fun semver@7.5.4 OK for: @vercel/fun@1.3.0 want: 7.5.4
928 silly placeDep ROOT stat-mode@0.3.0 OK for: @vercel/fun@1.3.0 want: 0.3.0
929 silly placeDep ROOT stream-to-promise@2.2.0 OK for: @vercel/fun@1.3.0 want: 2.2.0
930 silly placeDep ROOT tar@7.5.7 OK for: @vercel/fun@1.3.0 want: 7.5.7
931 silly placeDep ROOT tinyexec@0.3.2 OK for: @vercel/fun@1.3.0 want: 0.3.2
932 silly placeDep ROOT tree-kill@1.2.2 OK for: @vercel/fun@1.3.0 want: 1.2.2
933 silly placeDep ROOT uid-promise@1.0.0 OK for: @vercel/fun@1.3.0 want: 1.0.0
934 silly placeDep node_modules/@vercel/fun xdg-app-paths@5.1.0 OK for: @vercel/fun@1.3.0 want: 5.1.0
935 silly placeDep ROOT yauzl-promise@2.1.3 OK for: @vercel/fun@1.3.0 want: 2.1.3
936 silly fetch manifest ms@2.1.2
937 silly packumentCache full:https://registry.npmjs.org/ms cache-hit
938 silly fetch manifest arg@4.1.0
939 silly packumentCache full:https://registry.npmjs.org/arg cache-miss
940 silly fetch manifest raw-body@2.4.1
941 silly packumentCache full:https://registry.npmjs.org/raw-body cache-miss
942 silly fetch manifest content-type@1.0.4
943 silly packumentCache full:https://registry.npmjs.org/content-type cache-miss
944 silly fetch manifest whatwg-url@^5.0.0
945 silly packumentCache full:https://registry.npmjs.org/whatwg-url cache-miss
946 silly fetch manifest lru-cache@^6.0.0
947 silly packumentCache full:https://registry.npmjs.org/lru-cache cache-hit
948 silly fetch manifest any-promise@~1.3.0
949 silly packumentCache full:https://registry.npmjs.org/any-promise cache-miss
950 silly fetch manifest end-of-stream@~1.1.0
951 silly packumentCache full:https://registry.npmjs.org/end-of-stream cache-miss
952 silly fetch manifest stream-to-array@~2.3.0
953 silly packumentCache full:https://registry.npmjs.org/stream-to-array cache-miss
954 silly fetch manifest chownr@^3.0.0
955 silly packumentCache full:https://registry.npmjs.org/chownr cache-miss
956 silly fetch manifest yallist@^5.0.0
957 silly packumentCache full:https://registry.npmjs.org/yallist cache-miss
958 silly fetch manifest minipass@^7.1.2
959 silly packumentCache full:https://registry.npmjs.org/minipass cache-miss
960 silly fetch manifest minizlib@^3.1.0
961 silly packumentCache full:https://registry.npmjs.org/minizlib cache-miss
962 silly fetch manifest @isaacs/fs-minipass@^4.0.0
963 silly packumentCache full:https://registry.npmjs.org/@isaacs%2ffs-minipass cache-miss
964 silly fetch manifest xdg-portable@^7.0.0
965 silly packumentCache full:https://registry.npmjs.org/xdg-portable cache-hit
966 silly fetch manifest yauzl@^2.9.1
967 silly packumentCache full:https://registry.npmjs.org/yauzl cache-miss
968 silly fetch manifest yauzl-clone@^1.0.4
969 silly packumentCache full:https://registry.npmjs.org/yauzl-clone cache-miss
970 http fetch GET 200 https://registry.npmjs.org/raw-body 37ms (cache revalidated)
971 silly packumentCache full:https://registry.npmjs.org/raw-body set size:117822 disposed:false
972 http fetch GET 200 https://registry.npmjs.org/whatwg-url 40ms (cache revalidated)
973 silly packumentCache full:https://registry.npmjs.org/whatwg-url set size:170765 disposed:false
974 http fetch GET 200 https://registry.npmjs.org/chownr 41ms (cache revalidated)
975 silly packumentCache full:https://registry.npmjs.org/chownr set size:22157 disposed:false
976 http fetch GET 200 https://registry.npmjs.org/arg 45ms (cache revalidated)
977 silly packumentCache full:https://registry.npmjs.org/arg set size:67036 disposed:false
978 http fetch GET 200 https://registry.npmjs.org/minipass 44ms (cache revalidated)
979 silly packumentCache full:https://registry.npmjs.org/minipass set size:276925 disposed:false
980 http fetch GET 200 https://registry.npmjs.org/yallist 49ms (cache revalidated)
981 silly packumentCache full:https://registry.npmjs.org/yallist set size:34610 disposed:false
982 http fetch GET 200 https://registry.npmjs.org/yauzl 48ms (cache revalidated)
983 silly packumentCache full:https://registry.npmjs.org/yauzl set size:102820 disposed:false
984 http fetch GET 200 https://registry.npmjs.org/minizlib 52ms (cache revalidated)
985 silly packumentCache full:https://registry.npmjs.org/minizlib set size:62862 disposed:false
986 http fetch GET 200 https://registry.npmjs.org/end-of-stream 54ms (cache revalidated)
987 silly packumentCache full:https://registry.npmjs.org/end-of-stream set size:27842 disposed:false
988 http fetch GET 200 https://registry.npmjs.org/content-type 55ms (cache revalidated)
989 silly packumentCache full:https://registry.npmjs.org/content-type set size:18994 disposed:false
990 http fetch GET 200 https://registry.npmjs.org/any-promise 56ms (cache revalidated)
991 silly packumentCache full:https://registry.npmjs.org/any-promise set size:20233 disposed:false
992 http fetch GET 200 https://registry.npmjs.org/yauzl-clone 205ms (cache revalidated)
993 silly packumentCache full:https://registry.npmjs.org/yauzl-clone set size:25046 disposed:false
994 http fetch GET 200 https://registry.npmjs.org/stream-to-array 209ms (cache revalidated)
995 silly packumentCache full:https://registry.npmjs.org/stream-to-array set size:17179 disposed:false
996 http fetch GET 200 https://registry.npmjs.org/@isaacs%2ffs-minipass 295ms (cache revalidated)
997 silly packumentCache full:https://registry.npmjs.org/@isaacs%2ffs-minipass set size:7912 disposed:false
998 silly placeDep node_modules/@vercel/hono zod@3.22.4 OK for: @vercel/hono@0.2.83 want: 3.22.4
999 silly fetch manifest rollup@^1.20.0||^2.0.0||^3.0.0||^4.0.0
1000 silly packumentCache full:https://registry.npmjs.org/rollup cache-miss
1001 http fetch GET 200 https://registry.npmjs.org/rollup 39ms (cache revalidated)
1002 silly packumentCache full:https://registry.npmjs.org/rollup set size:6193699 disposed:false
1003 silly fetch manifest acorn@^8.6.0
1004 silly packumentCache full:https://registry.npmjs.org/acorn cache-miss
1005 http fetch GET 200 https://registry.npmjs.org/acorn 29ms (cache revalidated)
1006 silly packumentCache full:https://registry.npmjs.org/acorn set size:379626 disposed:false
1007 silly placeDep ROOT @mapbox/node-pre-gyp@2.0.3 OK for: @vercel/nft@1.5.0 want: ^2.0.0
1008 silly placeDep ROOT @rollup/pluginutils@5.3.0 OK for: @vercel/nft@1.5.0 want: ^5.1.3
1009 silly placeDep ROOT acorn-import-attributes@1.9.5 OK for: @vercel/nft@1.5.0 want: ^1.9.5
1010 silly placeDep ROOT async-sema@3.1.1 OK for: @vercel/nft@1.5.0 want: ^3.1.1
1011 silly placeDep ROOT bindings@1.5.0 OK for: @vercel/nft@1.5.0 want: ^1.4.0
1012 silly placeDep ROOT estree-walker@2.0.2 OK for: @vercel/nft@1.5.0 want: 2.0.2
1013 silly placeDep ROOT glob@13.0.6 OK for: @vercel/nft@1.5.0 want: ^13.0.0
1014 silly placeDep ROOT node-gyp-build@4.8.4 OK for: @vercel/nft@1.5.0 want: ^4.2.2
1015 silly placeDep node_modules/@vercel/nft picomatch@4.0.4 OK for: @vercel/nft@1.5.0 want: ^4.0.2
1016 silly placeDep node_modules/@vercel/nft resolve-from@5.0.0 OK for: @vercel/nft@1.5.0 want: ^5.0.0
1017 silly fetch manifest nopt@^8.0.0
1018 silly packumentCache full:https://registry.npmjs.org/nopt cache-miss
1019 silly fetch manifest semver@^7.5.3
1020 silly packumentCache full:https://registry.npmjs.org/semver cache-hit
1021 silly fetch manifest consola@^3.2.3
1022 silly packumentCache full:https://registry.npmjs.org/consola cache-miss
1023 silly fetch manifest https-proxy-agent@^7.0.5
1024 silly packumentCache full:https://registry.npmjs.org/https-proxy-agent cache-hit
1025 silly fetch manifest estree-walker@^2.0.2
1026 silly packumentCache full:https://registry.npmjs.org/estree-walker cache-hit
1027 silly fetch manifest file-uri-to-path@1.0.0
1028 silly packumentCache full:https://registry.npmjs.org/file-uri-to-path cache-miss
1029 silly fetch manifest minimatch@^10.2.2
1030 silly packumentCache full:https://registry.npmjs.org/minimatch cache-hit
1031 silly fetch manifest minipass@^7.1.3
1032 silly packumentCache full:https://registry.npmjs.org/minipass cache-hit
1033 silly fetch manifest path-scurry@^2.0.2
1034 silly packumentCache full:https://registry.npmjs.org/path-scurry cache-miss
1035 http fetch GET 200 https://registry.npmjs.org/nopt 29ms (cache revalidated)
1036 silly packumentCache full:https://registry.npmjs.org/nopt set size:74173 disposed:false
1037 http fetch GET 200 https://registry.npmjs.org/path-scurry 29ms (cache revalidated)
1038 silly packumentCache full:https://registry.npmjs.org/path-scurry set size:117612 disposed:false
1039 http fetch GET 200 https://registry.npmjs.org/file-uri-to-path 32ms (cache revalidated)
1040 silly packumentCache full:https://registry.npmjs.org/file-uri-to-path set size:10154 disposed:false
1041 http fetch GET 200 https://registry.npmjs.org/consola 34ms (cache revalidated)
1042 silly packumentCache full:https://registry.npmjs.org/consola set size:324648 disposed:false
1043 silly placeDep ROOT consola@3.4.2 OK for: @mapbox/node-pre-gyp@2.0.3 want: ^3.2.3
1044 silly placeDep ROOT https-proxy-agent@7.0.6 OK for: @mapbox/node-pre-gyp@2.0.3 want: ^7.0.5
1045 silly placeDep ROOT nopt@8.1.0 OK for: @mapbox/node-pre-gyp@2.0.3 want: ^8.0.0
1046 silly placeDep node_modules/@mapbox/node-pre-gyp semver@7.8.1 OK for: @mapbox/node-pre-gyp@2.0.3 want: ^7.5.3
1047 silly fetch manifest agent-base@^7.1.2
1048 silly packumentCache full:https://registry.npmjs.org/agent-base cache-hit
1049 silly fetch manifest abbrev@^3.0.0
1050 silly packumentCache full:https://registry.npmjs.org/abbrev cache-miss
1051 http fetch GET 200 https://registry.npmjs.org/abbrev 23ms (cache revalidated)
1052 silly packumentCache full:https://registry.npmjs.org/abbrev set size:24244 disposed:false
1053 silly placeDep node_modules/@rollup/pluginutils picomatch@4.0.4 OK for: @rollup/pluginutils@5.3.0 want: ^4.0.2
1054 silly placeDep ROOT @edge-runtime/node-utils@2.3.0 OK for: @vercel/node@5.8.4 want: 2.3.0
1055 silly placeDep ROOT @edge-runtime/primitives@4.1.0 OK for: @vercel/node@5.8.4 want: 4.1.0
1056 silly placeDep ROOT @edge-runtime/vm@3.2.0 OK for: @vercel/node@5.8.4 want: 3.2.0
1057 silly placeDep node_modules/@vercel/node @types/node@20.11.0 OK for: @vercel/node@5.8.4 want: 20.11.0
1058 silly placeDep ROOT @vercel/error-utils@2.1.0 OK for: @vercel/node@5.8.4 want: 2.1.0
1059 silly placeDep node_modules/@vercel/node async-listen@3.0.0 OK for: @vercel/node@5.8.4 want: 3.0.0
1060 silly placeDep ROOT edge-runtime@2.5.9 OK for: @vercel/node@5.8.4 want: 2.5.9
1061 silly placeDep node_modules/@vercel/node es-module-lexer@1.4.1 OK for: @vercel/node@5.8.4 want: 1.4.1
1062 silly placeDep ROOT etag@1.8.1 OK for: @vercel/node@5.8.4 want: 1.8.1
1063 silly placeDep ROOT mime-types@2.1.35 OK for: @vercel/node@5.8.4 want: 2.1.35
1064 silly placeDep node_modules/@vercel/node node-fetch@2.6.9 OK for: @vercel/node@5.8.4 want: 2.6.9
1065 silly placeDep node_modules/@vercel/node path-to-regexp@6.1.0 OK for: @vercel/node@5.8.4 want: 6.1.0
1066 silly placeDep ROOT path-to-regexp-updated@6.3.0 OK for: @vercel/node@5.8.4 want: npm:path-to-regexp@6.3.0
1067 silly placeDep node_modules/@vercel/node undici@5.28.4 OK for: @vercel/node@5.8.4 want: 5.28.4
1068 silly fetch manifest undici-types@~5.26.4
1069 silly packumentCache full:https://registry.npmjs.org/undici-types cache-miss
1070 silly fetch manifest mri@1.2.0
1071 silly packumentCache full:https://registry.npmjs.org/mri cache-miss
1072 silly fetch manifest pretty-ms@7.0.1
1073 silly packumentCache full:https://registry.npmjs.org/pretty-ms cache-miss
1074 silly fetch manifest time-span@4.0.0
1075 silly packumentCache full:https://registry.npmjs.org/time-span cache-miss
1076 silly fetch manifest picocolors@1.0.0
1077 silly packumentCache full:https://registry.npmjs.org/picocolors cache-miss
1078 silly fetch manifest signal-exit@4.0.2
1079 silly packumentCache full:https://registry.npmjs.org/signal-exit cache-hit
1080 silly fetch manifest async-listen@3.0.1
1081 silly packumentCache full:https://registry.npmjs.org/async-listen cache-hit
1082 silly fetch manifest @edge-runtime/format@2.2.1
1083 silly packumentCache full:https://registry.npmjs.org/@edge-runtime%2fformat cache-miss
1084 silly fetch manifest @edge-runtime/ponyfill@2.4.2
1085 silly packumentCache full:https://registry.npmjs.org/@edge-runtime%2fponyfill cache-miss
1086 silly fetch manifest mime-db@1.52.0
1087 silly packumentCache full:https://registry.npmjs.org/mime-db cache-miss
1088 silly fetch manifest @fastify/busboy@^2.0.0
1089 silly packumentCache full:https://registry.npmjs.org/@fastify%2fbusboy cache-miss
1090 http fetch GET 200 https://registry.npmjs.org/pretty-ms 29ms (cache revalidated)
1091 silly packumentCache full:https://registry.npmjs.org/pretty-ms set size:61783 disposed:false
1092 http fetch GET 200 https://registry.npmjs.org/time-span 31ms (cache revalidated)
1093 silly packumentCache full:https://registry.npmjs.org/time-span set size:18816 disposed:false
1094 http fetch GET 200 https://registry.npmjs.org/picocolors 33ms (cache revalidated)
1095 silly packumentCache full:https://registry.npmjs.org/picocolors set size:16648 disposed:false
1096 http fetch GET 200 https://registry.npmjs.org/mime-db 35ms (cache revalidated)
1097 silly packumentCache full:https://registry.npmjs.org/mime-db set size:164953 disposed:false
1098 http fetch GET 200 https://registry.npmjs.org/undici-types 40ms (cache updated)
1099 silly packumentCache full:https://registry.npmjs.org/undici-types set size:undefined disposed:false
1100 http fetch GET 200 https://registry.npmjs.org/@fastify%2fbusboy 40ms (cache revalidated)
1101 silly packumentCache full:https://registry.npmjs.org/@fastify%2fbusboy set size:62369 disposed:false
1102 http fetch GET 200 https://registry.npmjs.org/mri 202ms (cache revalidated)
1103 silly packumentCache full:https://registry.npmjs.org/mri set size:28195 disposed:false
1104 http fetch GET 200 https://registry.npmjs.org/@edge-runtime%2fponyfill 273ms (cache revalidated)
1105 silly packumentCache full:https://registry.npmjs.org/@edge-runtime%2fponyfill set size:65733 disposed:false
1106 http fetch GET 200 https://registry.npmjs.org/@edge-runtime%2fformat 440ms (cache revalidated)
1107 silly packumentCache full:https://registry.npmjs.org/@edge-runtime%2fformat set size:99857 disposed:false
1108 silly placeDep ROOT @bytecodealliance/preview2-shim@0.17.6 OK for: @vercel/python-analysis@0.11.1 want: 0.17.6
1109 silly placeDep ROOT @renovatebot/pep440@4.2.1 OK for: @vercel/python-analysis@0.11.1 want: 4.2.1
1110 silly placeDep node_modules/@vercel/python-analysis fs-extra@11.1.1 OK for: @vercel/python-analysis@0.11.1 want: 11.1.1
1111 silly placeDep node_modules/@vercel/python-analysis minimatch@10.1.1 OK for: @vercel/python-analysis@0.11.1 want: 10.1.1
1112 silly placeDep node_modules/@vercel/python-analysis zod@3.22.4 OK for: @vercel/python-analysis@0.11.1 want: 3.22.4
1113 silly fetch manifest @isaacs/brace-expansion@^5.0.0
1114 silly packumentCache full:https://registry.npmjs.org/@isaacs%2fbrace-expansion cache-miss
1115 http fetch GET 200 https://registry.npmjs.org/@isaacs%2fbrace-expansion 39ms (cache revalidated)
1116 silly packumentCache full:https://registry.npmjs.org/@isaacs%2fbrace-expansion set size:7366 disposed:false
1117 silly placeDep node_modules/@vercel/remix-builder path-to-regexp@6.1.0 OK for: @vercel/remix-builder@5.8.2 want: 6.1.0
1118 silly placeDep node_modules/@vercel/rust execa@5.1.1 OK for: @vercel/rust@1.2.0 want: 5
1119 silly fetch manifest onetime@^5.1.2
1120 silly packumentCache full:https://registry.npmjs.org/onetime cache-hit
1121 silly fetch manifest get-stream@^6.0.0
1122 silly packumentCache full:https://registry.npmjs.org/get-stream cache-hit
1123 silly fetch manifest signal-exit@^3.0.3
1124 silly packumentCache full:https://registry.npmjs.org/signal-exit cache-hit
1125 silly fetch manifest npm-run-path@^4.0.1
1126 silly packumentCache full:https://registry.npmjs.org/npm-run-path cache-hit
1127 silly fetch manifest human-signals@^2.1.0
1128 silly packumentCache full:https://registry.npmjs.org/human-signals cache-hit
1129 silly placeDep ROOT @vercel/gatsby-plugin-vercel-analytics@1.0.11 OK for: @vercel/static-build@2.9.30 want: 1.0.11
1130 silly placeDep ROOT @vercel/gatsby-plugin-vercel-builder@2.2.7 OK for: @vercel/static-build@2.9.30 want: 2.2.7
1131 silly fetch manifest web-vitals@0.2.4
1132 silly packumentCache full:https://registry.npmjs.org/web-vitals cache-miss
1133 silly fetch manifest @sinclair/typebox@0.25.24
1134 silly packumentCache full:https://registry.npmjs.org/@sinclair%2ftypebox cache-miss
1135 http fetch GET 200 https://registry.npmjs.org/web-vitals 23ms (cache revalidated)
1136 silly packumentCache full:https://registry.npmjs.org/web-vitals set size:517468 disposed:false
1137 http fetch GET 200 https://registry.npmjs.org/@sinclair%2ftypebox 206ms (cache revalidated)
1138 silly packumentCache full:https://registry.npmjs.org/@sinclair%2ftypebox set size:1230117 disposed:false
1139 silly placeDep ROOT web-vitals@0.2.4 OK for: @vercel/gatsby-plugin-vercel-analytics@1.0.11 want: 0.2.4
1140 silly placeDep ROOT @sinclair/typebox@0.25.24 OK for: @vercel/gatsby-plugin-vercel-builder@2.2.7 want: 0.25.24
1141 silly placeDep node_modules/@vercel/static-config ajv@8.6.3 OK for: @vercel/static-config@3.3.0 want: 8.6.3
1142 silly placeDep ROOT json-schema-to-ts@1.6.4 OK for: @vercel/static-config@3.3.0 want: 1.6.4
1143 silly fetch manifest require-from-string@^2.0.2
1144 silly packumentCache full:https://registry.npmjs.org/require-from-string cache-miss
1145 silly fetch manifest json-schema-traverse@^1.0.0
1146 silly packumentCache full:https://registry.npmjs.org/json-schema-traverse cache-miss
1147 silly fetch manifest ts-toolbelt@^6.15.5
1148 silly packumentCache full:https://registry.npmjs.org/ts-toolbelt cache-miss
1149 http fetch GET 200 https://registry.npmjs.org/require-from-string 26ms (cache revalidated)
1150 silly packumentCache full:https://registry.npmjs.org/require-from-string set size:15128 disposed:false
1151 http fetch GET 200 https://registry.npmjs.org/json-schema-traverse 27ms (cache revalidated)
1152 silly packumentCache full:https://registry.npmjs.org/json-schema-traverse set size:23537 disposed:false
1153 http fetch GET 200 https://registry.npmjs.org/ts-toolbelt 40ms (cache revalidated)
1154 silly packumentCache full:https://registry.npmjs.org/ts-toolbelt set size:10549005 disposed:false
1155 silly placeDep ROOT retry@0.13.1 OK for: async-retry@1.3.3 want: 0.13.1
1156 silly placeDep ROOT file-uri-to-path@1.0.0 OK for: bindings@1.5.0 want: 1.0.0
1157 silly placeDep ROOT readdirp@4.1.2 OK for: chokidar@4.0.0 want: ^4.0.1
1158 silly placeDep ROOT @edge-runtime/format@2.2.1 OK for: edge-runtime@2.5.9 want: 2.2.1
1159 silly placeDep ROOT @edge-runtime/ponyfill@2.4.2 OK for: edge-runtime@2.5.9 want: 2.4.2
1160 silly placeDep node_modules/edge-runtime async-listen@3.0.1 OK for: edge-runtime@2.5.9 want: 3.0.1
1161 silly placeDep ROOT mri@1.2.0 OK for: edge-runtime@2.5.9 want: 1.2.0
1162 silly placeDep node_modules/edge-runtime picocolors@1.0.0 OK for: edge-runtime@2.5.9 want: 1.0.0
1163 silly placeDep ROOT pretty-ms@7.0.1 OK for: edge-runtime@2.5.9 want: 7.0.1
1164 silly placeDep ROOT signal-exit@4.0.2 OK for: edge-runtime@2.5.9 want: 4.0.2
1165 silly placeDep ROOT time-span@4.0.0 OK for: edge-runtime@2.5.9 want: 4.0.0
1166 silly fetch manifest parse-ms@^2.1.0
1167 silly packumentCache full:https://registry.npmjs.org/parse-ms cache-miss
1168 silly fetch manifest convert-hrtime@^3.0.0
1169 silly packumentCache full:https://registry.npmjs.org/convert-hrtime cache-miss
1170 http fetch GET 200 https://registry.npmjs.org/parse-ms 28ms (cache revalidated)
1171 silly packumentCache full:https://registry.npmjs.org/parse-ms set size:18020 disposed:false
1172 http fetch GET 200 https://registry.npmjs.org/convert-hrtime 190ms (cache revalidated)
1173 silly packumentCache full:https://registry.npmjs.org/convert-hrtime set size:12856 disposed:false
1174 silly placeDep ROOT @esbuild/aix-ppc64@0.27.0 OK for: esbuild@0.27.0 want: 0.27.0
1175 silly placeDep ROOT @esbuild/android-arm@0.27.0 OK for: esbuild@0.27.0 want: 0.27.0
1176 silly placeDep ROOT @esbuild/android-arm64@0.27.0 OK for: esbuild@0.27.0 want: 0.27.0
1177 silly placeDep ROOT @esbuild/android-x64@0.27.0 OK for: esbuild@0.27.0 want: 0.27.0
1178 silly placeDep ROOT @esbuild/darwin-arm64@0.27.0 OK for: esbuild@0.27.0 want: 0.27.0
1179 silly placeDep ROOT @esbuild/darwin-x64@0.27.0 OK for: esbuild@0.27.0 want: 0.27.0
1180 silly placeDep ROOT @esbuild/freebsd-arm64@0.27.0 OK for: esbuild@0.27.0 want: 0.27.0
1181 silly placeDep ROOT @esbuild/freebsd-x64@0.27.0 OK for: esbuild@0.27.0 want: 0.27.0
1182 silly placeDep ROOT @esbuild/linux-arm@0.27.0 OK for: esbuild@0.27.0 want: 0.27.0
1183 silly placeDep ROOT @esbuild/linux-arm64@0.27.0 OK for: esbuild@0.27.0 want: 0.27.0
1184 silly placeDep ROOT @esbuild/linux-ia32@0.27.0 OK for: esbuild@0.27.0 want: 0.27.0
1185 silly placeDep ROOT @esbuild/linux-loong64@0.27.0 OK for: esbuild@0.27.0 want: 0.27.0
1186 silly placeDep ROOT @esbuild/linux-mips64el@0.27.0 OK for: esbuild@0.27.0 want: 0.27.0
1187 silly placeDep ROOT @esbuild/linux-ppc64@0.27.0 OK for: esbuild@0.27.0 want: 0.27.0
1188 silly placeDep ROOT @esbuild/linux-riscv64@0.27.0 OK for: esbuild@0.27.0 want: 0.27.0
1189 silly placeDep ROOT @esbuild/linux-s390x@0.27.0 OK for: esbuild@0.27.0 want: 0.27.0
1190 silly placeDep ROOT @esbuild/linux-x64@0.27.0 OK for: esbuild@0.27.0 want: 0.27.0
1191 silly placeDep ROOT @esbuild/netbsd-arm64@0.27.0 OK for: esbuild@0.27.0 want: 0.27.0
1192 silly placeDep ROOT @esbuild/netbsd-x64@0.27.0 OK for: esbuild@0.27.0 want: 0.27.0
1193 silly placeDep ROOT @esbuild/openbsd-arm64@0.27.0 OK for: esbuild@0.27.0 want: 0.27.0
1194 silly placeDep ROOT @esbuild/openbsd-x64@0.27.0 OK for: esbuild@0.27.0 want: 0.27.0
1195 silly placeDep ROOT @esbuild/openharmony-arm64@0.27.0 OK for: esbuild@0.27.0 want: 0.27.0
1196 silly placeDep ROOT @esbuild/sunos-x64@0.27.0 OK for: esbuild@0.27.0 want: 0.27.0
1197 silly placeDep ROOT @esbuild/win32-arm64@0.27.0 OK for: esbuild@0.27.0 want: 0.27.0
1198 silly placeDep ROOT @esbuild/win32-ia32@0.27.0 OK for: esbuild@0.27.0 want: 0.27.0
1199 silly placeDep ROOT @esbuild/win32-x64@0.27.0 OK for: esbuild@0.27.0 want: 0.27.0
1200 silly placeDep ROOT get-stream@5.2.0 OK for: execa@3.2.0 want: ^5.0.0
1201 silly placeDep ROOT human-signals@1.1.1 OK for: execa@3.2.0 want: ^1.1.1
1202 silly placeDep ROOT is-stream@2.0.1 OK for: execa@3.2.0 want: ^2.0.0
1203 silly placeDep ROOT merge-stream@2.0.0 OK for: execa@3.2.0 want: ^2.0.0
1204 silly placeDep ROOT npm-run-path@4.0.1 OK for: execa@3.2.0 want: ^4.0.0
1205 silly placeDep ROOT onetime@5.1.2 OK for: execa@3.2.0 want: ^5.1.0
1206 silly placeDep ROOT p-finally@2.0.1 OK for: execa@3.2.0 want: ^2.0.0
1207 silly placeDep node_modules/execa signal-exit@3.0.7 OK for: execa@3.2.0 want: ^3.0.2
1208 silly placeDep ROOT strip-final-newline@2.0.0 OK for: execa@3.2.0 want: ^2.0.0
1209 silly fetch manifest pump@^3.0.0
1210 silly packumentCache full:https://registry.npmjs.org/pump cache-miss
1211 silly fetch manifest mimic-fn@^2.1.0
1212 silly packumentCache full:https://registry.npmjs.org/mimic-fn cache-miss
1213 http fetch GET 200 https://registry.npmjs.org/mimic-fn 27ms (cache revalidated)
1214 silly packumentCache full:https://registry.npmjs.org/mimic-fn set size:22257 disposed:false
1215 http fetch GET 200 https://registry.npmjs.org/pump 28ms (cache revalidated)
1216 silly packumentCache full:https://registry.npmjs.org/pump set size:41178 disposed:false
1217 silly placeDep ROOT asynckit@0.4.0 OK for: form-data@4.0.5 want: ^0.4.0
1218 silly placeDep ROOT combined-stream@1.0.8 OK for: form-data@4.0.5 want: ^1.0.8
1219 silly fetch manifest delayed-stream@~1.0.0
1220 silly packumentCache full:https://registry.npmjs.org/delayed-stream cache-miss
1221 http fetch GET 200 https://registry.npmjs.org/delayed-stream 25ms (cache revalidated)
1222 silly packumentCache full:https://registry.npmjs.org/delayed-stream set size:15820 disposed:false
1223 silly placeDep ROOT delayed-stream@1.0.0 OK for: combined-stream@1.0.8 want: ~1.0.0
1224 silly placeDep ROOT jsonfile@6.2.1 OK for: fs-extra@11.1.0 want: ^6.0.1
1225 silly placeDep ROOT universalify@2.0.1 OK for: fs-extra@11.1.0 want: ^2.0.0
1226 silly placeDep ROOT pump@3.0.4 OK for: get-stream@5.2.0 want: ^3.0.0
1227 silly fetch manifest end-of-stream@^1.1.0
1228 silly packumentCache full:https://registry.npmjs.org/end-of-stream cache-hit
1229 silly fetch manifest once@^1.3.1
1230 silly packumentCache full:https://registry.npmjs.org/once cache-miss
1231 http fetch GET 200 https://registry.npmjs.org/once 24ms (cache revalidated)
1232 silly packumentCache full:https://registry.npmjs.org/once set size:11752 disposed:false
1233 silly placeDep node_modules/glob minimatch@10.2.5 OK for: glob@13.0.6 want: ^10.2.2
1234 silly placeDep ROOT minipass@7.1.3 OK for: glob@13.0.6 want: ^7.1.3
1235 silly placeDep ROOT path-scurry@2.0.2 OK for: glob@13.0.6 want: ^2.0.2
1236 silly fetch manifest brace-expansion@^5.0.5
1237 silly packumentCache full:https://registry.npmjs.org/brace-expansion cache-miss
1238 silly fetch manifest lru-cache@^11.0.0
1239 silly packumentCache full:https://registry.npmjs.org/lru-cache cache-hit
1240 http fetch GET 200 https://registry.npmjs.org/brace-expansion 27ms (cache revalidated)
1241 silly packumentCache full:https://registry.npmjs.org/brace-expansion set size:70127 disposed:false
1242 silly placeDep ROOT agent-base@7.1.4 OK for: https-proxy-agent@7.0.6 want: ^7.1.2
1243 silly placeDep ROOT ts-toolbelt@6.15.5 OK for: json-schema-to-ts@1.6.4 want: ^6.15.5
1244 silly placeDep ROOT arg@4.1.0 OK for: micro@9.3.5-canary.3 want: 4.1.0
1245 silly placeDep ROOT content-type@1.0.4 OK for: micro@9.3.5-canary.3 want: 1.0.4
1246 silly placeDep ROOT raw-body@2.4.1 OK for: micro@9.3.5-canary.3 want: 2.4.1
1247 silly fetch manifest bytes@3.1.0
1248 silly packumentCache full:https://registry.npmjs.org/bytes cache-miss
1249 silly fetch manifest unpipe@1.0.0
1250 silly packumentCache full:https://registry.npmjs.org/unpipe cache-miss
1251 silly fetch manifest iconv-lite@0.4.24
1252 silly packumentCache full:https://registry.npmjs.org/iconv-lite cache-miss
1253 silly fetch manifest http-errors@1.7.3
1254 silly packumentCache full:https://registry.npmjs.org/http-errors cache-miss
1255 http fetch GET 200 https://registry.npmjs.org/bytes 25ms (cache revalidated)
1256 silly packumentCache full:https://registry.npmjs.org/bytes set size:37018 disposed:false
1257 http fetch GET 200 https://registry.npmjs.org/unpipe 25ms (cache revalidated)
1258 silly packumentCache full:https://registry.npmjs.org/unpipe set size:3609 disposed:false
1259 http fetch GET 200 https://registry.npmjs.org/iconv-lite 26ms (cache revalidated)
1260 silly packumentCache full:https://registry.npmjs.org/iconv-lite set size:120557 disposed:false
1261 http fetch GET 200 https://registry.npmjs.org/http-errors 28ms (cache revalidated)
1262 silly packumentCache full:https://registry.npmjs.org/http-errors set size:71987 disposed:false
1263 silly placeDep ROOT mime-db@1.52.0 OK for: mime-types@2.1.35 want: 1.52.0
1264 silly placeDep ROOT whatwg-url@5.0.0 OK for: node-fetch@2.6.7 want: ^5.0.0
1265 silly fetch manifest tr46@~0.0.3
1266 silly packumentCache full:https://registry.npmjs.org/tr46 cache-miss
1267 silly fetch manifest webidl-conversions@^3.0.0
1268 silly packumentCache full:https://registry.npmjs.org/webidl-conversions cache-miss
1269 http fetch GET 200 https://registry.npmjs.org/webidl-conversions 22ms (cache revalidated)
1270 silly packumentCache full:https://registry.npmjs.org/webidl-conversions set size:46073 disposed:false
1271 http fetch GET 200 https://registry.npmjs.org/tr46 34ms (cache revalidated)
1272 silly packumentCache full:https://registry.npmjs.org/tr46 set size:47377 disposed:false
1273 silly placeDep ROOT abbrev@3.0.1 OK for: nopt@8.1.0 want: ^3.0.0
1274 silly placeDep ROOT mimic-fn@2.1.0 OK for: onetime@5.1.2 want: ^2.1.0
1275 silly placeDep ROOT @oxc-transform/binding-android-arm-eabi@0.111.0 OK for: oxc-transform@0.111.0 want: 0.111.0
1276 silly placeDep ROOT @oxc-transform/binding-android-arm64@0.111.0 OK for: oxc-transform@0.111.0 want: 0.111.0
1277 silly placeDep ROOT @oxc-transform/binding-darwin-arm64@0.111.0 OK for: oxc-transform@0.111.0 want: 0.111.0
1278 silly placeDep ROOT @oxc-transform/binding-darwin-x64@0.111.0 OK for: oxc-transform@0.111.0 want: 0.111.0
1279 silly placeDep ROOT @oxc-transform/binding-freebsd-x64@0.111.0 OK for: oxc-transform@0.111.0 want: 0.111.0
1280 silly placeDep ROOT @oxc-transform/binding-linux-arm-gnueabihf@0.111.0 OK for: oxc-transform@0.111.0 want: 0.111.0
1281 silly placeDep ROOT @oxc-transform/binding-linux-arm-musleabihf@0.111.0 OK for: oxc-transform@0.111.0 want: 0.111.0
1282 silly placeDep ROOT @oxc-transform/binding-linux-arm64-gnu@0.111.0 OK for: oxc-transform@0.111.0 want: 0.111.0
1283 silly placeDep ROOT @oxc-transform/binding-linux-arm64-musl@0.111.0 OK for: oxc-transform@0.111.0 want: 0.111.0
1284 silly placeDep ROOT @oxc-transform/binding-linux-ppc64-gnu@0.111.0 OK for: oxc-transform@0.111.0 want: 0.111.0
1285 silly placeDep ROOT @oxc-transform/binding-linux-riscv64-gnu@0.111.0 OK for: oxc-transform@0.111.0 want: 0.111.0
1286 silly placeDep ROOT @oxc-transform/binding-linux-riscv64-musl@0.111.0 OK for: oxc-transform@0.111.0 want: 0.111.0
1287 silly placeDep ROOT @oxc-transform/binding-linux-s390x-gnu@0.111.0 OK for: oxc-transform@0.111.0 want: 0.111.0
1288 silly placeDep ROOT @oxc-transform/binding-linux-x64-gnu@0.111.0 OK for: oxc-transform@0.111.0 want: 0.111.0
1289 silly placeDep ROOT @oxc-transform/binding-linux-x64-musl@0.111.0 OK for: oxc-transform@0.111.0 want: 0.111.0
1290 silly placeDep ROOT @oxc-transform/binding-openharmony-arm64@0.111.0 OK for: oxc-transform@0.111.0 want: 0.111.0
1291 silly placeDep ROOT @oxc-transform/binding-wasm32-wasi@0.111.0 OK for: oxc-transform@0.111.0 want: 0.111.0
1292 silly placeDep ROOT @oxc-transform/binding-win32-arm64-msvc@0.111.0 OK for: oxc-transform@0.111.0 want: 0.111.0
1293 silly placeDep ROOT @oxc-transform/binding-win32-ia32-msvc@0.111.0 OK for: oxc-transform@0.111.0 want: 0.111.0
1294 silly placeDep ROOT @oxc-transform/binding-win32-x64-msvc@0.111.0 OK for: oxc-transform@0.111.0 want: 0.111.0
1295 silly fetch manifest @napi-rs/wasm-runtime@^1.1.1
1296 silly packumentCache full:https://registry.npmjs.org/@napi-rs%2fwasm-runtime cache-miss
1297 http fetch GET 200 https://registry.npmjs.org/@napi-rs%2fwasm-runtime 41ms (cache revalidated)
1298 silly packumentCache full:https://registry.npmjs.org/@napi-rs%2fwasm-runtime set size:71273 disposed:false
1299 silly fetch manifest @emnapi/core@^1.7.1
1300 silly packumentCache full:https://registry.npmjs.org/@emnapi%2fcore cache-miss
1301 http fetch GET 200 https://registry.npmjs.org/@emnapi%2fcore 34ms (cache revalidated)
1302 silly packumentCache full:https://registry.npmjs.org/@emnapi%2fcore set size:108001 disposed:false
1303 silly fetch manifest @emnapi/runtime@^1.7.1
1304 silly packumentCache full:https://registry.npmjs.org/@emnapi%2fruntime cache-miss
1305 http fetch GET 200 https://registry.npmjs.org/@emnapi%2fruntime 36ms (cache revalidated)
1306 silly packumentCache full:https://registry.npmjs.org/@emnapi%2fruntime set size:109985 disposed:false
1307 silly placeDep node_modules/@oxc-transform/binding-wasm32-wasi @napi-rs/wasm-runtime@1.1.4 OK for: @oxc-transform/binding-wasm32-wasi@0.111.0 want: ^1.1.1
1308 silly placeDep node_modules/path-scurry lru-cache@11.5.0 OK for: path-scurry@2.0.2 want: ^11.0.0
1309 silly placeDep ROOT parse-ms@2.1.0 OK for: pretty-ms@7.0.1 want: ^2.1.0
1310 silly placeDep ROOT http-proxy-agent@7.0.2 OK for: proxy-agent@6.4.0 want: ^7.0.1
1311 silly placeDep node_modules/proxy-agent lru-cache@7.18.3 OK for: proxy-agent@6.4.0 want: ^7.14.1
1312 silly placeDep ROOT pac-proxy-agent@7.2.0 OK for: proxy-agent@6.4.0 want: ^7.0.1
1313 silly placeDep ROOT proxy-from-env@1.1.0 OK for: proxy-agent@6.4.0 want: ^1.1.0
1314 silly placeDep ROOT socks-proxy-agent@8.0.5 OK for: proxy-agent@6.4.0 want: ^8.0.2
1315 silly fetch manifest get-uri@^6.0.1
1316 silly packumentCache full:https://registry.npmjs.org/get-uri cache-miss
1317 silly fetch manifest pac-resolver@^7.0.1
1318 silly packumentCache full:https://registry.npmjs.org/pac-resolver cache-miss
1319 silly fetch manifest socks-proxy-agent@^8.0.5
1320 silly packumentCache full:https://registry.npmjs.org/socks-proxy-agent cache-hit
1321 silly fetch manifest @tootallnate/quickjs-emscripten@^0.23.0
1322 silly packumentCache full:https://registry.npmjs.org/@tootallnate%2fquickjs-emscripten cache-miss
1323 silly fetch manifest socks@^2.8.3
1324 silly packumentCache full:https://registry.npmjs.org/socks cache-miss
1325 http fetch GET 200 https://registry.npmjs.org/pac-resolver 29ms (cache revalidated)
1326 silly packumentCache full:https://registry.npmjs.org/pac-resolver set size:61269 disposed:false
1327 http fetch GET 200 https://registry.npmjs.org/socks 30ms (cache revalidated)
1328 silly packumentCache full:https://registry.npmjs.org/socks set size:173143 disposed:false
1329 http fetch GET 200 https://registry.npmjs.org/get-uri 33ms (cache revalidated)
1330 silly packumentCache full:https://registry.npmjs.org/get-uri set size:62423 disposed:false
1331 http fetch GET 200 https://registry.npmjs.org/@tootallnate%2fquickjs-emscripten 51ms (cache revalidated)
1332 silly packumentCache full:https://registry.npmjs.org/@tootallnate%2fquickjs-emscripten set size:27622 disposed:false
1333 silly placeDep ROOT @tootallnate/quickjs-emscripten@0.23.0 OK for: pac-proxy-agent@7.2.0 want: ^0.23.0
1334 silly placeDep ROOT get-uri@6.0.5 OK for: pac-proxy-agent@7.2.0 want: ^6.0.1
1335 silly placeDep ROOT pac-resolver@7.0.1 OK for: pac-proxy-agent@7.2.0 want: ^7.0.1
1336 silly fetch manifest basic-ftp@^5.0.2
1337 silly packumentCache full:https://registry.npmjs.org/basic-ftp cache-miss
1338 silly fetch manifest data-uri-to-buffer@^6.0.2
1339 silly packumentCache full:https://registry.npmjs.org/data-uri-to-buffer cache-miss
1340 silly fetch manifest netmask@^2.0.2
1341 silly packumentCache full:https://registry.npmjs.org/netmask cache-miss
1342 silly fetch manifest degenerator@^5.0.0
1343 silly packumentCache full:https://registry.npmjs.org/degenerator cache-miss
1344 http fetch GET 200 https://registry.npmjs.org/data-uri-to-buffer 27ms (cache revalidated)
1345 silly packumentCache full:https://registry.npmjs.org/data-uri-to-buffer set size:48018 disposed:false
1346 http fetch GET 200 https://registry.npmjs.org/netmask 28ms (cache revalidated)
1347 silly packumentCache full:https://registry.npmjs.org/netmask set size:25703 disposed:false
1348 http fetch GET 200 https://registry.npmjs.org/degenerator 29ms (cache revalidated)
1349 silly packumentCache full:https://registry.npmjs.org/degenerator set size:77133 disposed:false
1350 http fetch GET 200 https://registry.npmjs.org/basic-ftp 32ms (cache revalidated)
1351 silly packumentCache full:https://registry.npmjs.org/basic-ftp set size:297552 disposed:false
1352 silly placeDep ROOT basic-ftp@5.3.1 OK for: get-uri@6.0.5 want: ^5.0.2
1353 silly placeDep ROOT data-uri-to-buffer@6.0.2 OK for: get-uri@6.0.5 want: ^6.0.2
1354 silly placeDep ROOT degenerator@5.0.1 OK for: pac-resolver@7.0.1 want: ^5.0.0
1355 silly placeDep ROOT netmask@2.1.1 OK for: pac-resolver@7.0.1 want: ^2.0.2
1356 silly fetch manifest esprima@^4.0.1
1357 silly packumentCache full:https://registry.npmjs.org/esprima cache-miss
1358 silly fetch manifest ast-types@^0.13.4
1359 silly packumentCache full:https://registry.npmjs.org/ast-types cache-miss
1360 silly fetch manifest escodegen@^2.1.0
1361 silly packumentCache full:https://registry.npmjs.org/escodegen cache-miss
1362 http fetch GET 200 https://registry.npmjs.org/escodegen 25ms (cache revalidated)
1363 silly packumentCache full:https://registry.npmjs.org/escodegen set size:119723 disposed:false
1364 http fetch GET 200 https://registry.npmjs.org/esprima 27ms (cache revalidated)
1365 silly packumentCache full:https://registry.npmjs.org/esprima set size:118410 disposed:false
1366 http fetch GET 200 https://registry.npmjs.org/ast-types 28ms (cache revalidated)
1367 silly packumentCache full:https://registry.npmjs.org/ast-types set size:443020 disposed:false
1368 silly placeDep ROOT ast-types@0.13.4 OK for: degenerator@5.0.1 want: ^0.13.4
1369 silly placeDep ROOT escodegen@2.1.0 OK for: degenerator@5.0.1 want: ^2.1.0
1370 silly placeDep ROOT esprima@4.0.1 OK for: degenerator@5.0.1 want: ^4.0.1
1371 silly fetch manifest source-map@~0.6.1
1372 silly packumentCache full:https://registry.npmjs.org/source-map cache-miss
1373 http fetch GET 200 https://registry.npmjs.org/source-map 25ms (cache revalidated)
1374 silly packumentCache full:https://registry.npmjs.org/source-map set size:226212 disposed:false
1375 silly placeDep ROOT source-map@0.6.1 OK for: escodegen@2.1.0 want: ~0.6.1
1376 silly placeDep ROOT end-of-stream@1.4.5 OK for: pump@3.0.4 want: ^1.1.0
1377 silly placeDep ROOT once@1.4.0 OK for: pump@3.0.4 want: ^1.3.1
1378 silly fetch manifest once@^1.4.0
1379 silly packumentCache full:https://registry.npmjs.org/once cache-hit
1380 silly fetch manifest wrappy@1
1381 silly packumentCache full:https://registry.npmjs.org/wrappy cache-miss
1382 http fetch GET 200 https://registry.npmjs.org/wrappy 23ms (cache revalidated)
1383 silly packumentCache full:https://registry.npmjs.org/wrappy set size:7682 disposed:false
1384 silly placeDep ROOT wrappy@1.0.2 OK for: once@1.4.0 want: 1
1385 silly placeDep ROOT bytes@3.1.0 OK for: raw-body@2.4.1 want: 3.1.0
1386 silly placeDep ROOT http-errors@1.7.3 OK for: raw-body@2.4.1 want: 1.7.3
1387 silly placeDep ROOT iconv-lite@0.4.24 OK for: raw-body@2.4.1 want: 0.4.24
1388 silly placeDep ROOT unpipe@1.0.0 OK for: raw-body@2.4.1 want: 1.0.0
1389 silly fetch manifest depd@~1.1.2
1390 silly packumentCache full:https://registry.npmjs.org/depd cache-miss
1391 silly fetch manifest inherits@2.0.4
1392 silly packumentCache full:https://registry.npmjs.org/inherits cache-miss
1393 silly fetch manifest statuses@>= 1.5.0 < 2
1394 silly packumentCache full:https://registry.npmjs.org/statuses cache-miss
1395 silly fetch manifest toidentifier@1.0.0
1396 silly packumentCache full:https://registry.npmjs.org/toidentifier cache-miss
1397 silly fetch manifest setprototypeof@1.1.1
1398 silly packumentCache full:https://registry.npmjs.org/setprototypeof cache-miss
1399 silly fetch manifest safer-buffer@>= 2.1.2 < 3
1400 silly packumentCache full:https://registry.npmjs.org/safer-buffer cache-miss
1401 http fetch GET 200 https://registry.npmjs.org/depd 26ms (cache revalidated)
1402 silly packumentCache full:https://registry.npmjs.org/depd set size:40182 disposed:false
1403 http fetch GET 200 https://registry.npmjs.org/statuses 28ms (cache revalidated)
1404 silly packumentCache full:https://registry.npmjs.org/statuses set size:37117 disposed:false
1405 http fetch GET 200 https://registry.npmjs.org/setprototypeof 27ms (cache revalidated)
1406 silly packumentCache full:https://registry.npmjs.org/setprototypeof set size:14532 disposed:false
1407 http fetch GET 200 https://registry.npmjs.org/toidentifier 31ms (cache revalidated)
1408 silly packumentCache full:https://registry.npmjs.org/toidentifier set size:12006 disposed:false
1409 http fetch GET 200 https://registry.npmjs.org/inherits 31ms (cache revalidated)
1410 silly packumentCache full:https://registry.npmjs.org/inherits set size:12925 disposed:false
1411 http fetch GET 200 https://registry.npmjs.org/safer-buffer 31ms (cache revalidated)
1412 silly packumentCache full:https://registry.npmjs.org/safer-buffer set size:18521 disposed:false
1413 silly placeDep ROOT depd@1.1.2 OK for: http-errors@1.7.3 want: ~1.1.2
1414 silly placeDep ROOT inherits@2.0.4 OK for: http-errors@1.7.3 want: 2.0.4
1415 silly placeDep ROOT setprototypeof@1.1.1 OK for: http-errors@1.7.3 want: 1.1.1
1416 silly placeDep ROOT statuses@1.5.0 OK for: http-errors@1.7.3 want: >= 1.5.0 < 2
1417 silly placeDep ROOT toidentifier@1.0.0 OK for: http-errors@1.7.3 want: 1.0.0
1418 silly placeDep ROOT safer-buffer@2.1.2 OK for: iconv-lite@0.4.24 want: >= 2.1.2 < 3
1419 silly placeDep ROOT @oxc-project/types@0.110.0 OK for: rolldown@1.0.0-rc.1 want: =0.110.0
1420 silly placeDep ROOT @rolldown/binding-android-arm64@1.0.0-rc.1 OK for: rolldown@1.0.0-rc.1 want: 1.0.0-rc.1
1421 silly placeDep ROOT @rolldown/binding-darwin-arm64@1.0.0-rc.1 OK for: rolldown@1.0.0-rc.1 want: 1.0.0-rc.1
1422 silly placeDep ROOT @rolldown/binding-darwin-x64@1.0.0-rc.1 OK for: rolldown@1.0.0-rc.1 want: 1.0.0-rc.1
1423 silly placeDep ROOT @rolldown/binding-freebsd-x64@1.0.0-rc.1 OK for: rolldown@1.0.0-rc.1 want: 1.0.0-rc.1
1424 silly placeDep ROOT @rolldown/binding-linux-arm-gnueabihf@1.0.0-rc.1 OK for: rolldown@1.0.0-rc.1 want: 1.0.0-rc.1
1425 silly placeDep ROOT @rolldown/binding-linux-arm64-gnu@1.0.0-rc.1 OK for: rolldown@1.0.0-rc.1 want: 1.0.0-rc.1
1426 silly placeDep ROOT @rolldown/binding-linux-arm64-musl@1.0.0-rc.1 OK for: rolldown@1.0.0-rc.1 want: 1.0.0-rc.1
1427 silly placeDep ROOT @rolldown/binding-linux-x64-gnu@1.0.0-rc.1 OK for: rolldown@1.0.0-rc.1 want: 1.0.0-rc.1
1428 silly placeDep ROOT @rolldown/binding-linux-x64-musl@1.0.0-rc.1 OK for: rolldown@1.0.0-rc.1 want: 1.0.0-rc.1
1429 silly placeDep ROOT @rolldown/binding-openharmony-arm64@1.0.0-rc.1 OK for: rolldown@1.0.0-rc.1 want: 1.0.0-rc.1
1430 silly placeDep ROOT @rolldown/binding-wasm32-wasi@1.0.0-rc.1 OK for: rolldown@1.0.0-rc.1 want: 1.0.0-rc.1
1431 silly placeDep ROOT @rolldown/binding-win32-arm64-msvc@1.0.0-rc.1 OK for: rolldown@1.0.0-rc.1 want: 1.0.0-rc.1
1432 silly placeDep ROOT @rolldown/binding-win32-x64-msvc@1.0.0-rc.1 OK for: rolldown@1.0.0-rc.1 want: 1.0.0-rc.1
1433 silly placeDep ROOT @rolldown/pluginutils@1.0.0-rc.1 OK for: rolldown@1.0.0-rc.1 want: 1.0.0-rc.1
1434 silly placeDep node_modules/@rolldown/binding-wasm32-wasi @napi-rs/wasm-runtime@1.1.4 OK for: @rolldown/binding-wasm32-wasi@1.0.0-rc.1 want: ^1.1.1
1435 silly placeDep ROOT @vercel/sandbox@1.9.0 OK for: sandbox@2.5.6 want: 1.9.0
1436 silly fetch manifest zod@3.24.4
1437 silly packumentCache full:https://registry.npmjs.org/zod cache-miss
1438 silly fetch manifest undici@^7.16.0
1439 silly packumentCache full:https://registry.npmjs.org/undici cache-miss
1440 silly fetch manifest jsonlines@0.1.1
1441 silly packumentCache full:https://registry.npmjs.org/jsonlines cache-miss
1442 silly fetch manifest tar-stream@3.1.7
1443 silly packumentCache full:https://registry.npmjs.org/tar-stream cache-miss
1444 silly fetch manifest @vercel/oidc@3.2.0
1445 silly packumentCache full:https://registry.npmjs.org/@vercel%2foidc cache-miss
1446 http cache https://registry.npmjs.org/undici 9ms (cache hit)
1447 silly packumentCache full:https://registry.npmjs.org/undici set size:1396737 disposed:false
1448 http cache https://registry.npmjs.org/zod 20ms (cache hit)
1449 silly packumentCache full:https://registry.npmjs.org/zod set size:3552562 disposed:false
1450 http fetch GET 200 https://registry.npmjs.org/tar-stream 36ms (cache revalidated)
1451 silly packumentCache full:https://registry.npmjs.org/tar-stream set size:137875 disposed:false
1452 http fetch GET 200 https://registry.npmjs.org/jsonlines 37ms (cache revalidated)
1453 silly packumentCache full:https://registry.npmjs.org/jsonlines set size:5449 disposed:false
1454 http fetch GET 200 https://registry.npmjs.org/@vercel%2foidc 273ms (cache revalidated)
1455 silly packumentCache full:https://registry.npmjs.org/@vercel%2foidc set size:61228 disposed:false
1456 silly placeDep ROOT @vercel/oidc@3.2.0 OK for: @vercel/sandbox@1.9.0 want: 3.2.0
1457 silly placeDep ROOT jsonlines@0.1.1 OK for: @vercel/sandbox@1.9.0 want: 0.1.1
1458 silly placeDep ROOT tar-stream@3.1.7 OK for: @vercel/sandbox@1.9.0 want: 3.1.7
1459 silly placeDep node_modules/@vercel/sandbox undici@7.26.0 OK for: @vercel/sandbox@1.9.0 want: ^7.16.0
1460 silly placeDep node_modules/@vercel/sandbox xdg-app-paths@5.1.0 OK for: @vercel/sandbox@1.9.0 want: 5.1.0
1461 silly placeDep node_modules/@vercel/sandbox zod@3.24.4 OK for: @vercel/sandbox@1.9.0 want: 3.24.4
1462 silly fetch manifest b4a@^1.6.4
1463 silly packumentCache full:https://registry.npmjs.org/b4a cache-miss
1464 silly fetch manifest streamx@^2.15.0
1465 silly packumentCache full:https://registry.npmjs.org/streamx cache-miss
1466 silly fetch manifest fast-fifo@^1.2.0
1467 silly packumentCache full:https://registry.npmjs.org/fast-fifo cache-miss
1468 http fetch GET 200 https://registry.npmjs.org/streamx 26ms (cache revalidated)
1469 silly packumentCache full:https://registry.npmjs.org/streamx set size:160396 disposed:false
1470 http fetch GET 200 https://registry.npmjs.org/fast-fifo 29ms (cache revalidated)
1471 silly packumentCache full:https://registry.npmjs.org/fast-fifo set size:13855 disposed:false
1472 http fetch GET 200 https://registry.npmjs.org/b4a 193ms (cache revalidated)
1473 silly packumentCache full:https://registry.npmjs.org/b4a set size:71632 disposed:false
1474 silly placeDep ROOT socks@2.8.9 OK for: socks-proxy-agent@8.0.5 want: ^2.8.3
1475 silly fetch manifest ip-address@^10.1.1
1476 silly packumentCache full:https://registry.npmjs.org/ip-address cache-miss
1477 silly fetch manifest smart-buffer@^4.2.0
1478 silly packumentCache full:https://registry.npmjs.org/smart-buffer cache-miss
1479 http fetch GET 200 https://registry.npmjs.org/smart-buffer 22ms (cache revalidated)
1480 silly packumentCache full:https://registry.npmjs.org/smart-buffer set size:87065 disposed:false
1481 http fetch GET 200 https://registry.npmjs.org/ip-address 24ms (cache revalidated)
1482 silly packumentCache full:https://registry.npmjs.org/ip-address set size:171530 disposed:false
1483 silly placeDep ROOT ip-address@10.2.0 OK for: socks@2.8.9 want: ^10.1.1
1484 silly placeDep ROOT smart-buffer@4.2.0 OK for: socks@2.8.9 want: ^4.2.0
1485 silly placeDep ROOT cookie-es@2.0.1 OK for: srvx@0.8.9 want: ^2.0.0
1486 silly placeDep ROOT any-promise@1.3.0 OK for: stream-to-promise@2.2.0 want: ~1.3.0
1487 silly placeDep node_modules/stream-to-promise end-of-stream@1.1.0 OK for: stream-to-promise@2.2.0 want: ~1.1.0
1488 silly placeDep ROOT stream-to-array@2.3.0 OK for: stream-to-promise@2.2.0 want: ~2.3.0
1489 silly fetch manifest once@~1.3.0
1490 silly packumentCache full:https://registry.npmjs.org/once cache-hit
1491 silly placeDep ROOT @isaacs/fs-minipass@4.0.1 OK for: tar@7.5.7 want: ^4.0.0
1492 silly placeDep ROOT chownr@3.0.0 OK for: tar@7.5.7 want: ^3.0.0
1493 silly placeDep ROOT minizlib@3.1.0 OK for: tar@7.5.7 want: ^3.1.0
1494 silly placeDep node_modules/tar yallist@5.0.0 OK for: tar@7.5.7 want: ^5.0.0
1495 silly fetch manifest react-native-b4a@*
1496 silly packumentCache full:https://registry.npmjs.org/react-native-b4a cache-miss
1497 http fetch GET 200 https://registry.npmjs.org/react-native-b4a 26ms (cache revalidated)
1498 silly packumentCache full:https://registry.npmjs.org/react-native-b4a set size:12027 disposed:false
1499 silly fetch manifest react@*
1500 silly packumentCache full:https://registry.npmjs.org/react cache-miss
1501 http fetch GET 200 https://registry.npmjs.org/react 26ms (cache revalidated)
1502 silly packumentCache full:https://registry.npmjs.org/react set size:6650647 disposed:false
1503 silly fetch manifest react-native@*
1504 silly packumentCache full:https://registry.npmjs.org/react-native cache-miss
1505 http fetch GET 200 https://registry.npmjs.org/react-native 48ms (cache revalidated)
1506 silly packumentCache full:https://registry.npmjs.org/react-native set size:15288618 disposed:false
1507 silly fetch manifest @react-native/jest-preset@0.85.3
1508 silly packumentCache full:https://registry.npmjs.org/@react-native%2fjest-preset cache-miss
1509 http fetch GET 200 https://registry.npmjs.org/@react-native%2fjest-preset 39ms (cache revalidated)
1510 silly packumentCache full:https://registry.npmjs.org/@react-native%2fjest-preset set size:173316 disposed:false
1511 silly fetch manifest @types/react@^19.1.1
1512 silly packumentCache full:https://registry.npmjs.org/@types%2freact cache-miss
1513 http fetch GET 200 https://registry.npmjs.org/@types%2freact 35ms (cache revalidated)
1514 silly packumentCache full:https://registry.npmjs.org/@types%2freact set size:2607900 disposed:false
1515 silly placeDep ROOT b4a@1.8.1 OK for: tar-stream@3.1.7 want: ^1.6.4
1516 silly placeDep ROOT fast-fifo@1.3.2 OK for: tar-stream@3.1.7 want: ^1.2.0
1517 silly placeDep ROOT streamx@2.25.0 OK for: tar-stream@3.1.7 want: ^2.15.0
1518 silly fetch manifest events-universal@^1.0.0
1519 silly packumentCache full:https://registry.npmjs.org/events-universal cache-miss
1520 silly fetch manifest text-decoder@^1.1.0
1521 silly packumentCache full:https://registry.npmjs.org/text-decoder cache-miss
1522 http fetch GET 200 https://registry.npmjs.org/text-decoder 30ms (cache revalidated)
1523 silly packumentCache full:https://registry.npmjs.org/text-decoder set size:22264 disposed:false
1524 http fetch GET 200 https://registry.npmjs.org/events-universal 33ms (cache revalidated)
1525 silly packumentCache full:https://registry.npmjs.org/events-universal set size:4251 disposed:false
1526 silly placeDep ROOT events-universal@1.0.1 OK for: streamx@2.25.0 want: ^1.0.0
1527 silly placeDep ROOT text-decoder@1.2.7 OK for: streamx@2.25.0 want: ^1.1.0
1528 silly fetch manifest bare-events@^2.7.0
1529 silly packumentCache full:https://registry.npmjs.org/bare-events cache-miss
1530 http fetch GET 200 https://registry.npmjs.org/bare-events 25ms (cache revalidated)
1531 silly packumentCache full:https://registry.npmjs.org/bare-events set size:47201 disposed:false
1532 silly fetch manifest bare-abort-controller@*
1533 silly packumentCache full:https://registry.npmjs.org/bare-abort-controller cache-miss
1534 http fetch GET 200 https://registry.npmjs.org/bare-abort-controller 27ms (cache revalidated)
1535 silly packumentCache full:https://registry.npmjs.org/bare-abort-controller set size:11265 disposed:false
1536 silly placeDep ROOT bare-events@2.8.3 OK for: events-universal@1.0.1 want: ^2.7.0
1537 silly placeDep ROOT convert-hrtime@3.0.0 OK for: time-span@4.0.0 want: ^3.0.0
1538 silly placeDep ROOT @ts-morph/common@0.11.1 OK for: ts-morph@12.0.0 want: ~0.11.0
1539 silly placeDep ROOT code-block-writer@10.1.1 OK for: ts-morph@12.0.0 want: ^10.1.1
1540 silly fetch manifest mkdirp@^1.0.4
1541 silly packumentCache full:https://registry.npmjs.org/mkdirp cache-miss
1542 silly fetch manifest path-browserify@^1.0.1
1543 silly packumentCache full:https://registry.npmjs.org/path-browserify cache-miss
1544 http fetch GET 200 https://registry.npmjs.org/mkdirp 25ms (cache revalidated)
1545 silly packumentCache full:https://registry.npmjs.org/mkdirp set size:116431 disposed:false
1546 http fetch GET 200 https://registry.npmjs.org/path-browserify 27ms (cache revalidated)
1547 silly packumentCache full:https://registry.npmjs.org/path-browserify set size:17399 disposed:false
1548 silly placeDep ROOT mkdirp@1.0.4 OK for: @ts-morph/common@0.11.1 want: ^1.0.4
1549 silly placeDep ROOT path-browserify@1.0.1 OK for: @ts-morph/common@0.11.1 want: ^1.0.1
1550 silly placeDep ROOT fsevents@2.3.3 OK for: tsx@4.21.0 want: ~2.3.3
1551 silly placeDep ROOT tr46@0.0.3 OK for: whatwg-url@5.0.0 want: ~0.0.3
1552 silly placeDep ROOT webidl-conversions@3.0.1 OK for: whatwg-url@5.0.0 want: ^3.0.0
1553 silly placeDep ROOT os-paths@4.4.0 OK for: xdg-app-paths@5.5.1 want: ^4.0.1
1554 silly placeDep ROOT xdg-portable@7.3.0 OK for: xdg-app-paths@5.5.1 want: ^7.2.0
1555 silly placeDep ROOT yauzl@2.10.0 OK for: yauzl-promise@2.1.3 want: ^2.9.1
1556 silly placeDep ROOT yauzl-clone@1.0.4 OK for: yauzl-promise@2.1.3 want: ^1.0.4
1557 silly fetch manifest fd-slicer@~1.1.0
1558 silly packumentCache full:https://registry.npmjs.org/fd-slicer cache-miss
1559 silly fetch manifest buffer-crc32@~0.2.3
1560 silly packumentCache full:https://registry.npmjs.org/buffer-crc32 cache-miss
1561 silly fetch manifest events-intercept@^2.0.0
1562 silly packumentCache full:https://registry.npmjs.org/events-intercept cache-miss
1563 http fetch GET 200 https://registry.npmjs.org/fd-slicer 29ms (cache revalidated)
1564 silly packumentCache full:https://registry.npmjs.org/fd-slicer set size:25525 disposed:false
1565 http fetch GET 200 https://registry.npmjs.org/buffer-crc32 32ms (cache revalidated)
1566 silly packumentCache full:https://registry.npmjs.org/buffer-crc32 set size:58100 disposed:false
1567 http fetch GET 200 https://registry.npmjs.org/events-intercept 33ms (cache revalidated)
1568 silly packumentCache full:https://registry.npmjs.org/events-intercept set size:17802 disposed:false
1569 silly placeDep ROOT buffer-crc32@0.2.13 OK for: yauzl@2.10.0 want: ~0.2.3
1570 silly placeDep ROOT fd-slicer@1.1.0 OK for: yauzl@2.10.0 want: ~1.1.0
1571 silly fetch manifest pend@~1.2.0
1572 silly packumentCache full:https://registry.npmjs.org/pend cache-miss
1573 http fetch GET 200 https://registry.npmjs.org/pend 22ms (cache revalidated)
1574 silly packumentCache full:https://registry.npmjs.org/pend set size:8066 disposed:false
1575 silly placeDep ROOT pend@1.2.0 OK for: fd-slicer@1.1.0 want: ~1.2.0
1576 silly placeDep ROOT events-intercept@2.0.0 OK for: yauzl-clone@1.0.4 want: ^2.0.0
1577 silly placeDep node_modules/@vercel/fun/node_modules/debug ms@2.1.2 OK for: debug@4.3.4 want: 2.1.2
1578 silly placeDep node_modules/@vercel/fun lru-cache@6.0.0 OK for: semver@7.5.4 want: ^6.0.0
1579 silly fetch manifest yallist@^4.0.0
1580 silly packumentCache full:https://registry.npmjs.org/yallist cache-hit
1581 silly placeDep node_modules/@vercel/fun yallist@4.0.0 OK for: lru-cache@6.0.0 want: ^4.0.0
1582 silly placeDep node_modules/@vercel/node undici-types@5.26.5 OK for: @types/node@20.11.0 want: ~5.26.4
1583 silly placeDep ROOT @fastify/busboy@2.1.1 OK for: undici@5.28.4 want: ^2.0.0
1584 silly placeDep ROOT @isaacs/brace-expansion@5.0.1 OK for: minimatch@10.1.1 want: ^5.0.0
1585 silly fetch manifest @isaacs/balanced-match@^4.0.1
1586 silly packumentCache full:https://registry.npmjs.org/@isaacs%2fbalanced-match cache-miss
1587 http fetch GET 200 https://registry.npmjs.org/@isaacs%2fbalanced-match 605ms (cache revalidated)
1588 silly packumentCache full:https://registry.npmjs.org/@isaacs%2fbalanced-match set size:7823 disposed:false
1589 silly placeDep ROOT @isaacs/balanced-match@4.0.1 OK for: @isaacs/brace-expansion@5.0.1 want: ^4.0.1
1590 silly placeDep node_modules/@vercel/rust get-stream@6.0.1 OK for: execa@5.1.1 want: ^6.0.0
1591 silly placeDep node_modules/@vercel/rust human-signals@2.1.0 OK for: execa@5.1.1 want: ^2.1.0
1592 silly placeDep node_modules/@vercel/rust signal-exit@3.0.7 OK for: execa@5.1.1 want: ^3.0.3
1593 silly placeDep node_modules/@vercel/static-config json-schema-traverse@1.0.0 OK for: ajv@8.6.3 want: ^1.0.0
1594 silly placeDep ROOT require-from-string@2.0.2 OK for: ajv@8.6.3 want: ^2.0.2
1595 silly placeDep node_modules/glob brace-expansion@5.0.6 OK for: minimatch@10.2.5 want: ^5.0.5
1596 silly fetch manifest balanced-match@^4.0.2
1597 silly packumentCache full:https://registry.npmjs.org/balanced-match cache-miss
1598 http fetch GET 200 https://registry.npmjs.org/balanced-match 22ms (cache revalidated)
1599 silly packumentCache full:https://registry.npmjs.org/balanced-match set size:39082 disposed:false
1600 silly placeDep node_modules/glob balanced-match@4.0.4 OK for: brace-expansion@5.0.6 want: ^4.0.2
1601 silly placeDep node_modules/stream-to-promise once@1.3.3 OK for: end-of-stream@1.1.0 want: ~1.3.0
1602 silly reify moves {}
1603 silly audit bulk request {
1603 silly audit   '@alloc/quick-lru': [ '5.2.0' ],
1603 silly audit   '@babel/code-frame': [ '7.29.0' ],
1603 silly audit   '@babel/compat-data': [ '7.29.0' ],
1603 silly audit   '@babel/core': [ '7.29.0' ],
1603 silly audit   '@babel/generator': [ '7.29.1' ],
1603 silly audit   '@babel/helper-compilation-targets': [ '7.28.6' ],
1603 silly audit   '@babel/helper-globals': [ '7.28.0' ],
1603 silly audit   '@babel/helper-module-imports': [ '7.28.6' ],
1603 silly audit   '@babel/helper-module-transforms': [ '7.28.6' ],
1603 silly audit   '@babel/helper-string-parser': [ '7.27.1' ],
1603 silly audit   '@babel/helper-validator-identifier': [ '7.28.5' ],
1603 silly audit   '@babel/helper-validator-option': [ '7.27.1' ],
1603 silly audit   '@babel/helpers': [ '7.29.2' ],
1603 silly audit   '@babel/parser': [ '7.29.2' ],
1603 silly audit   '@babel/template': [ '7.28.6' ],
1603 silly audit   '@babel/traverse': [ '7.29.0' ],
1603 silly audit   '@babel/types': [ '7.29.0' ],
1603 silly audit   '@emnapi/core': [ '1.10.0' ],
1603 silly audit   '@emnapi/runtime': [ '1.10.0' ],
1603 silly audit   '@emnapi/wasi-threads': [ '1.2.1' ],
1603 silly audit   '@eslint-community/eslint-utils': [ '4.9.1' ],
1603 silly audit   'eslint-visitor-keys': [ '3.4.3', '5.0.1', '4.2.1' ],
1603 silly audit   '@eslint-community/regexpp': [ '4.12.2' ],
1603 silly audit   '@eslint/config-array': [ '0.21.2' ],
1603 silly audit   '@eslint/config-helpers': [ '0.4.2' ],
1603 silly audit   '@eslint/core': [ '0.17.0' ],
1603 silly audit   '@eslint/eslintrc': [ '3.3.5' ],
1603 silly audit   '@eslint/js': [ '9.39.4' ],
1603 silly audit   '@eslint/object-schema': [ '2.1.7' ],
1603 silly audit   '@eslint/plugin-kit': [ '0.4.1' ],
1603 silly audit   '@humanfs/core': [ '0.19.2' ],
1603 silly audit   '@humanfs/node': [ '0.16.8' ],
1603 silly audit   '@humanfs/types': [ '0.15.0' ],
1603 silly audit   '@humanwhocodes/module-importer': [ '1.0.1' ],
1603 silly audit   '@humanwhocodes/retry': [ '0.4.3' ],
1603 silly audit   '@img/colour': [ '1.1.0' ],
1603 silly audit   '@img/sharp-darwin-arm64': [ '0.34.5' ],
1603 silly audit   '@img/sharp-darwin-x64': [ '0.34.5' ],
1603 silly audit   '@img/sharp-libvips-darwin-arm64': [ '1.2.4' ],
1603 silly audit   '@img/sharp-libvips-darwin-x64': [ '1.2.4' ],
1603 silly audit   '@img/sharp-libvips-linux-arm': [ '1.2.4' ],
1603 silly audit   '@img/sharp-libvips-linux-arm64': [ '1.2.4' ],
1603 silly audit   '@img/sharp-libvips-linux-ppc64': [ '1.2.4' ],
1603 silly audit   '@img/sharp-libvips-linux-riscv64': [ '1.2.4' ],
1603 silly audit   '@img/sharp-libvips-linux-s390x': [ '1.2.4' ],
1603 silly audit   '@img/sharp-libvips-linux-x64': [ '1.2.4' ],
1603 silly audit   '@img/sharp-libvips-linuxmusl-arm64': [ '1.2.4' ],
1603 silly audit   '@img/sharp-libvips-linuxmusl-x64': [ '1.2.4' ],
1603 silly audit   '@img/sharp-linux-arm': [ '0.34.5' ],
1603 silly audit   '@img/sharp-linux-arm64': [ '0.34.5' ],
1603 silly audit   '@img/sharp-linux-ppc64': [ '0.34.5' ],
1603 silly audit   '@img/sharp-linux-riscv64': [ '0.34.5' ],
1603 silly audit   '@img/sharp-linux-s390x': [ '0.34.5' ],
1603 silly audit   '@img/sharp-linux-x64': [ '0.34.5' ],
1603 silly audit   '@img/sharp-linuxmusl-arm64': [ '0.34.5' ],
1603 silly audit   '@img/sharp-linuxmusl-x64': [ '0.34.5' ],
1603 silly audit   '@img/sharp-wasm32': [ '0.34.5' ],
1603 silly audit   '@img/sharp-win32-arm64': [ '0.34.5' ],
1603 silly audit   '@img/sharp-win32-ia32': [ '0.34.5' ],
1603 silly audit   '@img/sharp-win32-x64': [ '0.34.5' ],
1603 silly audit   '@jridgewell/gen-mapping': [ '0.3.13' ],
1603 silly audit   '@jridgewell/remapping': [ '2.3.5' ],
1603 silly audit   '@jridgewell/resolve-uri': [ '3.1.2' ],
1603 silly audit   '@jridgewell/sourcemap-codec': [ '1.5.5' ],
1603 silly audit   '@jridgewell/trace-mapping': [ '0.3.31' ],
1603 silly audit   '@napi-rs/wasm-runtime': [ '0.2.12', '1.1.4' ],
1603 silly audit   '@next/env': [ '16.2.4' ],
1603 silly audit   '@next/eslint-plugin-next': [ '16.2.4' ],
1603 silly audit   '@next/swc-darwin-arm64': [ '16.2.4' ],
1603 silly audit   '@next/swc-darwin-x64': [ '16.2.4' ],
1603 silly audit   '@next/swc-linux-arm64-gnu': [ '16.2.4' ],
1603 silly audit   '@next/swc-linux-arm64-musl': [ '16.2.4' ],
1603 silly audit   '@next/swc-linux-x64-gnu': [ '16.2.4' ],
1603 silly audit   '@next/swc-linux-x64-musl': [ '16.2.4' ],
1603 silly audit   '@next/swc-win32-arm64-msvc': [ '16.2.4' ],
1603 silly audit   '@next/swc-win32-x64-msvc': [ '16.2.4' ],
1603 silly audit   '@nodelib/fs.scandir': [ '2.1.5' ],
1603 silly audit   '@nodelib/fs.stat': [ '2.0.5' ],
1603 silly audit   '@nodelib/fs.walk': [ '1.2.8' ],
1603 silly audit   '@nolyfill/is-core-module': [ '1.0.39' ],
1603 silly audit   '@rtsao/scc': [ '1.1.0' ],
1603 silly audit   '@supabase/auth-js': [ '2.105.1' ],
1603 silly audit   '@supabase/functions-js': [ '2.105.1' ],
1603 silly audit   '@supabase/phoenix': [ '0.4.1' ],
1603 silly audit   '@supabase/postgrest-js': [ '2.105.1' ],
1603 silly audit   '@supabase/realtime-js': [ '2.105.1' ],
1603 silly audit   '@supabase/storage-js': [ '2.105.1' ],
1603 silly audit   '@supabase/supabase-js': [ '2.105.1' ],
1603 silly audit   '@swc/helpers': [ '0.5.15' ],
1603 silly audit   '@tailwindcss/node': [ '4.2.4' ],
1603 silly audit   '@tailwindcss/oxide': [ '4.2.4' ],
1603 silly audit   '@tailwindcss/oxide-android-arm64': [ '4.2.4' ],
1603 silly audit   '@tailwindcss/oxide-darwin-arm64': [ '4.2.4' ],
1603 silly audit   '@tailwindcss/oxide-darwin-x64': [ '4.2.4' ],
1603 silly audit   '@tailwindcss/oxide-freebsd-x64': [ '4.2.4' ],
1603 silly audit   '@tailwindcss/oxide-linux-arm-gnueabihf': [ '4.2.4' ],
1603 silly audit   '@tailwindcss/oxide-linux-arm64-gnu': [ '4.2.4' ],
1603 silly audit   '@tailwindcss/oxide-linux-arm64-musl': [ '4.2.4' ],
1603 silly audit   '@tailwindcss/oxide-linux-x64-gnu': [ '4.2.4' ],
1603 silly audit   '@tailwindcss/oxide-linux-x64-musl': [ '4.2.4' ],
1603 silly audit   '@tailwindcss/oxide-wasm32-wasi': [ '4.2.4' ],
1603 silly audit   '@tailwindcss/oxide-win32-arm64-msvc': [ '4.2.4' ],
1603 silly audit   '@tailwindcss/oxide-win32-x64-msvc': [ '4.2.4' ],
1603 silly audit   '@tailwindcss/postcss': [ '4.2.4' ],
1603 silly audit   '@tosspayments/tosspayments-sdk': [ '2.7.0' ],
1603 silly audit   '@tybys/wasm-util': [ '0.10.1' ],
1603 silly audit   '@types/estree': [ '1.0.8' ],
1603 silly audit   '@types/json-schema': [ '7.0.15' ],
1603 silly audit   '@types/json5': [ '0.0.29' ],
1603 silly audit   '@types/node': [ '20.19.39', '20.11.0' ],
1603 silly audit   '@types/react': [ '19.2.14' ],
1603 silly audit   '@types/react-dom': [ '19.2.3' ],
1603 silly audit   '@types/ws': [ '8.18.1' ],
1603 silly audit   '@typescript-eslint/eslint-plugin': [ '8.59.0' ],
1603 silly audit   ignore: [ '7.0.5', '5.3.2' ],
1603 silly audit   '@typescript-eslint/parser': [ '8.59.0' ],
1603 silly audit   '@typescript-eslint/project-service': [ '8.59.0' ],
1603 silly audit   '@typescript-eslint/scope-manager': [ '8.59.0' ],
1603 silly audit   '@typescript-eslint/tsconfig-utils': [ '8.59.0' ],
1603 silly audit   '@typescript-eslint/type-utils': [ '8.59.0' ],
1603 silly audit   '@typescript-eslint/types': [ '8.59.0' ],
1603 silly audit   '@typescript-eslint/typescript-estree': [ '8.59.0' ],
1603 silly audit   'balanced-match': [ '4.0.4', '1.0.2' ],
1603 silly audit   'brace-expansion': [ '5.0.5', '1.1.14', '5.0.6' ],
1603 silly audit   minimatch: [ '10.2.5', '3.1.5', '10.1.1' ],
1603 silly audit   semver: [ '7.7.4', '6.3.1', '7.5.4', '7.8.1' ],
1603 silly audit   '@typescript-eslint/utils': [ '8.59.0' ],
1603 silly audit   '@typescript-eslint/visitor-keys': [ '8.59.0' ],
1603 silly audit   '@unrs/resolver-binding-android-arm-eabi': [ '1.11.1' ],
1603 silly audit   '@unrs/resolver-binding-android-arm64': [ '1.11.1' ],
1603 silly audit   '@unrs/resolver-binding-darwin-arm64': [ '1.11.1' ],
1603 silly audit   '@unrs/resolver-binding-darwin-x64': [ '1.11.1' ],
1603 silly audit   '@unrs/resolver-binding-freebsd-x64': [ '1.11.1' ],
1603 silly audit   '@unrs/resolver-binding-linux-arm-gnueabihf': [ '1.11.1' ],
1603 silly audit   '@unrs/resolver-binding-linux-arm-musleabihf': [ '1.11.1' ],
1603 silly audit   '@unrs/resolver-binding-linux-arm64-gnu': [ '1.11.1' ],
1603 silly audit   '@unrs/resolver-binding-linux-arm64-musl': [ '1.11.1' ],
1603 silly audit   '@unrs/resolver-binding-linux-ppc64-gnu': [ '1.11.1' ],
1603 silly audit   '@unrs/resolver-binding-linux-riscv64-gnu': [ '1.11.1' ],
1603 silly audit   '@unrs/resolver-binding-linux-riscv64-musl': [ '1.11.1' ],
1603 silly audit   '@unrs/resolver-binding-linux-s390x-gnu': [ '1.11.1' ],
1603 silly audit   '@unrs/resolver-binding-linux-x64-gnu': [ '1.11.1' ],
1603 silly audit   '@unrs/resolver-binding-linux-x64-musl': [ '1.11.1' ],
1603 silly audit   '@unrs/resolver-binding-wasm32-wasi': [ '1.11.1' ],
1603 silly audit   '@unrs/resolver-binding-win32-arm64-msvc': [ '1.11.1' ],
1603 silly audit   '@unrs/resolver-binding-win32-ia32-msvc': [ '1.11.1' ],
1603 silly audit   '@unrs/resolver-binding-win32-x64-msvc': [ '1.11.1' ],
1603 silly audit   acorn: [ '8.16.0' ],
1603 silly audit   'acorn-jsx': [ '5.3.2' ],
1603 silly audit   ajv: [ '6.15.0', '8.6.3' ],
1603 silly audit   'ansi-styles': [ '4.3.0' ],
1603 silly audit   argparse: [ '2.0.1' ],
1603 silly audit   'aria-query': [ '5.3.2' ],
1603 silly audit   'array-buffer-byte-length': [ '1.0.2' ],
1603 silly audit   'array-includes': [ '3.1.9' ],
1603 silly audit   'array.prototype.findlast': [ '1.2.5' ],
1603 silly audit   'array.prototype.findlastindex': [ '1.2.6' ],
1603 silly audit   'array.prototype.flat': [ '1.3.3' ],
1603 silly audit   'array.prototype.flatmap': [ '1.3.3' ],
1603 silly audit   'array.prototype.tosorted': [ '1.1.4' ],
1603 silly audit   'arraybuffer.prototype.slice': [ '1.0.4' ],
1603 silly audit   'ast-types-flow': [ '0.0.8' ],
1603 silly audit   'async-function': [ '1.0.0' ],
1603 silly audit   'available-typed-arrays': [ '1.0.7' ],
1603 silly audit   'axe-core': [ '4.11.3' ],
1603 silly audit   'axobject-query': [ '4.1.0' ],
1603 silly audit   'baseline-browser-mapping': [ '2.10.23' ],
1603 silly audit   braces: [ '3.0.3' ],
1603 silly audit   browserslist: [ '4.28.2' ],
1603 silly audit   'call-bind': [ '1.0.9' ],
1603 silly audit   'call-bind-apply-helpers': [ '1.0.2' ],
1603 silly audit   'call-bound': [ '1.0.4' ],
1603 silly audit   callsites: [ '3.1.0' ],
1603 silly audit   'caniuse-lite': [ '1.0.30001791' ],
1603 silly audit   chalk: [ '4.1.2' ],
1603 silly audit   'client-only': [ '0.0.1' ],
1603 silly audit   'color-convert': [ '2.0.1' ],
1603 silly audit   'color-name': [ '1.1.4' ],
1603 silly audit   'concat-map': [ '0.0.1' ],
1603 silly audit   'convert-source-map': [ '2.0.0' ],
1603 silly audit   'cross-spawn': [ '7.0.6' ],
1603 silly audit   csstype: [ '3.2.3' ],
1603 silly audit   'damerau-levenshtein': [ '1.0.8' ],
1603 silly audit   'data-view-buffer': [ '1.0.2' ],
1603 silly audit   'data-view-byte-length': [ '1.0.2' ],
1603 silly audit   'data-view-byte-offset': [ '1.0.1' ],
1603 silly audit   debug: [ '4.4.3', '3.2.7', '4.3.4' ],
1603 silly audit   'deep-is': [ '0.1.4' ],
1603 silly audit   'define-data-property': [ '1.1.4' ],
1603 silly audit   'define-properties': [ '1.2.1' ],
1603 silly audit   'detect-libc': [ '2.1.2' ],
1603 silly audit   doctrine: [ '2.1.0' ],
1603 silly audit   'dunder-proto': [ '1.0.1' ],
1603 silly audit   'electron-to-chromium': [ '1.5.344' ],
1603 silly audit   'emoji-regex': [ '9.2.2' ],
1603 silly audit   'enhanced-resolve': [ '5.21.0' ],
1603 silly audit   'es-abstract': [ '1.24.2' ],
1603 silly audit   'es-define-property': [ '1.0.1' ],
1603 silly audit   'es-errors': [ '1.3.0' ],
1603 silly audit   'es-iterator-helpers': [ '1.3.2' ],
1603 silly audit   'es-object-atoms': [ '1.1.1' ],
1603 silly audit   'es-set-tostringtag': [ '2.1.0' ],
1603 silly audit   'es-shim-unscopables': [ '1.1.0' ],
1603 silly audit   'es-to-primitive': [ '1.3.0' ],
1603 silly audit   escalade: [ '3.2.0' ],
1603 silly audit   'escape-string-regexp': [ '4.0.0' ],
1603 silly audit   eslint: [ '9.39.4' ],
1603 silly audit   'eslint-config-next': [ '16.2.4' ],
1603 silly audit   globals: [ '16.4.0', '14.0.0' ],
1603 silly audit   'eslint-import-resolver-node': [ '0.3.10' ],
1603 silly audit   'eslint-import-resolver-typescript': [ '3.10.1' ],
1603 silly audit   'eslint-module-utils': [ '2.12.1' ],
1603 silly audit   'eslint-plugin-import': [ '2.32.0' ],
1603 silly audit   'eslint-plugin-jsx-a11y': [ '6.10.2' ],
1603 silly audit   'eslint-plugin-react': [ '7.37.5' ],
1603 silly audit   'eslint-plugin-react-hooks': [ '7.1.1' ],
1603 silly audit   'eslint-scope': [ '8.4.0' ],
1603 silly audit   espree: [ '10.4.0' ],
1603 silly audit   esquery: [ '1.7.0' ],
1603 silly audit   esrecurse: [ '4.3.0' ],
1603 silly audit   estraverse: [ '5.3.0' ],
1603 silly audit   esutils: [ '2.0.3' ],
1603 silly audit   'fast-deep-equal': [ '3.1.3' ],
1603 silly audit   'fast-glob': [ '3.3.1' ],
1603 silly audit   'glob-parent': [ '5.1.2', '6.0.2' ],
1603 silly audit   'fast-json-stable-stringify': [ '2.1.0' ],
1603 silly audit   'fast-levenshtein': [ '2.0.6' ],
1603 silly audit   fastq: [ '1.20.1' ],
1603 silly audit   'file-entry-cache': [ '8.0.0' ],
1603 silly audit   'fill-range': [ '7.1.1' ],
1603 silly audit   'find-up': [ '5.0.0' ],
1603 silly audit   'flat-cache': [ '4.0.1' ],
1603 silly audit   flatted: [ '3.4.2' ],
1603 silly audit   'for-each': [ '0.3.5' ],
1603 silly audit   'function-bind': [ '1.1.2' ],
1603 silly audit   'function.prototype.name': [ '1.1.8' ],
1603 silly audit   'functions-have-names': [ '1.2.3' ],
1603 silly audit   'generator-function': [ '2.0.1' ],
1603 silly audit   gensync: [ '1.0.0-beta.2' ],
1603 silly audit   'get-intrinsic': [ '1.3.0' ],
1603 silly audit   'get-proto': [ '1.0.1' ],
1603 silly audit   'get-symbol-description': [ '1.1.0' ],
1603 silly audit   'get-tsconfig': [ '4.14.0' ],
1603 silly audit   globalthis: [ '1.0.4' ],
1603 silly audit   gopd: [ '1.2.0' ],
1603 silly audit   'graceful-fs': [ '4.2.11' ],
1603 silly audit   'has-bigints': [ '1.1.0' ],
1603 silly audit   'has-flag': [ '4.0.0' ],
1603 silly audit   'has-property-descriptors': [ '1.0.2' ],
1603 silly audit   'has-proto': [ '1.2.0' ],
1603 silly audit   'has-symbols': [ '1.1.0' ],
1603 silly audit   'has-tostringtag': [ '1.0.2' ],
1603 silly audit   hasown: [ '2.0.3' ],
1603 silly audit   'hermes-estree': [ '0.25.1' ],
1603 silly audit   'hermes-parser': [ '0.25.1' ],
1603 silly audit   'iceberg-js': [ '0.8.1' ],
1603 silly audit   'import-fresh': [ '3.3.1' ],
1603 silly audit   imurmurhash: [ '0.1.4' ],
1603 silly audit   'internal-slot': [ '1.1.0' ],
1603 silly audit   'is-array-buffer': [ '3.0.5' ],
1603 silly audit   'is-async-function': [ '2.1.1' ],
1603 silly audit   'is-bigint': [ '1.1.0' ],
1603 silly audit   'is-boolean-object': [ '1.2.2' ],
1603 silly audit   'is-bun-module': [ '2.0.0' ],
1603 silly audit   'is-callable': [ '1.2.7' ],
1603 silly audit   'is-core-module': [ '2.16.1' ],
1603 silly audit   'is-data-view': [ '1.0.2' ],
1603 silly audit   'is-date-object': [ '1.1.0' ],
1603 silly audit   'is-extglob': [ '2.1.1' ],
1603 silly audit   'is-finalizationregistry': [ '1.1.1' ],
1603 silly audit   'is-generator-function': [ '1.1.2' ],
1603 silly audit   'is-glob': [ '4.0.3' ],
1603 silly audit   'is-map': [ '2.0.3' ],
1603 silly audit   'is-negative-zero': [ '2.0.3' ],
1603 silly audit   'is-number': [ '7.0.0' ],
1603 silly audit   'is-number-object': [ '1.1.1' ],
1603 silly audit   'is-regex': [ '1.2.1' ],
1603 silly audit   'is-set': [ '2.0.3' ],
1603 silly audit   'is-shared-array-buffer': [ '1.0.4' ],
1603 silly audit   'is-string': [ '1.1.1' ],
1603 silly audit   'is-symbol': [ '1.1.1' ],
1603 silly audit   'is-typed-array': [ '1.1.15' ],
1603 silly audit   'is-weakmap': [ '2.0.2' ],
1603 silly audit   'is-weakref': [ '1.1.1' ],
1603 silly audit   'is-weakset': [ '2.0.4' ],
1603 silly audit   isarray: [ '2.0.5' ],
1603 silly audit   isexe: [ '2.0.0' ],
1603 silly audit   'iterator.prototype': [ '1.1.5' ],
1603 silly audit   jiti: [ '2.6.1' ],
1603 silly audit   'js-tokens': [ '4.0.0' ],
1603 silly audit   'js-yaml': [ '4.1.1' ],
1603 silly audit   jsesc: [ '3.1.0' ],
1603 silly audit   'json-buffer': [ '3.0.1' ],
1603 silly audit   'json-schema-traverse': [ '0.4.1', '1.0.0' ],
1603 silly audit   'json-stable-stringify-without-jsonify': [ '1.0.1' ],
1603 silly audit   json5: [ '2.2.3', '1.0.2' ],
1603 silly audit   'jsx-ast-utils': [ '3.3.5' ],
1603 silly audit   keyv: [ '4.5.4' ],
1603 silly audit   'language-subtag-registry': [ '0.3.23' ],
1603 silly audit   'language-tags': [ '1.0.9' ],
1603 silly audit   levn: [ '0.4.1' ],
1603 silly audit   lightningcss: [ '1.32.0' ],
1603 silly audit   'lightningcss-android-arm64': [ '1.32.0' ],
1603 silly audit   'lightningcss-darwin-arm64': [ '1.32.0' ],
1603 silly audit   'lightningcss-darwin-x64': [ '1.32.0' ],
1603 silly audit   'lightningcss-freebsd-x64': [ '1.32.0' ],
1603 silly audit   'lightningcss-linux-arm-gnueabihf': [ '1.32.0' ],
1603 silly audit   'lightningcss-linux-arm64-gnu': [ '1.32.0' ],
1603 silly audit   'lightningcss-linux-arm64-musl': [ '1.32.0' ],
1603 silly audit   'lightningcss-linux-x64-gnu': [ '1.32.0' ],
1603 silly audit   'lightningcss-linux-x64-musl': [ '1.32.0' ],
1603 silly audit   'lightningcss-win32-arm64-msvc': [ '1.32.0' ],
1603 silly audit   'lightningcss-win32-x64-msvc': [ '1.32.0' ],
1603 silly audit   'locate-path': [ '6.0.0' ],
1603 silly audit   'lodash.merge': [ '4.6.2' ],
1603 silly audit   'loose-envify': [ '1.4.0' ],
1603 silly audit   'lru-cache': [ '5.1.1', '11.5.0', '7.18.3', '6.0.0' ],
1603 silly audit   'magic-string': [ '0.30.21' ],
1603 silly audit   'math-intrinsics': [ '1.1.0' ],
1603 silly audit   merge2: [ '1.4.1' ],
1603 silly audit   micromatch: [ '4.0.8' ],
1603 silly audit   minimist: [ '1.2.8' ],
1603 silly audit   ms: [ '2.1.3', '2.1.1', '2.1.2' ],
1603 silly audit   nanoid: [ '3.3.11' ],
1603 silly audit   'napi-postinstall': [ '0.3.4' ],
1603 silly audit   'natural-compare': [ '1.4.0' ],
1603 silly audit   next: [ '16.2.4' ],
1603 silly audit   postcss: [ '8.4.31', '8.5.12' ],
1603 silly audit   'node-exports-info': [ '1.6.0' ],
1603 silly audit   'node-releases': [ '2.0.38' ],
1603 silly audit   'object-assign': [ '4.1.1' ],
1603 silly audit   'object-inspect': [ '1.13.4' ],
1603 silly audit   'object-keys': [ '1.1.1' ],
1603 silly audit   'object.assign': [ '4.1.7' ],
1603 silly audit   'object.entries': [ '1.1.9' ],
1603 silly audit   'object.fromentries': [ '2.0.8' ],
1603 silly audit   'object.groupby': [ '1.0.3' ],
1603 silly audit   'object.values': [ '1.2.1' ],
1603 silly audit   optionator: [ '0.9.4' ],
1603 silly audit   'own-keys': [ '1.0.1' ],
1603 silly audit   'p-limit': [ '3.1.0' ],
1603 silly audit   'p-locate': [ '5.0.0' ],
1603 silly audit   'parent-module': [ '1.0.1' ],
1603 silly audit   'path-exists': [ '4.0.0' ],
1603 silly audit   'path-key': [ '3.1.1' ],
1603 silly audit   'path-parse': [ '1.0.7' ],
1603 silly audit   picocolors: [ '1.1.1', '1.0.0' ],
1603 silly audit   picomatch: [ '2.3.2', '4.0.4' ],
1603 silly audit   'possible-typed-array-names': [ '1.1.0' ],
1603 silly audit   'prelude-ls': [ '1.2.1' ],
1603 silly audit   'prop-types': [ '15.8.1' ],
1603 silly audit   punycode: [ '2.3.1' ],
1603 silly audit   'queue-microtask': [ '1.2.3' ],
1603 silly audit   react: [ '19.2.4' ],
1603 silly audit   'react-dom': [ '19.2.4' ],
1603 silly audit   'react-is': [ '16.13.1' ],
1603 silly audit   'reflect.getprototypeof': [ '1.0.10' ],
1603 silly audit   'regexp.prototype.flags': [ '1.5.4' ],
1603 silly audit   resolve: [ '2.0.0-next.6' ],
1603 silly audit   'resolve-from': [ '4.0.0', '5.0.0' ],
1603 silly audit   'resolve-pkg-maps': [ '1.0.0' ],
1603 silly audit   reusify: [ '1.1.0' ],
1603 silly audit   'run-parallel': [ '1.2.0' ],
1603 silly audit   'safe-array-concat': [ '1.1.4' ],
1603 silly audit   'safe-push-apply': [ '1.0.0' ],
1603 silly audit   'safe-regex-test': [ '1.1.0' ],
1603 silly audit   scheduler: [ '0.27.0' ],
1603 silly audit   'set-function-length': [ '1.2.2' ],
1603 silly audit   'set-function-name': [ '2.0.2' ],
1603 silly audit   'set-proto': [ '1.0.0' ],
1603 silly audit   sharp: [ '0.34.5' ],
1603 silly audit   'shebang-command': [ '2.0.0' ],
1603 silly audit   'shebang-regex': [ '3.0.0' ],
1603 silly audit   'side-channel': [ '1.1.0' ],
1603 silly audit   'side-channel-list': [ '1.0.1' ],
1603 silly audit   'side-channel-map': [ '1.0.1' ],
1603 silly audit   'side-channel-weakmap': [ '1.0.2' ],
1603 silly audit   'source-map-js': [ '1.2.1' ],
1603 silly audit   'stable-hash': [ '0.0.5' ],
1603 silly audit   'stop-iteration-iterator': [ '1.1.0' ],
1603 silly audit   'string.prototype.includes': [ '2.0.1' ],
1603 silly audit   'string.prototype.matchall': [ '4.0.12' ],
1603 silly audit   'string.prototype.repeat': [ '1.0.0' ],
1603 silly audit   'string.prototype.trim': [ '1.2.10' ],
1603 silly audit   'string.prototype.trimend': [ '1.0.9' ],
1603 silly audit   'string.prototype.trimstart': [ '1.0.8' ],
1603 silly audit   'strip-bom': [ '3.0.0' ],
1603 silly audit   'strip-json-comments': [ '3.1.1' ],
1603 silly audit   'styled-jsx': [ '5.1.6' ],
1603 silly audit   'supports-color': [ '7.2.0' ],
1603 silly audit   'supports-preserve-symlinks-flag': [ '1.0.0' ],
1603 silly audit   tailwindcss: [ '4.2.4' ],
1603 silly audit   tapable: [ '2.3.3' ],
1603 silly audit   tinyglobby: [ '0.2.16' ],
1603 silly audit   fdir: [ '6.5.0' ],
1603 silly audit   'to-regex-range': [ '5.0.1' ],
1603 silly audit   'ts-api-utils': [ '2.5.0' ],
1603 silly audit   'tsconfig-paths': [ '3.15.0' ],
1603 silly audit   tslib: [ '2.8.1' ],
1603 silly audit   'type-check': [ '0.4.0' ],
1603 silly audit   'typed-array-buffer': [ '1.0.3' ],
1603 silly audit   'typed-array-byte-length': [ '1.0.3' ],
1603 silly audit   'typed-array-byte-offset': [ '1.0.4' ],
1603 silly audit   'typed-array-length': [ '1.0.7' ],
1603 silly audit   typescript: [ '5.9.3' ],
1603 silly audit   'typescript-eslint': [ '8.59.0' ],
1603 silly audit   'unbox-primitive': [ '1.1.0' ],
1603 silly audit   'undici-types': [ '6.21.0', '5.26.5' ],
1603 silly audit   'unrs-resolver': [ '1.11.1' ],
1603 silly audit   'update-browserslist-db': [ '1.2.3' ],
1603 silly audit   'uri-js': [ '4.4.1' ],
1603 silly audit   which: [ '2.0.2' ],
1603 silly audit   'which-boxed-primitive': [ '1.1.1' ],
1603 silly audit   'which-builtin-type': [ '1.2.1' ],
1603 silly audit   'which-collection': [ '1.0.2' ],
1603 silly audit   'which-typed-array': [ '1.1.20' ],
1603 silly audit   'word-wrap': [ '1.2.5' ],
1603 silly audit   ws: [ '8.20.0' ],
1603 silly audit   yallist: [ '3.1.1', '5.0.0', '4.0.0' ],
1603 silly audit   'yocto-queue': [ '0.1.0' ],
1603 silly audit   zod: [ '4.3.6', '4.1.11', '3.22.4', '3.24.4' ],
1603 silly audit   'zod-validation-error': [ '4.0.2' ],
1603 silly audit   vercel: [ '54.4.1' ],
1603 silly audit   '@vercel/backends': [ '0.7.2' ],
1603 silly audit   '@vercel/blob': [ '2.4.0' ],
1603 silly audit   '@vercel/build-utils': [ '13.26.1' ],
1603 silly audit   '@vercel/cli-config': [ '0.1.2' ],
1603 silly audit   '@vercel/detect-agent': [ '1.2.3' ],
1603 silly audit   '@vercel/elysia': [ '0.1.80' ],
1603 silly audit   '@vercel/express': [ '0.1.90' ],
1603 silly audit   '@vercel/fastify': [ '0.1.83' ],
1603 silly audit   '@vercel/fun': [ '1.3.0' ],
1603 silly audit   '@vercel/go': [ '3.7.1' ],
1603 silly audit   '@vercel/h3': [ '0.1.89' ],
1603 silly audit   '@vercel/hono': [ '0.2.83' ],
1603 silly audit   '@vercel/hydrogen': [ '1.3.7' ],
1603 silly audit   '@vercel/koa': [ '0.1.63' ],
1603 silly audit   '@vercel/nestjs': [ '0.2.84' ],
1603 silly audit   '@vercel/next': [ '4.17.4' ],
1603 silly audit   '@vercel/node': [ '5.8.4' ],
1603 silly audit   '@vercel/prepare-flags-definitions': [ '0.2.1' ],
1603 silly audit   '@vercel/python': [ '6.43.1' ],
1603 silly audit   '@vercel/redwood': [ '2.4.13' ],
1603 silly audit   '@vercel/remix-builder': [ '5.8.2' ],
1603 silly audit   '@vercel/ruby': [ '2.3.2' ],
1603 silly audit   '@vercel/rust': [ '1.2.0' ],
1603 silly audit   '@vercel/static-build': [ '2.9.30' ],
1603 silly audit   chokidar: [ '4.0.0' ],
1603 silly audit   esbuild: [ '0.27.0' ],
1603 silly audit   'form-data': [ '4.0.5' ],
1603 silly audit   jose: [ '5.9.6' ],
1603 silly audit   luxon: [ '3.7.2' ],
1603 silly audit   'proxy-agent': [ '6.4.0' ],
1603 silly audit   sandbox: [ '2.5.6' ],
1603 silly audit   'smol-toml': [ '1.5.2' ],
1603 silly audit   '@vercel/nft': [ '1.5.0' ],
1603 silly audit   execa: [ '3.2.0', '5.1.1' ],
1603 silly audit   'fs-extra': [ '11.1.0', '11.1.1' ],
1603 silly audit   'oxc-transform': [ '0.111.0' ],
1603 silly audit   'path-to-regexp': [ '8.3.0', '8.2.0', '6.1.0', '6.3.0' ],
1603 silly audit   'resolve.exports': [ '2.0.3' ],
1603 silly audit   rolldown: [ '1.0.0-rc.1' ],
1603 silly audit   srvx: [ '0.8.9' ],
1603 silly audit   tsx: [ '4.21.0' ],
1603 silly audit   'async-retry': [ '1.3.3' ],
1603 silly audit   'is-buffer': [ '2.0.5' ],
1603 silly audit   'is-node-process': [ '1.2.0' ],
1603 silly audit   throttleit: [ '2.1.0' ],
1603 silly audit   undici: [ '6.26.0', '5.28.4', '7.26.0' ],
1603 silly audit   '@vercel/python-analysis': [ '0.11.1' ],
1603 silly audit   'cjs-module-lexer': [ '1.2.3' ],
1603 silly audit   'es-module-lexer': [ '1.5.0', '1.4.1' ],
1603 silly audit   'xdg-app-paths': [ '5.5.1', '5.1.0' ],
1603 silly audit   '@vercel/static-config': [ '3.3.0' ],
1603 silly audit   '@vercel/cervel': [ '0.1.7' ],
1603 silly audit   'ts-morph': [ '12.0.0' ],
1603 silly audit   '@tootallnate/once': [ '2.0.0' ],
1603 silly audit   'async-listen': [ '1.2.0', '3.0.0', '3.0.1' ],
1603 silly audit   'generic-pool': [ '3.4.2' ],
1603 silly audit   micro: [ '9.3.5-canary.3' ],
1603 silly audit   'node-fetch': [ '2.6.7', '2.6.9' ],
1603 silly audit   promisepipe: [ '3.0.0' ],
1603 silly audit   'stat-mode': [ '0.3.0' ],
1603 silly audit   'stream-to-promise': [ '2.2.0' ],
1603 silly audit   tar: [ '7.5.7' ],
1603 silly audit   tinyexec: [ '0.3.2' ],
1603 silly audit   'tree-kill': [ '1.2.2' ],
1603 silly audit   'uid-promise': [ '1.0.0' ],
1603 silly audit   'yauzl-promise': [ '2.1.3' ],
1603 silly audit   '@mapbox/node-pre-gyp': [ '2.0.3' ],
1603 silly audit   '@rollup/pluginutils': [ '5.3.0' ],
1603 silly audit   'acorn-import-attributes': [ '1.9.5' ],
1603 silly audit   'async-sema': [ '3.1.1' ],
1603 silly audit   bindings: [ '1.5.0' ],
1603 silly audit   'estree-walker': [ '2.0.2' ],
1603 silly audit   glob: [ '13.0.6' ],
1603 silly audit   'node-gyp-build': [ '4.8.4' ],
1603 silly audit   consola: [ '3.4.2' ],
1603 silly audit   'https-proxy-agent': [ '7.0.6' ],
1603 silly audit   nopt: [ '8.1.0' ],
1603 silly audit   '@edge-runtime/node-utils': [ '2.3.0' ],
1603 silly audit   '@edge-runtime/primitives': [ '4.1.0' ],
1603 silly audit   '@edge-runtime/vm': [ '3.2.0' ],
1603 silly audit   '@vercel/error-utils': [ '2.1.0' ],
1603 silly audit   'edge-runtime': [ '2.5.9' ],
1603 silly audit   etag: [ '1.8.1' ],
1603 silly audit   'mime-types': [ '2.1.35' ],
1603 silly audit   '@bytecodealliance/preview2-shim': [ '0.17.6' ],
1603 silly audit   '@renovatebot/pep440': [ '4.2.1' ],
1603 silly audit   '@vercel/gatsby-plugin-vercel-analytics': [ '1.0.11' ],
1603 silly audit   '@vercel/gatsby-plugin-vercel-builder': [ '2.2.7' ],
1603 silly audit   'web-vitals': [ '0.2.4' ],
1603 silly audit   '@sinclair/typebox': [ '0.25.24' ],
1603 silly audit   'json-schema-to-ts': [ '1.6.4' ],
1603 silly audit   retry: [ '0.13.1' ],
1603 silly audit   'file-uri-to-path': [ '1.0.0' ],
1603 silly audit   readdirp: [ '4.1.2' ],
1603 silly audit   '@edge-runtime/format': [ '2.2.1' ],
1603 silly audit   '@edge-runtime/ponyfill': [ '2.4.2' ],
1603 silly audit   mri: [ '1.2.0' ],
1603 silly audit   'pretty-ms': [ '7.0.1' ],
1603 silly audit   'signal-exit': [ '4.0.2', '3.0.7' ],
1603 silly audit   'time-span': [ '4.0.0' ],
1603 silly audit   '@esbuild/aix-ppc64': [ '0.27.0' ],
1603 silly audit   '@esbuild/android-arm': [ '0.27.0' ],
1603 silly audit   '@esbuild/android-arm64': [ '0.27.0' ],
1603 silly audit   '@esbuild/android-x64': [ '0.27.0' ],
1603 silly audit   '@esbuild/darwin-arm64': [ '0.27.0' ],
1603 silly audit   '@esbuild/darwin-x64': [ '0.27.0' ],
1603 silly audit   '@esbuild/freebsd-arm64': [ '0.27.0' ],
1603 silly audit   '@esbuild/freebsd-x64': [ '0.27.0' ],
1603 silly audit   '@esbuild/linux-arm': [ '0.27.0' ],
1603 silly audit   '@esbuild/linux-arm64': [ '0.27.0' ],
1603 silly audit   '@esbuild/linux-ia32': [ '0.27.0' ],
1603 silly audit   '@esbuild/linux-loong64': [ '0.27.0' ],
1603 silly audit   '@esbuild/linux-mips64el': [ '0.27.0' ],
1603 silly audit   '@esbuild/linux-ppc64': [ '0.27.0' ],
1603 silly audit   '@esbuild/linux-riscv64': [ '0.27.0' ],
1603 silly audit   '@esbuild/linux-s390x': [ '0.27.0' ],
1603 silly audit   '@esbuild/linux-x64': [ '0.27.0' ],
1603 silly audit   '@esbuild/netbsd-arm64': [ '0.27.0' ],
1603 silly audit   '@esbuild/netbsd-x64': [ '0.27.0' ],
1603 silly audit   '@esbuild/openbsd-arm64': [ '0.27.0' ],
1603 silly audit   '@esbuild/openbsd-x64': [ '0.27.0' ],
1603 silly audit   '@esbuild/openharmony-arm64': [ '0.27.0' ],
1603 silly audit   '@esbuild/sunos-x64': [ '0.27.0' ],
1603 silly audit   '@esbuild/win32-arm64': [ '0.27.0' ],
1603 silly audit   '@esbuild/win32-ia32': [ '0.27.0' ],
1603 silly audit   '@esbuild/win32-x64': [ '0.27.0' ],
1603 silly audit   'get-stream': [ '5.2.0', '6.0.1' ],
1603 silly audit   'human-signals': [ '1.1.1', '2.1.0' ],
1603 silly audit   'is-stream': [ '2.0.1' ],
1603 silly audit   'merge-stream': [ '2.0.0' ],
1603 silly audit   'npm-run-path': [ '4.0.1' ],
1603 silly audit   onetime: [ '5.1.2' ],
1603 silly audit   'p-finally': [ '2.0.1' ],
1603 silly audit   'strip-final-newline': [ '2.0.0' ],
1603 silly audit   asynckit: [ '0.4.0' ],
1603 silly audit   'combined-stream': [ '1.0.8' ],
1603 silly audit   'delayed-stream': [ '1.0.0' ],
1603 silly audit   jsonfile: [ '6.2.1' ],
1603 silly audit   universalify: [ '2.0.1' ],
1603 silly audit   pump: [ '3.0.4' ],
1603 silly audit   minipass: [ '7.1.3' ],
1603 silly audit   'path-scurry': [ '2.0.2' ],
1603 silly audit   'agent-base': [ '7.1.4' ],
1603 silly audit   'ts-toolbelt': [ '6.15.5' ],
1603 silly audit   arg: [ '4.1.0' ],
1603 silly audit   'content-type': [ '1.0.4' ],
1603 silly audit   'raw-body': [ '2.4.1' ],
1603 silly audit   'mime-db': [ '1.52.0' ],
1603 silly audit   'whatwg-url': [ '5.0.0' ],
1603 silly audit   abbrev: [ '3.0.1' ],
1603 silly audit   'mimic-fn': [ '2.1.0' ],
1603 silly audit   '@oxc-transform/binding-android-arm-eabi': [ '0.111.0' ],
1603 silly audit   '@oxc-transform/binding-android-arm64': [ '0.111.0' ],
1603 silly audit   '@oxc-transform/binding-darwin-arm64': [ '0.111.0' ],
1603 silly audit   '@oxc-transform/binding-darwin-x64': [ '0.111.0' ],
1603 silly audit   '@oxc-transform/binding-freebsd-x64': [ '0.111.0' ],
1603 silly audit   '@oxc-transform/binding-linux-arm-gnueabihf': [ '0.111.0' ],
1603 silly audit   '@oxc-transform/binding-linux-arm-musleabihf': [ '0.111.0' ],
1603 silly audit   '@oxc-transform/binding-linux-arm64-gnu': [ '0.111.0' ],
1603 silly audit   '@oxc-transform/binding-linux-arm64-musl': [ '0.111.0' ],
1603 silly audit   '@oxc-transform/binding-linux-ppc64-gnu': [ '0.111.0' ],
1603 silly audit   '@oxc-transform/binding-linux-riscv64-gnu': [ '0.111.0' ],
1603 silly audit   '@oxc-transform/binding-linux-riscv64-musl': [ '0.111.0' ],
1603 silly audit   '@oxc-transform/binding-linux-s390x-gnu': [ '0.111.0' ],
1603 silly audit   '@oxc-transform/binding-linux-x64-gnu': [ '0.111.0' ],
1603 silly audit   '@oxc-transform/binding-linux-x64-musl': [ '0.111.0' ],
1603 silly audit   '@oxc-transform/binding-openharmony-arm64': [ '0.111.0' ],
1603 silly audit   '@oxc-transform/binding-wasm32-wasi': [ '0.111.0' ],
1603 silly audit   '@oxc-transform/binding-win32-arm64-msvc': [ '0.111.0' ],
1603 silly audit   '@oxc-transform/binding-win32-ia32-msvc': [ '0.111.0' ],
1603 silly audit   '@oxc-transform/binding-win32-x64-msvc': [ '0.111.0' ],
1603 silly audit   'parse-ms': [ '2.1.0' ],
1603 silly audit   'http-proxy-agent': [ '7.0.2' ],
1603 silly audit   'pac-proxy-agent': [ '7.2.0' ],
1603 silly audit   'proxy-from-env': [ '1.1.0' ],
1603 silly audit   'socks-proxy-agent': [ '8.0.5' ],
1603 silly audit   '@tootallnate/quickjs-emscripten': [ '0.23.0' ],
1603 silly audit   'get-uri': [ '6.0.5' ],
1603 silly audit   'pac-resolver': [ '7.0.1' ],
1603 silly audit   'basic-ftp': [ '5.3.1' ],
1603 silly audit   'data-uri-to-buffer': [ '6.0.2' ],
1603 silly audit   degenerator: [ '5.0.1' ],
1603 silly audit   netmask: [ '2.1.1' ],
1603 silly audit   'ast-types': [ '0.13.4' ],
1603 silly audit   escodegen: [ '2.1.0' ],
1603 silly audit   esprima: [ '4.0.1' ],
1603 silly audit   'source-map': [ '0.6.1' ],
1603 silly audit   'end-of-stream': [ '1.4.5', '1.1.0' ],
1603 silly audit   once: [ '1.4.0', '1.3.3' ],
1603 silly audit   wrappy: [ '1.0.2' ],
1603 silly audit   bytes: [ '3.1.0' ],
1603 silly audit   'http-errors': [ '1.7.3' ],
1603 silly audit   'iconv-lite': [ '0.4.24' ],
1603 silly audit   unpipe: [ '1.0.0' ],
1603 silly audit   depd: [ '1.1.2' ],
1603 silly audit   inherits: [ '2.0.4' ],
1603 silly audit   setprototypeof: [ '1.1.1' ],
1603 silly audit   statuses: [ '1.5.0' ],
1603 silly audit   toidentifier: [ '1.0.0' ],
1603 silly audit   'safer-buffer': [ '2.1.2' ],
1603 silly audit   '@oxc-project/types': [ '0.110.0' ],
1603 silly audit   '@rolldown/binding-android-arm64': [ '1.0.0-rc.1' ],
1603 silly audit   '@rolldown/binding-darwin-arm64': [ '1.0.0-rc.1' ],
1603 silly audit   '@rolldown/binding-darwin-x64': [ '1.0.0-rc.1' ],
1603 silly audit   '@rolldown/binding-freebsd-x64': [ '1.0.0-rc.1' ],
1603 silly audit   '@rolldown/binding-linux-arm-gnueabihf': [ '1.0.0-rc.1' ],
1603 silly audit   '@rolldown/binding-linux-arm64-gnu': [ '1.0.0-rc.1' ],
1603 silly audit   '@rolldown/binding-linux-arm64-musl': [ '1.0.0-rc.1' ],
1603 silly audit   '@rolldown/binding-linux-x64-gnu': [ '1.0.0-rc.1' ],
1603 silly audit   '@rolldown/binding-linux-x64-musl': [ '1.0.0-rc.1' ],
1603 silly audit   '@rolldown/binding-openharmony-arm64': [ '1.0.0-rc.1' ],
1603 silly audit   '@rolldown/binding-wasm32-wasi': [ '1.0.0-rc.1' ],
1603 silly audit   '@rolldown/binding-win32-arm64-msvc': [ '1.0.0-rc.1' ],
1603 silly audit   '@rolldown/binding-win32-x64-msvc': [ '1.0.0-rc.1' ],
1603 silly audit   '@rolldown/pluginutils': [ '1.0.0-rc.1' ],
1603 silly audit   '@vercel/sandbox': [ '1.9.0' ],
1603 silly audit   '@vercel/oidc': [ '3.2.0' ],
1603 silly audit   jsonlines: [ '0.1.1' ],
1603 silly audit   'tar-stream': [ '3.1.7' ],
1603 silly audit   socks: [ '2.8.9' ],
1603 silly audit   'ip-address': [ '10.2.0' ],
1603 silly audit   'smart-buffer': [ '4.2.0' ],
1603 silly audit   'cookie-es': [ '2.0.1' ],
1603 silly audit   'any-promise': [ '1.3.0' ],
1603 silly audit   'stream-to-array': [ '2.3.0' ],
1603 silly audit   '@isaacs/fs-minipass': [ '4.0.1' ],
1603 silly audit   chownr: [ '3.0.0' ],
1603 silly audit   minizlib: [ '3.1.0' ],
1603 silly audit   b4a: [ '1.8.1' ],
1603 silly audit   'fast-fifo': [ '1.3.2' ],
1603 silly audit   streamx: [ '2.25.0' ],
1603 silly audit   'events-universal': [ '1.0.1' ],
1603 silly audit   'text-decoder': [ '1.2.7' ],
1603 silly audit   'bare-events': [ '2.8.3' ],
1603 silly audit   'convert-hrtime': [ '3.0.0' ],
1603 silly audit   '@ts-morph/common': [ '0.11.1' ],
1603 silly audit   'code-block-writer': [ '10.1.1' ],
1603 silly audit   mkdirp: [ '1.0.4' ],
1603 silly audit   'path-browserify': [ '1.0.1' ],
1603 silly audit   fsevents: [ '2.3.3' ],
1603 silly audit   tr46: [ '0.0.3' ],
1603 silly audit   'webidl-conversions': [ '3.0.1' ],
1603 silly audit   'os-paths': [ '4.4.0' ],
1603 silly audit   'xdg-portable': [ '7.3.0' ],
1603 silly audit   yauzl: [ '2.10.0' ],
1603 silly audit   'yauzl-clone': [ '1.0.4' ],
1603 silly audit   'buffer-crc32': [ '0.2.13' ],
1603 silly audit   'fd-slicer': [ '1.1.0' ],
1603 silly audit   pend: [ '1.2.0' ],
1603 silly audit   'events-intercept': [ '2.0.0' ],
1603 silly audit   '@fastify/busboy': [ '2.1.1' ],
1603 silly audit   '@isaacs/brace-expansion': [ '5.0.1' ],
1603 silly audit   '@isaacs/balanced-match': [ '4.0.1' ],
1603 silly audit   'require-from-string': [ '2.0.2' ]
1603 silly audit }
1604 http cache require-from-string@https://registry.npmjs.org/require-from-string/-/require-from-string-2.0.2.tgz 0ms (cache hit)
1605 http cache @isaacs/balanced-match@https://registry.npmjs.org/@isaacs/balanced-match/-/balanced-match-4.0.1.tgz 0ms (cache hit)
1606 http cache events-intercept@https://registry.npmjs.org/events-intercept/-/events-intercept-2.0.0.tgz 0ms (cache hit)
1607 http cache @isaacs/brace-expansion@https://registry.npmjs.org/@isaacs/brace-expansion/-/brace-expansion-5.0.1.tgz 0ms (cache hit)
1608 http cache @fastify/busboy@https://registry.npmjs.org/@fastify/busboy/-/busboy-2.1.1.tgz 0ms (cache hit)
1609 http cache pend@https://registry.npmjs.org/pend/-/pend-1.2.0.tgz 0ms (cache hit)
1610 http cache buffer-crc32@https://registry.npmjs.org/buffer-crc32/-/buffer-crc32-0.2.13.tgz 0ms (cache hit)
1611 http cache yauzl-clone@https://registry.npmjs.org/yauzl-clone/-/yauzl-clone-1.0.4.tgz 0ms (cache hit)
1612 http cache fd-slicer@https://registry.npmjs.org/fd-slicer/-/fd-slicer-1.1.0.tgz 0ms (cache hit)
1613 http cache yauzl@https://registry.npmjs.org/yauzl/-/yauzl-2.10.0.tgz 0ms (cache hit)
1614 http cache xdg-portable@https://registry.npmjs.org/xdg-portable/-/xdg-portable-7.3.0.tgz 0ms (cache hit)
1615 http cache os-paths@https://registry.npmjs.org/os-paths/-/os-paths-4.4.0.tgz 0ms (cache hit)
1616 http cache tr46@https://registry.npmjs.org/tr46/-/tr46-0.0.3.tgz 0ms (cache hit)
1617 http cache webidl-conversions@https://registry.npmjs.org/webidl-conversions/-/webidl-conversions-3.0.1.tgz 0ms (cache hit)
1618 http cache path-browserify@https://registry.npmjs.org/path-browserify/-/path-browserify-1.0.1.tgz 0ms (cache hit)
1619 http cache mkdirp@https://registry.npmjs.org/mkdirp/-/mkdirp-1.0.4.tgz 0ms (cache hit)
1620 http cache code-block-writer@https://registry.npmjs.org/code-block-writer/-/code-block-writer-10.1.1.tgz 0ms (cache hit)
1621 http cache @ts-morph/common@https://registry.npmjs.org/@ts-morph/common/-/common-0.11.1.tgz 0ms (cache hit)
1622 http cache convert-hrtime@https://registry.npmjs.org/convert-hrtime/-/convert-hrtime-3.0.0.tgz 0ms (cache hit)
1623 http cache bare-events@https://registry.npmjs.org/bare-events/-/bare-events-2.8.3.tgz 0ms (cache hit)
1624 http cache text-decoder@https://registry.npmjs.org/text-decoder/-/text-decoder-1.2.7.tgz 0ms (cache hit)
1625 http cache events-universal@https://registry.npmjs.org/events-universal/-/events-universal-1.0.1.tgz 0ms (cache hit)
1626 http cache fast-fifo@https://registry.npmjs.org/fast-fifo/-/fast-fifo-1.3.2.tgz 0ms (cache hit)
1627 http cache b4a@https://registry.npmjs.org/b4a/-/b4a-1.8.1.tgz 0ms (cache hit)
1628 http cache streamx@https://registry.npmjs.org/streamx/-/streamx-2.25.0.tgz 0ms (cache hit)
1629 http cache chownr@https://registry.npmjs.org/chownr/-/chownr-3.0.0.tgz 0ms (cache hit)
1630 http cache minizlib@https://registry.npmjs.org/minizlib/-/minizlib-3.1.0.tgz 0ms (cache hit)
1631 http cache @isaacs/fs-minipass@https://registry.npmjs.org/@isaacs/fs-minipass/-/fs-minipass-4.0.1.tgz 0ms (cache hit)
1632 http cache stream-to-array@https://registry.npmjs.org/stream-to-array/-/stream-to-array-2.3.0.tgz 0ms (cache hit)
1633 http cache any-promise@https://registry.npmjs.org/any-promise/-/any-promise-1.3.0.tgz 0ms (cache hit)
1634 http cache cookie-es@https://registry.npmjs.org/cookie-es/-/cookie-es-2.0.1.tgz 0ms (cache hit)
1635 http cache ip-address@https://registry.npmjs.org/ip-address/-/ip-address-10.2.0.tgz 0ms (cache hit)
1636 http cache smart-buffer@https://registry.npmjs.org/smart-buffer/-/smart-buffer-4.2.0.tgz 0ms (cache hit)
1637 http cache socks@https://registry.npmjs.org/socks/-/socks-2.8.9.tgz 0ms (cache hit)
1638 http cache tar-stream@https://registry.npmjs.org/tar-stream/-/tar-stream-3.1.7.tgz 0ms (cache hit)
1639 http cache jsonlines@https://registry.npmjs.org/jsonlines/-/jsonlines-0.1.1.tgz 0ms (cache hit)
1640 http cache @vercel/oidc@https://registry.npmjs.org/@vercel/oidc/-/oidc-3.2.0.tgz 0ms (cache hit)
1641 http cache @vercel/sandbox@https://registry.npmjs.org/@vercel/sandbox/-/sandbox-1.9.0.tgz 0ms (cache hit)
1642 http cache @rolldown/pluginutils@https://registry.npmjs.org/@rolldown/pluginutils/-/pluginutils-1.0.0-rc.1.tgz 0ms (cache hit)
1643 http cache @rolldown/binding-win32-x64-msvc@https://registry.npmjs.org/@rolldown/binding-win32-x64-msvc/-/binding-win32-x64-msvc-1.0.0-rc.1.tgz 0ms (cache hit)
1644 http cache safer-buffer@https://registry.npmjs.org/safer-buffer/-/safer-buffer-2.1.2.tgz 0ms (cache hit)
1645 http cache @oxc-project/types@https://registry.npmjs.org/@oxc-project/types/-/types-0.110.0.tgz 0ms (cache hit)
1646 http cache toidentifier@https://registry.npmjs.org/toidentifier/-/toidentifier-1.0.0.tgz 0ms (cache hit)
1647 http cache statuses@https://registry.npmjs.org/statuses/-/statuses-1.5.0.tgz 0ms (cache hit)
1648 http cache depd@https://registry.npmjs.org/depd/-/depd-1.1.2.tgz 0ms (cache hit)
1649 http cache inherits@https://registry.npmjs.org/inherits/-/inherits-2.0.4.tgz 0ms (cache hit)
1650 http cache http-errors@https://registry.npmjs.org/http-errors/-/http-errors-1.7.3.tgz 0ms (cache hit)
1651 http cache setprototypeof@https://registry.npmjs.org/setprototypeof/-/setprototypeof-1.1.1.tgz 0ms (cache hit)
1652 http cache unpipe@https://registry.npmjs.org/unpipe/-/unpipe-1.0.0.tgz 0ms (cache hit)
1653 http cache iconv-lite@https://registry.npmjs.org/iconv-lite/-/iconv-lite-0.4.24.tgz 0ms (cache hit)
1654 http cache bytes@https://registry.npmjs.org/bytes/-/bytes-3.1.0.tgz 0ms (cache hit)
1655 http cache wrappy@https://registry.npmjs.org/wrappy/-/wrappy-1.0.2.tgz 0ms (cache hit)
1656 http cache once@https://registry.npmjs.org/once/-/once-1.4.0.tgz 0ms (cache hit)
1657 http cache esprima@https://registry.npmjs.org/esprima/-/esprima-4.0.1.tgz 0ms (cache hit)
1658 http cache end-of-stream@https://registry.npmjs.org/end-of-stream/-/end-of-stream-1.4.5.tgz 0ms (cache hit)
1659 http cache escodegen@https://registry.npmjs.org/escodegen/-/escodegen-2.1.0.tgz 0ms (cache hit)
1660 http cache source-map@https://registry.npmjs.org/source-map/-/source-map-0.6.1.tgz 0ms (cache hit)
1661 http cache netmask@https://registry.npmjs.org/netmask/-/netmask-2.1.1.tgz 0ms (cache hit)
1662 http cache data-uri-to-buffer@https://registry.npmjs.org/data-uri-to-buffer/-/data-uri-to-buffer-6.0.2.tgz 0ms (cache hit)
1663 http cache ast-types@https://registry.npmjs.org/ast-types/-/ast-types-0.13.4.tgz 0ms (cache hit)
1664 http cache degenerator@https://registry.npmjs.org/degenerator/-/degenerator-5.0.1.tgz 0ms (cache hit)
1665 http cache basic-ftp@https://registry.npmjs.org/basic-ftp/-/basic-ftp-5.3.1.tgz 0ms (cache hit)
1666 http cache pac-resolver@https://registry.npmjs.org/pac-resolver/-/pac-resolver-7.0.1.tgz 0ms (cache hit)
1667 http cache socks-proxy-agent@https://registry.npmjs.org/socks-proxy-agent/-/socks-proxy-agent-8.0.5.tgz 0ms (cache hit)
1668 http cache get-uri@https://registry.npmjs.org/get-uri/-/get-uri-6.0.5.tgz 0ms (cache hit)
1669 http cache @tootallnate/quickjs-emscripten@https://registry.npmjs.org/@tootallnate/quickjs-emscripten/-/quickjs-emscripten-0.23.0.tgz 0ms (cache hit)
1670 http cache proxy-from-env@https://registry.npmjs.org/proxy-from-env/-/proxy-from-env-1.1.0.tgz 0ms (cache hit)
1671 http cache pac-proxy-agent@https://registry.npmjs.org/pac-proxy-agent/-/pac-proxy-agent-7.2.0.tgz 0ms (cache hit)
1672 http cache parse-ms@https://registry.npmjs.org/parse-ms/-/parse-ms-2.1.0.tgz 0ms (cache hit)
1673 http cache @oxc-transform/binding-win32-x64-msvc@https://registry.npmjs.org/@oxc-transform/binding-win32-x64-msvc/-/binding-win32-x64-msvc-0.111.0.tgz 0ms (cache hit)
1674 http cache http-proxy-agent@https://registry.npmjs.org/http-proxy-agent/-/http-proxy-agent-7.0.2.tgz 0ms (cache hit)
1675 http cache mimic-fn@https://registry.npmjs.org/mimic-fn/-/mimic-fn-2.1.0.tgz 0ms (cache hit)
1676 http cache abbrev@https://registry.npmjs.org/abbrev/-/abbrev-3.0.1.tgz 0ms (cache hit)
1677 http cache whatwg-url@https://registry.npmjs.org/whatwg-url/-/whatwg-url-5.0.0.tgz 0ms (cache hit)
1678 http cache mime-db@https://registry.npmjs.org/mime-db/-/mime-db-1.52.0.tgz 0ms (cache hit)
1679 http cache raw-body@https://registry.npmjs.org/raw-body/-/raw-body-2.4.1.tgz 0ms (cache hit)
1680 http cache content-type@https://registry.npmjs.org/content-type/-/content-type-1.0.4.tgz 0ms (cache hit)
1681 http cache arg@https://registry.npmjs.org/arg/-/arg-4.1.0.tgz 0ms (cache hit)
1682 http cache ts-toolbelt@https://registry.npmjs.org/ts-toolbelt/-/ts-toolbelt-6.15.5.tgz 0ms (cache hit)
1683 http cache path-scurry@https://registry.npmjs.org/path-scurry/-/path-scurry-2.0.2.tgz 0ms (cache hit)
1684 http cache agent-base@https://registry.npmjs.org/agent-base/-/agent-base-7.1.4.tgz 0ms (cache hit)
1685 http cache minipass@https://registry.npmjs.org/minipass/-/minipass-7.1.3.tgz 0ms (cache hit)
1686 http cache pump@https://registry.npmjs.org/pump/-/pump-3.0.4.tgz 0ms (cache hit)
1687 http cache delayed-stream@https://registry.npmjs.org/delayed-stream/-/delayed-stream-1.0.0.tgz 0ms (cache hit)
1688 http cache universalify@https://registry.npmjs.org/universalify/-/universalify-2.0.1.tgz 0ms (cache hit)
1689 http cache jsonfile@https://registry.npmjs.org/jsonfile/-/jsonfile-6.2.1.tgz 0ms (cache hit)
1690 http cache combined-stream@https://registry.npmjs.org/combined-stream/-/combined-stream-1.0.8.tgz 0ms (cache hit)
1691 http cache strip-final-newline@https://registry.npmjs.org/strip-final-newline/-/strip-final-newline-2.0.0.tgz 0ms (cache hit)
1692 http cache asynckit@https://registry.npmjs.org/asynckit/-/asynckit-0.4.0.tgz 0ms (cache hit)
1693 http cache onetime@https://registry.npmjs.org/onetime/-/onetime-5.1.2.tgz 0ms (cache hit)
1694 http cache npm-run-path@https://registry.npmjs.org/npm-run-path/-/npm-run-path-4.0.1.tgz 0ms (cache hit)
1695 http cache p-finally@https://registry.npmjs.org/p-finally/-/p-finally-2.0.1.tgz 0ms (cache hit)
1696 http cache merge-stream@https://registry.npmjs.org/merge-stream/-/merge-stream-2.0.0.tgz 0ms (cache hit)
1697 http cache human-signals@https://registry.npmjs.org/human-signals/-/human-signals-1.1.1.tgz 0ms (cache hit)
1698 http cache is-stream@https://registry.npmjs.org/is-stream/-/is-stream-2.0.1.tgz 0ms (cache hit)
1699 http cache get-stream@https://registry.npmjs.org/get-stream/-/get-stream-5.2.0.tgz 0ms (cache hit)
1700 http cache time-span@https://registry.npmjs.org/time-span/-/time-span-4.0.0.tgz 0ms (cache hit)
1701 http cache @esbuild/win32-x64@https://registry.npmjs.org/@esbuild/win32-x64/-/win32-x64-0.27.0.tgz 0ms (cache hit)
1702 http cache pretty-ms@https://registry.npmjs.org/pretty-ms/-/pretty-ms-7.0.1.tgz 0ms (cache hit)
1703 http cache signal-exit@https://registry.npmjs.org/signal-exit/-/signal-exit-4.0.2.tgz 0ms (cache hit)
1704 http cache mri@https://registry.npmjs.org/mri/-/mri-1.2.0.tgz 0ms (cache hit)
1705 http cache @edge-runtime/format@https://registry.npmjs.org/@edge-runtime/format/-/format-2.2.1.tgz 0ms (cache hit)
1706 http cache @edge-runtime/ponyfill@https://registry.npmjs.org/@edge-runtime/ponyfill/-/ponyfill-2.4.2.tgz 0ms (cache hit)
1707 http cache readdirp@https://registry.npmjs.org/readdirp/-/readdirp-4.1.2.tgz 0ms (cache hit)
1708 http cache web-vitals@https://registry.npmjs.org/web-vitals/-/web-vitals-0.2.4.tgz 0ms (cache hit)
1709 http cache file-uri-to-path@https://registry.npmjs.org/file-uri-to-path/-/file-uri-to-path-1.0.0.tgz 0ms (cache hit)
1710 http cache json-schema-to-ts@https://registry.npmjs.org/json-schema-to-ts/-/json-schema-to-ts-1.6.4.tgz 0ms (cache hit)
1711 http cache retry@https://registry.npmjs.org/retry/-/retry-0.13.1.tgz 0ms (cache hit)
1712 http cache @sinclair/typebox@https://registry.npmjs.org/@sinclair/typebox/-/typebox-0.25.24.tgz 0ms (cache hit)
1713 http cache @vercel/gatsby-plugin-vercel-analytics@https://registry.npmjs.org/@vercel/gatsby-plugin-vercel-analytics/-/gatsby-plugin-vercel-analytics-1.0.11.tgz 0ms (cache hit)
1714 http cache @vercel/gatsby-plugin-vercel-builder@https://registry.npmjs.org/@vercel/gatsby-plugin-vercel-builder/-/gatsby-plugin-vercel-builder-2.2.7.tgz 0ms (cache hit)
1715 http cache @renovatebot/pep440@https://registry.npmjs.org/@renovatebot/pep440/-/pep440-4.2.1.tgz 0ms (cache hit)
1716 http cache path-to-regexp-updated@https://registry.npmjs.org/path-to-regexp/-/path-to-regexp-6.3.0.tgz 0ms (cache hit)
1717 http cache @bytecodealliance/preview2-shim@https://registry.npmjs.org/@bytecodealliance/preview2-shim/-/preview2-shim-0.17.6.tgz 0ms (cache hit)
1718 http cache mime-types@https://registry.npmjs.org/mime-types/-/mime-types-2.1.35.tgz 0ms (cache hit)
1719 http cache etag@https://registry.npmjs.org/etag/-/etag-1.8.1.tgz 0ms (cache hit)
1720 http cache @vercel/error-utils@https://registry.npmjs.org/@vercel/error-utils/-/error-utils-2.1.0.tgz 1ms (cache hit)
1721 http cache @edge-runtime/vm@https://registry.npmjs.org/@edge-runtime/vm/-/vm-3.2.0.tgz 0ms (cache hit)
1722 http cache @edge-runtime/primitives@https://registry.npmjs.org/@edge-runtime/primitives/-/primitives-4.1.0.tgz 0ms (cache hit)
1723 http cache edge-runtime@https://registry.npmjs.org/edge-runtime/-/edge-runtime-2.5.9.tgz 0ms (cache hit)
1724 http cache https-proxy-agent@https://registry.npmjs.org/https-proxy-agent/-/https-proxy-agent-7.0.6.tgz 0ms (cache hit)
1725 http cache @edge-runtime/node-utils@https://registry.npmjs.org/@edge-runtime/node-utils/-/node-utils-2.3.0.tgz 0ms (cache hit)
1726 http cache nopt@https://registry.npmjs.org/nopt/-/nopt-8.1.0.tgz 0ms (cache hit)
1727 http cache consola@https://registry.npmjs.org/consola/-/consola-3.4.2.tgz 0ms (cache hit)
1728 http cache glob@https://registry.npmjs.org/glob/-/glob-13.0.6.tgz 0ms (cache hit)
1729 http cache node-gyp-build@https://registry.npmjs.org/node-gyp-build/-/node-gyp-build-4.8.4.tgz 0ms (cache hit)
1730 http cache estree-walker@https://registry.npmjs.org/estree-walker/-/estree-walker-2.0.2.tgz 0ms (cache hit)
1731 http cache bindings@https://registry.npmjs.org/bindings/-/bindings-1.5.0.tgz 0ms (cache hit)
1732 http cache async-sema@https://registry.npmjs.org/async-sema/-/async-sema-3.1.1.tgz 0ms (cache hit)
1733 http cache acorn-import-attributes@https://registry.npmjs.org/acorn-import-attributes/-/acorn-import-attributes-1.9.5.tgz 0ms (cache hit)
1734 http cache @mapbox/node-pre-gyp@https://registry.npmjs.org/@mapbox/node-pre-gyp/-/node-pre-gyp-2.0.3.tgz 0ms (cache hit)
1735 http cache @rollup/pluginutils@https://registry.npmjs.org/@rollup/pluginutils/-/pluginutils-5.3.0.tgz 0ms (cache hit)
1736 http cache uid-promise@https://registry.npmjs.org/uid-promise/-/uid-promise-1.0.0.tgz 0ms (cache hit)
1737 http cache tree-kill@https://registry.npmjs.org/tree-kill/-/tree-kill-1.2.2.tgz 0ms (cache hit)
1738 http cache tinyexec@https://registry.npmjs.org/tinyexec/-/tinyexec-0.3.2.tgz 0ms (cache hit)
1739 http cache yauzl-promise@https://registry.npmjs.org/yauzl-promise/-/yauzl-promise-2.1.3.tgz 0ms (cache hit)
1740 http cache stream-to-promise@https://registry.npmjs.org/stream-to-promise/-/stream-to-promise-2.2.0.tgz 0ms (cache hit)
1741 http cache tar@https://registry.npmjs.org/tar/-/tar-7.5.7.tgz 0ms (cache hit)
1742 http cache promisepipe@https://registry.npmjs.org/promisepipe/-/promisepipe-3.0.0.tgz 0ms (cache hit)
1743 http cache node-fetch@https://registry.npmjs.org/node-fetch/-/node-fetch-2.6.7.tgz 0ms (cache hit)
1744 http cache stat-mode@https://registry.npmjs.org/stat-mode/-/stat-mode-0.3.0.tgz 0ms (cache hit)
1745 http cache micro@https://registry.npmjs.org/micro/-/micro-9.3.5-canary.3.tgz 0ms (cache hit)
1746 http cache async-listen@https://registry.npmjs.org/async-listen/-/async-listen-1.2.0.tgz 0ms (cache hit)
1747 http cache generic-pool@https://registry.npmjs.org/generic-pool/-/generic-pool-3.4.2.tgz 0ms (cache hit)
1748 http cache @tootallnate/once@https://registry.npmjs.org/@tootallnate/once/-/once-2.0.0.tgz 0ms (cache hit)
1749 http cache ts-morph@https://registry.npmjs.org/ts-morph/-/ts-morph-12.0.0.tgz 0ms (cache hit)
1750 http cache @vercel/cervel@https://registry.npmjs.org/@vercel/cervel/-/cervel-0.1.7.tgz 0ms (cache hit)
1751 http cache @vercel/static-config@https://registry.npmjs.org/@vercel/static-config/-/static-config-3.3.0.tgz 0ms (cache hit)
1752 http cache xdg-app-paths@https://registry.npmjs.org/xdg-app-paths/-/xdg-app-paths-5.5.1.tgz 0ms (cache hit)
1753 http cache es-module-lexer@https://registry.npmjs.org/es-module-lexer/-/es-module-lexer-1.5.0.tgz 0ms (cache hit)
1754 http cache undici@https://registry.npmjs.org/undici/-/undici-6.26.0.tgz 0ms (cache hit)
1755 http cache cjs-module-lexer@https://registry.npmjs.org/cjs-module-lexer/-/cjs-module-lexer-1.2.3.tgz 0ms (cache hit)
1756 http cache @vercel/python-analysis@https://registry.npmjs.org/@vercel/python-analysis/-/python-analysis-0.11.1.tgz 0ms (cache hit)
1757 http cache throttleit@https://registry.npmjs.org/throttleit/-/throttleit-2.1.0.tgz 0ms (cache hit)
1758 http cache async-retry@https://registry.npmjs.org/async-retry/-/async-retry-1.3.3.tgz 0ms (cache hit)
1759 http cache is-node-process@https://registry.npmjs.org/is-node-process/-/is-node-process-1.2.0.tgz 0ms (cache hit)
1760 http cache is-buffer@https://registry.npmjs.org/is-buffer/-/is-buffer-2.0.5.tgz 0ms (cache hit)
1761 http cache tsx@https://registry.npmjs.org/tsx/-/tsx-4.21.0.tgz 0ms (cache hit)
1762 http cache srvx@https://registry.npmjs.org/srvx/-/srvx-0.8.9.tgz 0ms (cache hit)
1763 http cache rolldown@https://registry.npmjs.org/rolldown/-/rolldown-1.0.0-rc.1.tgz 0ms (cache hit)
1764 http cache resolve.exports@https://registry.npmjs.org/resolve.exports/-/resolve.exports-2.0.3.tgz 0ms (cache hit)
1765 http cache oxc-transform@https://registry.npmjs.org/oxc-transform/-/oxc-transform-0.111.0.tgz 0ms (cache hit)
1766 http cache path-to-regexp@https://registry.npmjs.org/path-to-regexp/-/path-to-regexp-8.3.0.tgz 0ms (cache hit)
1767 http cache fs-extra@https://registry.npmjs.org/fs-extra/-/fs-extra-11.1.0.tgz 0ms (cache hit)
1768 http cache execa@https://registry.npmjs.org/execa/-/execa-3.2.0.tgz 0ms (cache hit)
1769 http cache @vercel/nft@https://registry.npmjs.org/@vercel/nft/-/nft-1.5.0.tgz 0ms (cache hit)
1770 http cache smol-toml@https://registry.npmjs.org/smol-toml/-/smol-toml-1.5.2.tgz 0ms (cache hit)
1771 http cache sandbox@https://registry.npmjs.org/sandbox/-/sandbox-2.5.6.tgz 0ms (cache hit)
1772 http cache proxy-agent@https://registry.npmjs.org/proxy-agent/-/proxy-agent-6.4.0.tgz 0ms (cache hit)
1773 http cache jose@https://registry.npmjs.org/jose/-/jose-5.9.6.tgz 0ms (cache hit)
1774 http cache luxon@https://registry.npmjs.org/luxon/-/luxon-3.7.2.tgz 0ms (cache hit)
1775 http cache @vercel/static-build@https://registry.npmjs.org/@vercel/static-build/-/static-build-2.9.30.tgz 0ms (cache hit)
1776 http cache form-data@https://registry.npmjs.org/form-data/-/form-data-4.0.5.tgz 0ms (cache hit)
1777 http cache esbuild@https://registry.npmjs.org/esbuild/-/esbuild-0.27.0.tgz 0ms (cache hit)
1778 http cache chokidar@https://registry.npmjs.org/chokidar/-/chokidar-4.0.0.tgz 0ms (cache hit)
1779 http cache @vercel/rust@https://registry.npmjs.org/@vercel/rust/-/rust-1.2.0.tgz 0ms (cache hit)
1780 http cache @vercel/python@https://registry.npmjs.org/@vercel/python/-/python-6.43.1.tgz 0ms (cache hit)
1781 http cache @vercel/ruby@https://registry.npmjs.org/@vercel/ruby/-/ruby-2.3.2.tgz 0ms (cache hit)
1782 http cache @vercel/remix-builder@https://registry.npmjs.org/@vercel/remix-builder/-/remix-builder-5.8.2.tgz 0ms (cache hit)
1783 http cache @vercel/redwood@https://registry.npmjs.org/@vercel/redwood/-/redwood-2.4.13.tgz 0ms (cache hit)
1784 http cache @vercel/prepare-flags-definitions@https://registry.npmjs.org/@vercel/prepare-flags-definitions/-/prepare-flags-definitions-0.2.1.tgz 0ms (cache hit)
1785 http cache @vercel/node@https://registry.npmjs.org/@vercel/node/-/node-5.8.4.tgz 0ms (cache hit)
1786 http cache @vercel/next@https://registry.npmjs.org/@vercel/next/-/next-4.17.4.tgz 0ms (cache hit)
1787 http cache @vercel/nestjs@https://registry.npmjs.org/@vercel/nestjs/-/nestjs-0.2.84.tgz 0ms (cache hit)
1788 http cache @vercel/koa@https://registry.npmjs.org/@vercel/koa/-/koa-0.1.63.tgz 0ms (cache hit)
1789 http cache @vercel/hydrogen@https://registry.npmjs.org/@vercel/hydrogen/-/hydrogen-1.3.7.tgz 0ms (cache hit)
1790 http cache @vercel/hono@https://registry.npmjs.org/@vercel/hono/-/hono-0.2.83.tgz 0ms (cache hit)
1791 http cache @vercel/h3@https://registry.npmjs.org/@vercel/h3/-/h3-0.1.89.tgz 0ms (cache hit)
1792 http cache @vercel/go@https://registry.npmjs.org/@vercel/go/-/go-3.7.1.tgz 0ms (cache hit)
1793 http cache @vercel/fun@https://registry.npmjs.org/@vercel/fun/-/fun-1.3.0.tgz 0ms (cache hit)
1794 http cache @vercel/fastify@https://registry.npmjs.org/@vercel/fastify/-/fastify-0.1.83.tgz 0ms (cache hit)
1795 http cache @vercel/elysia@https://registry.npmjs.org/@vercel/elysia/-/elysia-0.1.80.tgz 0ms (cache hit)
1796 http cache @vercel/cli-config@https://registry.npmjs.org/@vercel/cli-config/-/cli-config-0.1.2.tgz 0ms (cache hit)
1797 http cache @vercel/express@https://registry.npmjs.org/@vercel/express/-/express-0.1.90.tgz 0ms (cache hit)
1798 http cache @vercel/build-utils@https://registry.npmjs.org/@vercel/build-utils/-/build-utils-13.26.1.tgz 0ms (cache hit)
1799 http cache @vercel/detect-agent@https://registry.npmjs.org/@vercel/detect-agent/-/detect-agent-1.2.3.tgz 0ms (cache hit)
1800 http cache @vercel/blob@https://registry.npmjs.org/@vercel/blob/-/blob-2.4.0.tgz 0ms (cache hit)
1801 http cache @vercel/backends@https://registry.npmjs.org/@vercel/backends/-/backends-0.7.2.tgz 0ms (cache hit)
1802 http cache vercel@https://registry.npmjs.org/vercel/-/vercel-54.4.1.tgz 0ms (cache hit)
1803 http cache zod@https://registry.npmjs.org/zod/-/zod-3.24.4.tgz 0ms (cache hit)
1804 http cache xdg-app-paths@https://registry.npmjs.org/xdg-app-paths/-/xdg-app-paths-5.1.0.tgz 0ms (cache hit)
1805 http cache undici@https://registry.npmjs.org/undici/-/undici-7.26.0.tgz 0ms (cache hit)
1806 http cache picocolors@https://registry.npmjs.org/picocolors/-/picocolors-1.0.0.tgz 0ms (cache hit)
1807 http cache async-listen@https://registry.npmjs.org/async-listen/-/async-listen-3.0.1.tgz 0ms (cache hit)
1808 http cache brace-expansion@https://registry.npmjs.org/brace-expansion/-/brace-expansion-5.0.6.tgz 0ms (cache hit)
1809 http cache lru-cache@https://registry.npmjs.org/lru-cache/-/lru-cache-11.5.0.tgz 0ms (cache hit)
1810 http cache balanced-match@https://registry.npmjs.org/balanced-match/-/balanced-match-4.0.4.tgz 0ms (cache hit)
1811 http cache minimatch@https://registry.npmjs.org/minimatch/-/minimatch-10.2.5.tgz 0ms (cache hit)
1812 http cache picomatch@https://registry.npmjs.org/picomatch/-/picomatch-4.0.4.tgz 0ms (cache hit)
1813 http cache yallist@https://registry.npmjs.org/yallist/-/yallist-5.0.0.tgz 0ms (cache hit)
1814 http cache end-of-stream@https://registry.npmjs.org/end-of-stream/-/end-of-stream-1.1.0.tgz 0ms (cache hit)
1815 http cache semver@https://registry.npmjs.org/semver/-/semver-7.8.1.tgz 0ms (cache hit)
1816 http cache once@https://registry.npmjs.org/once/-/once-1.3.3.tgz 0ms (cache hit)
1817 http cache json-schema-traverse@https://registry.npmjs.org/json-schema-traverse/-/json-schema-traverse-1.0.0.tgz 0ms (cache hit)
1818 http cache ajv@https://registry.npmjs.org/ajv/-/ajv-8.6.3.tgz 0ms (cache hit)
1819 http cache signal-exit@https://registry.npmjs.org/signal-exit/-/signal-exit-3.0.7.tgz 0ms (cache hit)
1820 http cache zod@https://registry.npmjs.org/zod/-/zod-3.22.4.tgz 0ms (cache hit)
1821 http cache minimatch@https://registry.npmjs.org/minimatch/-/minimatch-10.1.1.tgz 0ms (cache hit)
1822 http cache fs-extra@https://registry.npmjs.org/fs-extra/-/fs-extra-11.1.1.tgz 0ms (cache hit)
1823 http cache resolve-from@https://registry.npmjs.org/resolve-from/-/resolve-from-5.0.0.tgz 0ms (cache hit)
1824 http cache lru-cache@https://registry.npmjs.org/lru-cache/-/lru-cache-7.18.3.tgz 0ms (cache hit)
1825 http cache picomatch@https://registry.npmjs.org/picomatch/-/picomatch-4.0.4.tgz 0ms (cache hit)
1826 http cache signal-exit@https://registry.npmjs.org/signal-exit/-/signal-exit-3.0.7.tgz 0ms (cache hit)
1827 http cache human-signals@https://registry.npmjs.org/human-signals/-/human-signals-2.1.0.tgz 0ms (cache hit)
1828 http cache undici-types@https://registry.npmjs.org/undici-types/-/undici-types-5.26.5.tgz 0ms (cache hit)
1829 http cache get-stream@https://registry.npmjs.org/get-stream/-/get-stream-6.0.1.tgz 0ms (cache hit)
1830 http cache execa@https://registry.npmjs.org/execa/-/execa-5.1.1.tgz 0ms (cache hit)
1831 http cache path-to-regexp@https://registry.npmjs.org/path-to-regexp/-/path-to-regexp-6.1.0.tgz 0ms (cache hit)
1832 http cache undici@https://registry.npmjs.org/undici/-/undici-5.28.4.tgz 0ms (cache hit)
1833 http cache node-fetch@https://registry.npmjs.org/node-fetch/-/node-fetch-2.6.9.tgz 0ms (cache hit)
1834 http cache async-listen@https://registry.npmjs.org/async-listen/-/async-listen-3.0.0.tgz 0ms (cache hit)
1835 http cache @types/node@https://registry.npmjs.org/@types/node/-/node-20.11.0.tgz 0ms (cache hit)
1836 http cache path-to-regexp@https://registry.npmjs.org/path-to-regexp/-/path-to-regexp-6.1.0.tgz 0ms (cache hit)
1837 http cache es-module-lexer@https://registry.npmjs.org/es-module-lexer/-/es-module-lexer-1.4.1.tgz 0ms (cache hit)
1838 http cache zod@https://registry.npmjs.org/zod/-/zod-3.22.4.tgz 0ms (cache hit)
1839 http cache lru-cache@https://registry.npmjs.org/lru-cache/-/lru-cache-6.0.0.tgz 0ms (cache hit)
1840 http cache yallist@https://registry.npmjs.org/yallist/-/yallist-4.0.0.tgz 0ms (cache hit)
1841 http cache xdg-app-paths@https://registry.npmjs.org/xdg-app-paths/-/xdg-app-paths-5.1.0.tgz 0ms (cache hit)
1842 http cache path-to-regexp@https://registry.npmjs.org/path-to-regexp/-/path-to-regexp-8.2.0.tgz 0ms (cache hit)
1843 http cache semver@https://registry.npmjs.org/semver/-/semver-7.5.4.tgz 0ms (cache hit)
1844 http cache debug@https://registry.npmjs.org/debug/-/debug-4.3.4.tgz 0ms (cache hit)
1845 http cache ms@https://registry.npmjs.org/ms/-/ms-2.1.1.tgz 0ms (cache hit)
1846 http cache ms@https://registry.npmjs.org/ms/-/ms-2.1.2.tgz 0ms (cache hit)
1847 http cache zod@https://registry.npmjs.org/zod/-/zod-3.22.4.tgz 0ms (cache hit)
1848 http cache zod@https://registry.npmjs.org/zod/-/zod-4.1.11.tgz 0ms (cache hit)
1849 http cache zod@https://registry.npmjs.org/zod/-/zod-4.1.11.tgz 0ms (cache hit)
1850 http cache zod@https://registry.npmjs.org/zod/-/zod-3.22.4.tgz 0ms (cache hit)
1851 silly tarball no local data for undici@https://registry.npmjs.org/undici/-/undici-6.26.0.tgz. Extracting by manifest.
1852 silly tarball no local data for undici@https://registry.npmjs.org/undici/-/undici-7.26.0.tgz. Extracting by manifest.
1853 silly tarball no local data for semver@https://registry.npmjs.org/semver/-/semver-7.8.1.tgz. Extracting by manifest.
1854 http fetch POST 200 https://registry.npmjs.org/-/npm/v1/security/advisories/bulk 598ms
1855 silly audit report {
1855 silly audit report   'brace-expansion': [
1855 silly audit report     {
1855 silly audit report       id: 1119088,
1855 silly audit report       url: 'https://github.com/advisories/GHSA-jxxr-4gwj-5jf2',
1855 silly audit report       title: 'brace-expansion: Large numeric range defeats documented `max` DoS protection',
1855 silly audit report       severity: 'moderate',
1855 silly audit report       vulnerable_versions: '>=5.0.0 <5.0.6',
1855 silly audit report       cwe: [Array],
1855 silly audit report       cvss: [Object]
1855 silly audit report     }
1855 silly audit report   ],
1855 silly audit report   minimatch: [
1855 silly audit report     {
1855 silly audit report       id: 1113466,
1855 silly audit report       url: 'https://github.com/advisories/GHSA-3ppc-4f35-3m26',
1855 silly audit report       title: 'minimatch has a ReDoS via repeated wildcards with non-matching literal in pattern',
1855 silly audit report       severity: 'high',
1855 silly audit report       vulnerable_versions: '>=10.0.0 <10.2.1',
1855 silly audit report       cwe: [Array],
1855 silly audit report       cvss: [Object]
1855 silly audit report     },
1855 silly audit report     {
1855 silly audit report       id: 1113545,
1855 silly audit report       url: 'https://github.com/advisories/GHSA-7r86-cg39-jmmj',
1855 silly audit report       title: 'minimatch has ReDoS: matchOne() combinatorial backtracking via multiple non-adjacent GLOBSTAR segments',
1855 silly audit report       severity: 'high',
1855 silly audit report       vulnerable_versions: '>=10.0.0 <10.2.3',
1855 silly audit report       cwe: [Array],
1855 silly audit report       cvss: [Object]
1855 silly audit report     },
1855 silly audit report     {
1855 silly audit report       id: 1113553,
1855 silly audit report       url: 'https://github.com/advisories/GHSA-23c5-xmqv-rm74',
1855 silly audit report       title: 'minimatch ReDoS: nested *() extglobs generate catastrophically backtracking regular expressions',
1855 silly audit report       severity: 'high',
1855 silly audit report       vulnerable_versions: '>=10.0.0 <10.2.3',
1855 silly audit report       cwe: [Array],
1855 silly audit report       cvss: [Object]
1855 silly audit report     }
1855 silly audit report   ],
1855 silly audit report   ajv: [
1855 silly audit report     {
1855 silly audit report       id: 1113715,
1855 silly audit report       url: 'https://github.com/advisories/GHSA-2g4f-4pwh-qvx6',
1855 silly audit report       title: 'ajv has ReDoS when using `$data` option',
1855 silly audit report       severity: 'moderate',
1855 silly audit report       vulnerable_versions: '>=7.0.0-alpha.0 <8.18.0',
1855 silly audit report       cwe: [Array],
1855 silly audit report       cvss: [Object]
1855 silly audit report     }
1855 silly audit report   ],
1855 silly audit report   next: [
1855 silly audit report     {
1855 silly audit report       id: 1117930,
1855 silly audit report       url: 'https://github.com/advisories/GHSA-8h8q-6873-q5fj',
1855 silly audit report       title: 'Next.js Vulnerable to Denial of Service with Server Components',
1855 silly audit report       severity: 'high',
1855 silly audit report       vulnerable_versions: '>=16.0.0 <16.2.5',
1855 silly audit report       cwe: [Array],
1855 silly audit report       cvss: [Object]
1855 silly audit report     },
1855 silly audit report     {
1855 silly audit report       id: 1118938,
1855 silly audit report       url: 'https://github.com/advisories/GHSA-26hh-7cqf-hhc6',
1855 silly audit report       title: 'Next.js has a Middleware / Proxy bypass in App Router applications via segment-prefetch routes - Incomplete Fix Follow-Up',
1855 silly audit report       severity: 'high',
1855 silly audit report       vulnerable_versions: '>=16.0.0 <16.2.6',
1855 silly audit report       cwe: [Array],
1855 silly audit report       cvss: [Object]
1855 silly audit report     },
1855 silly audit report     {
1855 silly audit report       id: 1118941,
1855 silly audit report       url: 'https://github.com/advisories/GHSA-3g8h-86w9-wvmq',
1855 silly audit report       title: "Next.js's Middleware / Proxy redirects can be cache-poisoned",
1855 silly audit report       severity: 'low',
1855 silly audit report       vulnerable_versions: '>=16.0.0 <16.2.5',
1855 silly audit report       cwe: [Array],
1855 silly audit report       cvss: [Object]
1855 silly audit report     },
1855 silly audit report     {
1855 silly audit report       id: 1118943,
1855 silly audit report       url: 'https://github.com/advisories/GHSA-ffhc-5mcf-pf4q',
1855 silly audit report       title: 'Next.js vulnerable to cross-site scripting in App Router applications using CSP nonces',
1855 silly audit report       severity: 'moderate',
1855 silly audit report       vulnerable_versions: '>=16.0.0 <16.2.5',
1855 silly audit report       cwe: [Array],
1855 silly audit report       cvss: [Object]
1855 silly audit report     },
1855 silly audit report     {
1855 silly audit report       id: 1118945,
1855 silly audit report       url: 'https://github.com/advisories/GHSA-vfv6-92ff-j949',
1855 silly audit report       title: 'Next.js vulnerable to cache poisoning via collisions in React Server Component cache-busting',
1855 silly audit report       severity: 'low',
1855 silly audit report       vulnerable_versions: '>=16.0.0 <16.2.5',
1855 silly audit report       cwe: [Array],
1855 silly audit report       cvss: [Object]
1855 silly audit report     },
1855 silly audit report     {
1855 silly audit report       id: 1118947,
1855 silly audit report       url: 'https://github.com/advisories/GHSA-gx5p-jg67-6x7h',
1855 silly audit report       title: 'Next.js has cross-site scripting in beforeInteractive scripts with untrusted input',
1855 silly audit report       severity: 'moderate',
1855 silly audit report       vulnerable_versions: '>=16.0.0 <16.2.5',
1855 silly audit report       cwe: [Array],
1855 silly audit report       cvss: [Object]
1855 silly audit report     },
1855 silly audit report     {
1855 silly audit report       id: 1118949,
1855 silly audit report       url: 'https://github.com/advisories/GHSA-mg66-mrh9-m8jx',
1855 silly audit report       title: 'Next.js vulnerable to Denial of Service via connection exhaustion in applications using Cache Components',
1855 silly audit report       severity: 'high',
1855 silly audit report       vulnerable_versions: '>=16.0.0 <16.2.5',
1855 silly audit report       cwe: [Array],
1855 silly audit report       cvss: [Object]
1855 silly audit report     },
1855 silly audit report     {
1855 silly audit report       id: 1118951,
1855 silly audit report       url: 'https://github.com/advisories/GHSA-h64f-5h5j-jqjh',
1855 silly audit report       title: 'Next.js has a Denial of Service in the Image Optimization API',
1855 silly audit report       severity: 'moderate',
1855 silly audit report       vulnerable_versions: '>=16.0.0 <16.2.5',
1855 silly audit report       cwe: [Array],
1855 silly audit report       cvss: [Object]
1855 silly audit report     },
1855 silly audit report     {
1855 silly audit report       id: 1118953,
1855 silly audit report       url: 'https://github.com/advisories/GHSA-c4j6-fc7j-m34r',
1855 silly audit report       title: 'Next.js vulnerable to server-side request forgery in applications using WebSocket upgrades',
1855 silly audit report       severity: 'high',
1855 silly audit report       vulnerable_versions: '>=16.0.0 <16.2.5',
1855 silly audit report       cwe: [Array],
1855 silly audit report       cvss: [Object]
1855 silly audit report     },
1855 silly audit report     {
1855 silly audit report       id: 1118955,
1855 silly audit report       url: 'https://github.com/advisories/GHSA-492v-c6pp-mqqv',
1855 silly audit report       title: 'Next.js has a Middleware / Proxy bypass through dynamic route parameter injection',
1855 silly audit report       severity: 'high',
1855 silly audit report       vulnerable_versions: '>=16.0.0 <16.2.5',
1855 silly audit report       cwe: [Array],
1855 silly audit report       cvss: [Object]
1855 silly audit report     },
1855 silly audit report     {
1855 silly audit report       id: 1118957,
1855 silly audit report       url: 'https://github.com/advisories/GHSA-wfc6-r584-vfw7',
1855 silly audit report       title: 'Next.js vulnerable to cache poisoning in React Server Component responses',
1855 silly audit report       severity: 'moderate',
1855 silly audit report       vulnerable_versions: '>=16.0.0 <16.2.5',
1855 silly audit report       cwe: [Array],
1855 silly audit report       cvss: [Object]
1855 silly audit report     },
1855 silly audit report     {
1855 silly audit report       id: 1118959,
1855 silly audit report       url: 'https://github.com/advisories/GHSA-267c-6grr-h53f',
1855 silly audit report       title: 'Next.js has a Middleware / Proxy bypass in App Router applications via segment-prefetch routes',
1855 silly audit report       severity: 'high',
1855 silly audit report       vulnerable_versions: '>=16.0.0 <16.2.5',
1855 silly audit report       cwe: [Array],
1855 silly audit report       cvss: [Object]
1855 silly audit report     },
1855 silly audit report     {
1855 silly audit report       id: 1118961,
1855 silly audit report       url: 'https://github.com/advisories/GHSA-36qx-fr4f-26g5',
1855 silly audit report       title: 'Next.js has a Middleware / Proxy bypass in Pages Router applications using i18n',
1855 silly audit report       severity: 'high',
1855 silly audit report       vulnerable_versions: '>=16.0.0 <16.2.5',
1855 silly audit report       cwe: [Array],
1855 silly audit report       cvss: [Object]
1855 silly audit report     }
1855 silly audit report   ],
1855 silly audit report   postcss: [
1855 silly audit report     {
1855 silly audit report       id: 1117015,
1855 silly audit report       url: 'https://github.com/advisories/GHSA-qx2v-qp2m-jg93',
1855 silly audit report       title: 'PostCSS has XSS via Unescaped </style> in its CSS Stringify Output',
1855 silly audit report       severity: 'moderate',
1855 silly audit report       vulnerable_versions: '<8.5.10',
1855 silly audit report       cwe: [Array],
1855 silly audit report       cvss: [Object]
1855 silly audit report     }
1855 silly audit report   ],
1855 silly audit report   ws: [
1855 silly audit report     {
1855 silly audit report       id: 1119108,
1855 silly audit report       url: 'https://github.com/advisories/GHSA-58qx-3vcg-4xpx',
1855 silly audit report       title: 'ws: Uninitialized memory disclosure',
1855 silly audit report       severity: 'moderate',
1855 silly audit report       vulnerable_versions: '>=8.0.0 <8.20.1',
1855 silly audit report       cwe: [Array],
1855 silly audit report       cvss: [Object]
1855 silly audit report     }
1855 silly audit report   ],
1855 silly audit report   'smol-toml': [
1855 silly audit report     {
1855 silly audit report       id: 1115393,
1855 silly audit report       url: 'https://github.com/advisories/GHSA-v3rj-xjv7-4jmq',
1855 silly audit report       title: 'smol-toml: Denial of Service via TOML documents containing thousands of consecutive commented lines',
1855 silly audit report       severity: 'moderate',
1855 silly audit report       vulnerable_versions: '<1.6.1',
1855 silly audit report       cwe: [Array],
1855 silly audit report       cvss: [Object]
1855 silly audit report     }
1855 silly audit report   ],
1855 silly audit report   'path-to-regexp': [
1855 silly audit report     {
1855 silly audit report       id: 1101846,
1855 silly audit report       url: 'https://github.com/advisories/GHSA-9wv6-86v2-598j',
1855 silly audit report       title: 'path-to-regexp outputs backtracking regular expressions',
1855 silly audit report       severity: 'high',
1855 silly audit report       vulnerable_versions: '>=4.0.0 <6.3.0',
1855 silly audit report       cwe: [Array],
1855 silly audit report       cvss: [Object]
1855 silly audit report     },
1855 silly audit report     {
1855 silly audit report       id: 1115573,
1855 silly audit report       url: 'https://github.com/advisories/GHSA-j3q9-mxjg-w52f',
1855 silly audit report       title: 'path-to-regexp vulnerable to Denial of Service via sequential optional groups',
1855 silly audit report       severity: 'high',
1855 silly audit report       vulnerable_versions: '>=8.0.0 <8.4.0',
1855 silly audit report       cwe: [Array],
1855 silly audit report       cvss: [Object]
1855 silly audit report     },
1855 silly audit report     {
1855 silly audit report       id: 1115582,
1855 silly audit report       url: 'https://github.com/advisories/GHSA-27v5-c462-wpq7',
1855 silly audit report       title: 'path-to-regexp vulnerable to Regular Expression Denial of Service via multiple wildcards',
1855 silly audit report       severity: 'moderate',
1855 silly audit report       vulnerable_versions: '>=8.0.0 <8.4.0',
1855 silly audit report       cwe: [Array],
1855 silly audit report       cvss: [Object]
1855 silly audit report     }
1855 silly audit report   ],
1855 silly audit report   srvx: [
1855 silly audit report     {
1855 silly audit report       id: 1115537,
1855 silly audit report       url: 'https://github.com/advisories/GHSA-p36q-q72m-gchr',
1855 silly audit report       title: 'srvx is vulnerable to middleware bypass via absolute URI in request line ',
1855 silly audit report       severity: 'moderate',
1855 silly audit report       vulnerable_versions: '<0.11.13',
1855 silly audit report       cwe: [Array],
1855 silly audit report       cvss: [Object]
1855 silly audit report     }
1855 silly audit report   ],
1855 silly audit report   undici: [
1855 silly audit report     {
1855 silly audit report       id: 1101610,
1855 silly audit report       url: 'https://github.com/advisories/GHSA-c76h-2ccp-4975',
1855 silly audit report       title: 'Use of Insufficiently Random Values in undici',
1855 silly audit report       severity: 'moderate',
1855 silly audit report       vulnerable_versions: '>=4.5.0 <5.28.5',
1855 silly audit report       cwe: [Array],
1855 silly audit report       cvss: [Object]
1855 silly audit report     },
1855 silly audit report     {
1855 silly audit report       id: 1112496,
1855 silly audit report       url: 'https://github.com/advisories/GHSA-g9mf-h72j-4rw9',
1855 silly audit report       title: 'Undici has an unbounded decompression chain in HTTP responses on Node.js Fetch API via Content-Encoding leads to resource exhaustion',
1855 silly audit report       severity: 'moderate',
1855 silly audit report       vulnerable_versions: '<6.23.0',
1855 silly audit report       cwe: [Array],
1855 silly audit report       cvss: [Object]
1855 silly audit report     },
1855 silly audit report     {
1855 silly audit report       id: 1113069,
1855 silly audit report       url: 'https://github.com/advisories/GHSA-cxrh-j4jr-qwg3',
1855 silly audit report       title: 'undici Denial of Service attack via bad certificate data',
1855 silly audit report       severity: 'low',
1855 silly audit report       vulnerable_versions: '<5.29.0',
1855 silly audit report       cwe: [Array],
1855 silly audit report       cvss: [Object]
1855 silly audit report     },
1855 silly audit report     {
1855 silly audit report       id: 1114594,
1855 silly audit report       url: 'https://github.com/advisories/GHSA-2mjp-6q6p-2qxm',
1855 silly audit report       title: 'Undici has an HTTP Request/Response Smuggling issue',
1855 silly audit report       severity: 'moderate',
1855 silly audit report       vulnerable_versions: '<6.24.0',
1855 silly audit report       cwe: [Array],
1855 silly audit report       cvss: [Object]
1855 silly audit report     },
1855 silly audit report     {
1855 silly audit report       id: 1114638,
1855 silly audit report       url: 'https://github.com/advisories/GHSA-vrm6-8vpv-qv8q',
1855 silly audit report       title: 'Undici has Unbounded Memory Consumption in WebSocket permessage-deflate Decompression',
1855 silly audit report       severity: 'high',
1855 silly audit report       vulnerable_versions: '<6.24.0',
1855 silly audit report       cwe: [Array],
1855 silly audit report       cvss: [Object]
1855 silly audit report     },
1855 silly audit report     {
1855 silly audit report       id: 1114640,
1855 silly audit report       url: 'https://github.com/advisories/GHSA-v9p9-hfj2-hcw8',
1855 silly audit report       title: 'Undici has Unhandled Exception in WebSocket Client Due to Invalid server_max_window_bits Validation',
1855 silly audit report       severity: 'high',
1855 silly audit report       vulnerable_versions: '<6.24.0',
1855 silly audit report       cwe: [Array],
1855 silly audit report       cvss: [Object]
1855 silly audit report     },
1855 silly audit report     {
1855 silly audit report       id: 1114642,
1855 silly audit report       url: 'https://github.com/advisories/GHSA-4992-7rv2-5pvq',
1855 silly audit report       title: 'Undici has CRLF Injection in undici via `upgrade` option',
1855 silly audit report       severity: 'moderate',
1855 silly audit report       vulnerable_versions: '<6.24.0',
1855 silly audit report       cwe: [Array],
1855 silly audit report       cvss: [Object]
1855 silly audit report     }
1855 silly audit report   ],
1855 silly audit report   '@tootallnate/once': [
1855 silly audit report     {
1855 silly audit report       id: 1119438,
1855 silly audit report       url: 'https://github.com/advisories/GHSA-vpq2-c234-7xj6',
1855 silly audit report       title: '@tootallnate/once vulnerable to Incorrect Control Flow Scoping',
1855 silly audit report       severity: 'low',
1855 silly audit report       vulnerable_versions: '<2.0.1',
1855 silly audit report       cwe: [Array],
1855 silly audit report       cvss: [Object]
1855 silly audit report     }
1855 silly audit report   ],
1855 silly audit report   tar: [
1855 silly audit report     {
1855 silly audit report       id: 1113375,
1855 silly audit report       url: 'https://github.com/advisories/GHSA-83g3-92jg-28cx',
1855 silly audit report       title: 'Arbitrary File Read/Write via Hardlink Target Escape Through Symlink Chain in node-tar Extraction',
1855 silly audit report       severity: 'high',
1855 silly audit report       vulnerable_versions: '<7.5.8',
1855 silly audit report       cwe: [Array],
1855 silly audit report       cvss: [Object]
1855 silly audit report     },
1855 silly audit report     {
1855 silly audit report       id: 1114200,
1855 silly audit report       url: 'https://github.com/advisories/GHSA-qffp-2rhf-9h96',
1855 silly audit report       title: 'tar has Hardlink Path Traversal via Drive-Relative Linkpath',
1855 silly audit report       severity: 'high',
1855 silly audit report       vulnerable_versions: '<=7.5.9',
1855 silly audit report       cwe: [Array],
1855 silly audit report       cvss: [Object]
1855 silly audit report     },
1855 silly audit report     {
1855 silly audit report       id: 1114302,
1855 silly audit report       url: 'https://github.com/advisories/GHSA-9ppj-qmqm-q256',
1855 silly audit report       title: 'node-tar Symlink Path Traversal via Drive-Relative Linkpath',
1855 silly audit report       severity: 'high',
1855 silly audit report       vulnerable_versions: '<=7.5.10',
1855 silly audit report       cwe: [Array],
1855 silly audit report       cvss: [Object]
1855 silly audit report     }
1855 silly audit report   ]
1855 silly audit report }
1856 silly packumentCache corgi:https://registry.npmjs.org/brace-expansion cache-miss
1857 silly packumentCache corgi:https://registry.npmjs.org/minimatch cache-miss
1858 silly packumentCache corgi:https://registry.npmjs.org/ajv cache-miss
1859 silly packumentCache corgi:https://registry.npmjs.org/next cache-miss
1860 silly packumentCache corgi:https://registry.npmjs.org/postcss cache-miss
1861 silly packumentCache corgi:https://registry.npmjs.org/ws cache-miss
1862 silly packumentCache corgi:https://registry.npmjs.org/smol-toml cache-miss
1863 silly packumentCache corgi:https://registry.npmjs.org/path-to-regexp cache-miss
1864 silly packumentCache corgi:https://registry.npmjs.org/srvx cache-miss
1865 silly packumentCache corgi:https://registry.npmjs.org/undici cache-miss
1866 silly packumentCache corgi:https://registry.npmjs.org/@tootallnate%2fonce cache-miss
1867 silly packumentCache corgi:https://registry.npmjs.org/tar cache-miss
1868 http fetch GET 200 https://registry.npmjs.org/minimatch 509ms (cache revalidated)
1869 silly packumentCache corgi:https://registry.npmjs.org/minimatch set size:168441 disposed:false
1870 http fetch GET 200 https://registry.npmjs.org/path-to-regexp 508ms (cache revalidated)
1871 silly packumentCache corgi:https://registry.npmjs.org/path-to-regexp set size:66575 disposed:false
1872 http fetch GET 200 https://registry.npmjs.org/smol-toml 511ms (cache revalidated)
1873 silly packumentCache corgi:https://registry.npmjs.org/smol-toml set size:21871 disposed:false
1874 http fetch GET 200 https://registry.npmjs.org/tar 510ms (cache revalidated)
1875 silly packumentCache corgi:https://registry.npmjs.org/tar set size:201168 disposed:false
1876 http fetch GET 200 https://registry.npmjs.org/ajv 515ms (cache revalidated)
1877 silly packumentCache corgi:https://registry.npmjs.org/ajv set size:467559 disposed:false
1878 http fetch GET 200 https://registry.npmjs.org/@tootallnate%2fonce 518ms (cache revalidated)
1879 silly packumentCache corgi:https://registry.npmjs.org/@tootallnate%2fonce set size:11748 disposed:false
1880 http fetch GET 200 https://registry.npmjs.org/brace-expansion 621ms (cache miss)
1881 silly packumentCache corgi:https://registry.npmjs.org/brace-expansion set size:undefined disposed:false
1882 http fetch GET 200 https://registry.npmjs.org/srvx 649ms (cache revalidated)
1883 silly packumentCache corgi:https://registry.npmjs.org/srvx set size:87911 disposed:false
1884 http fetch GET 200 https://registry.npmjs.org/ws 660ms (cache miss)
1885 silly packumentCache corgi:https://registry.npmjs.org/ws set size:undefined disposed:false
1886 http fetch GET 200 https://registry.npmjs.org/postcss 837ms (cache miss)
1887 silly packumentCache corgi:https://registry.npmjs.org/postcss set size:undefined disposed:false
1888 http fetch GET 200 https://registry.npmjs.org/undici 975ms (cache updated)
1889 silly packumentCache corgi:https://registry.npmjs.org/undici set size:undefined disposed:false
1890 http fetch GET 200 https://registry.npmjs.org/semver/-/semver-7.8.1.tgz 2336ms (cache miss)
1891 http fetch GET 200 https://registry.npmjs.org/next 2877ms (cache miss)
1892 silly packumentCache corgi:https://registry.npmjs.org/next set size:undefined disposed:false
1893 silly packumentCache corgi:https://registry.npmjs.org/@vercel%2fpython-analysis cache-miss
1894 http fetch GET 200 https://registry.npmjs.org/undici/-/undici-6.26.0.tgz 4145ms (cache miss)
1895 http fetch GET 200 https://registry.npmjs.org/undici/-/undici-7.26.0.tgz 4245ms (cache miss)
1896 warn deprecated tar@7.5.7: Old versions of tar are not supported, and contain widely publicized security vulnerabilities, which have been fixed in the current version. Please update. Support for old versions may be purchased (at exorbitant rates) by contacting i@izs.me
1897 http fetch GET 200 https://registry.npmjs.org/@vercel%2fpython-analysis 381ms (cache revalidated)
1898 silly packumentCache corgi:https://registry.npmjs.org/@vercel%2fpython-analysis set size:22008 disposed:false
1899 silly packumentCache corgi:https://registry.npmjs.org/@vercel%2fstatic-config cache-miss
1900 http fetch GET 200 https://registry.npmjs.org/@vercel%2fstatic-config 40ms (cache revalidated)
1901 silly packumentCache corgi:https://registry.npmjs.org/@vercel%2fstatic-config set size:46538 disposed:false
1902 silly packumentCache corgi:https://registry.npmjs.org/@supabase%2frealtime-js cache-miss
1903 http fetch GET 200 https://registry.npmjs.org/@supabase%2frealtime-js 217ms (cache miss)
1904 silly packumentCache corgi:https://registry.npmjs.org/@supabase%2frealtime-js set size:undefined disposed:false
1905 silly packumentCache corgi:https://registry.npmjs.org/vercel cache-miss
1906 silly packumentCache corgi:https://registry.npmjs.org/@vercel%2frust cache-miss
1907 http fetch GET 200 https://registry.npmjs.org/vercel 29ms (cache revalidated)
1908 silly packumentCache corgi:https://registry.npmjs.org/vercel set size:4231208 disposed:false
1909 http fetch GET 200 https://registry.npmjs.org/@vercel%2frust 50ms (cache revalidated)
1910 silly packumentCache corgi:https://registry.npmjs.org/@vercel%2frust set size:11995 disposed:false
1911 silly packumentCache corgi:https://registry.npmjs.org/@vercel%2fnode cache-miss
1912 silly packumentCache corgi:https://registry.npmjs.org/@vercel%2fremix-builder cache-miss
1913 http fetch GET 200 https://registry.npmjs.org/@vercel%2fnode 37ms (cache revalidated)
1914 silly packumentCache corgi:https://registry.npmjs.org/@vercel%2fnode set size:841010 disposed:false
1915 http fetch GET 200 https://registry.npmjs.org/@vercel%2fremix-builder 43ms (cache revalidated)
1916 silly packumentCache corgi:https://registry.npmjs.org/@vercel%2fremix-builder set size:138789 disposed:false
1917 silly packumentCache corgi:https://registry.npmjs.org/@vercel%2fbackends cache-miss
1918 silly packumentCache corgi:https://registry.npmjs.org/@vercel%2fexpress cache-miss
1919 silly packumentCache corgi:https://registry.npmjs.org/@vercel%2fhono cache-miss
1920 silly packumentCache corgi:https://registry.npmjs.org/@vercel%2ffun cache-miss
1921 http fetch GET 200 https://registry.npmjs.org/@vercel%2fhono 35ms (cache revalidated)
1922 silly packumentCache corgi:https://registry.npmjs.org/@vercel%2fhono set size:112454 disposed:false
1923 http fetch GET 200 https://registry.npmjs.org/@vercel%2fbackends 39ms (cache revalidated)
1924 silly packumentCache corgi:https://registry.npmjs.org/@vercel%2fbackends set size:84135 disposed:false
1925 http fetch GET 200 https://registry.npmjs.org/@vercel%2fexpress 39ms (cache revalidated)
1926 silly packumentCache corgi:https://registry.npmjs.org/@vercel%2fexpress set size:116490 disposed:false
1927 http fetch GET 200 https://registry.npmjs.org/@vercel%2ffun 40ms (cache revalidated)
1928 silly packumentCache corgi:https://registry.npmjs.org/@vercel%2ffun set size:23528 disposed:false
1929 silly packumentCache corgi:https://registry.npmjs.org/@mapbox%2fnode-pre-gyp cache-miss
1930 http fetch GET 200 https://registry.npmjs.org/@mapbox%2fnode-pre-gyp 33ms (cache revalidated)
1931 silly packumentCache corgi:https://registry.npmjs.org/@mapbox%2fnode-pre-gyp set size:47144 disposed:false
1932 silly packumentCache corgi:https://registry.npmjs.org/@vercel%2fbuild-utils cache-miss
1933 silly packumentCache corgi:https://registry.npmjs.org/@vercel%2fpython cache-miss
1934 http fetch GET 200 https://registry.npmjs.org/@vercel%2fpython 35ms (cache revalidated)
1935 silly packumentCache corgi:https://registry.npmjs.org/@vercel%2fpython set size:350224 disposed:false
1936 http fetch GET 200 https://registry.npmjs.org/@vercel%2fbuild-utils 43ms (cache revalidated)
1937 silly packumentCache corgi:https://registry.npmjs.org/@vercel%2fbuild-utils set size:831736 disposed:false
1938 silly packumentCache corgi:https://registry.npmjs.org/@vercel%2felysia cache-miss
1939 silly packumentCache corgi:https://registry.npmjs.org/@vercel%2ffastify cache-miss
1940 silly packumentCache corgi:https://registry.npmjs.org/@vercel%2fh3 cache-miss
1941 silly packumentCache corgi:https://registry.npmjs.org/@vercel%2fhydrogen cache-miss
1942 silly packumentCache corgi:https://registry.npmjs.org/@vercel%2fkoa cache-miss
1943 silly packumentCache corgi:https://registry.npmjs.org/@vercel%2fnestjs cache-miss
1944 silly packumentCache corgi:https://registry.npmjs.org/@vercel%2fredwood cache-miss
1945 silly packumentCache corgi:https://registry.npmjs.org/@vercel%2fstatic-build cache-miss
1946 http fetch GET 200 https://registry.npmjs.org/@vercel%2ffastify 47ms (cache revalidated)
1947 silly packumentCache corgi:https://registry.npmjs.org/@vercel%2ffastify set size:75684 disposed:false
1948 http fetch GET 200 https://registry.npmjs.org/@vercel%2fhydrogen 50ms (cache revalidated)
1949 silly packumentCache corgi:https://registry.npmjs.org/@vercel%2fhydrogen set size:123734 disposed:false
1950 http fetch GET 200 https://registry.npmjs.org/@vercel%2fh3 53ms (cache revalidated)
1951 silly packumentCache corgi:https://registry.npmjs.org/@vercel%2fh3 set size:79640 disposed:false
1952 http fetch GET 200 https://registry.npmjs.org/@vercel%2fkoa 210ms (cache revalidated)
1953 silly packumentCache corgi:https://registry.npmjs.org/@vercel%2fkoa set size:54860 disposed:false
1954 http fetch GET 200 https://registry.npmjs.org/@vercel%2fredwood 211ms (cache revalidated)
1955 silly packumentCache corgi:https://registry.npmjs.org/@vercel%2fredwood set size:264495 disposed:false
1956 http fetch GET 200 https://registry.npmjs.org/@vercel%2fstatic-build 216ms (cache revalidated)
1957 silly packumentCache corgi:https://registry.npmjs.org/@vercel%2fstatic-build set size:632680 disposed:false
1958 http fetch GET 200 https://registry.npmjs.org/@vercel%2fnestjs 222ms (cache revalidated)
1959 silly packumentCache corgi:https://registry.npmjs.org/@vercel%2fnestjs set size:80060 disposed:false
1960 http fetch GET 200 https://registry.npmjs.org/@vercel%2felysia 229ms (cache revalidated)
1961 silly packumentCache corgi:https://registry.npmjs.org/@vercel%2felysia set size:71599 disposed:false
1962 silly packumentCache corgi:https://registry.npmjs.org/@vercel%2fcervel cache-miss
1963 http fetch GET 200 https://registry.npmjs.org/@vercel%2fcervel 39ms (cache revalidated)
1964 silly packumentCache corgi:https://registry.npmjs.org/@vercel%2fcervel set size:54022 disposed:false
1965 silly packumentCache corgi:https://registry.npmjs.org/@vercel%2fgatsby-plugin-vercel-builder cache-miss
1966 http fetch GET 200 https://registry.npmjs.org/@vercel%2fgatsby-plugin-vercel-builder 198ms (cache revalidated)
1967 silly packumentCache corgi:https://registry.npmjs.org/@vercel%2fgatsby-plugin-vercel-builder set size:272613 disposed:false
1968 silly ADD node_modules/require-from-string
1969 silly ADD node_modules/@isaacs/balanced-match
1970 silly ADD node_modules/@isaacs/brace-expansion
1971 silly ADD node_modules/@fastify/busboy
1972 silly ADD node_modules/events-intercept
1973 silly ADD node_modules/pend
1974 silly ADD node_modules/fd-slicer
1975 silly ADD node_modules/buffer-crc32
1976 silly ADD node_modules/yauzl-clone
1977 silly ADD node_modules/yauzl
1978 silly ADD node_modules/xdg-portable
1979 silly ADD node_modules/os-paths
1980 silly ADD node_modules/webidl-conversions
1981 silly ADD node_modules/tr46
1982 silly ADD node_modules/path-browserify
1983 silly ADD node_modules/mkdirp
1984 silly ADD node_modules/code-block-writer
1985 silly ADD node_modules/@ts-morph/common
1986 silly ADD node_modules/convert-hrtime
1987 silly ADD node_modules/bare-events
1988 silly ADD node_modules/text-decoder
1989 silly ADD node_modules/events-universal
1990 silly ADD node_modules/streamx
1991 silly ADD node_modules/fast-fifo
1992 silly ADD node_modules/b4a
1993 silly ADD node_modules/minizlib
1994 silly ADD node_modules/chownr
1995 silly ADD node_modules/@isaacs/fs-minipass
1996 silly ADD node_modules/stream-to-array
1997 silly ADD node_modules/any-promise
1998 silly ADD node_modules/cookie-es
1999 silly ADD node_modules/smart-buffer
2000 silly ADD node_modules/ip-address
2001 silly ADD node_modules/socks
2002 silly ADD node_modules/tar-stream
2003 silly ADD node_modules/jsonlines
2004 silly ADD node_modules/@vercel/oidc
2005 silly ADD node_modules/@vercel/sandbox
2006 silly ADD node_modules/@vercel/sandbox/node_modules/zod
2007 silly ADD node_modules/@vercel/sandbox/node_modules/xdg-app-paths
2008 silly ADD node_modules/@vercel/sandbox/node_modules/undici
2009 silly ADD node_modules/@rolldown/pluginutils
2010 silly ADD node_modules/@rolldown/binding-win32-x64-msvc
2011 silly ADD node_modules/@oxc-project/types
2012 silly ADD node_modules/safer-buffer
2013 silly ADD node_modules/toidentifier
2014 silly ADD node_modules/statuses
2015 silly ADD node_modules/setprototypeof
2016 silly ADD node_modules/inherits
2017 silly ADD node_modules/depd
2018 silly ADD node_modules/unpipe
2019 silly ADD node_modules/iconv-lite
2020 silly ADD node_modules/http-errors
2021 silly ADD node_modules/bytes
2022 silly ADD node_modules/wrappy
2023 silly ADD node_modules/once
2024 silly ADD node_modules/end-of-stream
2025 silly ADD node_modules/source-map
2026 silly ADD node_modules/esprima
2027 silly ADD node_modules/escodegen
2028 silly ADD node_modules/ast-types
2029 silly ADD node_modules/netmask
2030 silly ADD node_modules/degenerator
2031 silly ADD node_modules/data-uri-to-buffer
2032 silly ADD node_modules/basic-ftp
2033 silly ADD node_modules/pac-resolver
2034 silly ADD node_modules/get-uri
2035 silly ADD node_modules/@tootallnate/quickjs-emscripten
2036 silly ADD node_modules/socks-proxy-agent
2037 silly ADD node_modules/proxy-from-env
2038 silly ADD node_modules/pac-proxy-agent
2039 silly ADD node_modules/http-proxy-agent
2040 silly ADD node_modules/parse-ms
2041 silly ADD node_modules/@oxc-transform/binding-win32-x64-msvc
2042 silly ADD node_modules/mimic-fn
2043 silly ADD node_modules/abbrev
2044 silly ADD node_modules/whatwg-url
2045 silly ADD node_modules/mime-db
2046 silly ADD node_modules/raw-body
2047 silly ADD node_modules/content-type
2048 silly ADD node_modules/arg
2049 silly ADD node_modules/ts-toolbelt
2050 silly ADD node_modules/agent-base
2051 silly ADD node_modules/path-scurry
2052 silly ADD node_modules/path-scurry/node_modules/lru-cache
2053 silly ADD node_modules/minipass
2054 silly ADD node_modules/pump
2055 silly ADD node_modules/universalify
2056 silly ADD node_modules/jsonfile
2057 silly ADD node_modules/delayed-stream
2058 silly ADD node_modules/combined-stream
2059 silly ADD node_modules/asynckit
2060 silly ADD node_modules/strip-final-newline
2061 silly ADD node_modules/p-finally
2062 silly ADD node_modules/onetime
2063 silly ADD node_modules/npm-run-path
2064 silly ADD node_modules/merge-stream
2065 silly ADD node_modules/is-stream
2066 silly ADD node_modules/human-signals
2067 silly ADD node_modules/get-stream
2068 silly ADD node_modules/@esbuild/win32-x64
2069 silly ADD node_modules/time-span
2070 silly ADD node_modules/signal-exit
2071 silly ADD node_modules/pretty-ms
2072 silly ADD node_modules/mri
2073 silly ADD node_modules/@edge-runtime/ponyfill
2074 silly ADD node_modules/@edge-runtime/format
2075 silly ADD node_modules/readdirp
2076 silly ADD node_modules/file-uri-to-path
2077 silly ADD node_modules/retry
2078 silly ADD node_modules/json-schema-to-ts
2079 silly ADD node_modules/@sinclair/typebox
2080 silly ADD node_modules/web-vitals
2081 silly ADD node_modules/@vercel/gatsby-plugin-vercel-builder
2082 silly ADD node_modules/@vercel/gatsby-plugin-vercel-analytics
2083 silly ADD node_modules/@renovatebot/pep440
2084 silly ADD node_modules/@bytecodealliance/preview2-shim
2085 silly ADD node_modules/path-to-regexp-updated
2086 silly ADD node_modules/mime-types
2087 silly ADD node_modules/etag
2088 silly ADD node_modules/edge-runtime
2089 silly ADD node_modules/edge-runtime/node_modules/picocolors
2090 silly ADD node_modules/edge-runtime/node_modules/async-listen
2091 silly ADD node_modules/@vercel/error-utils
2092 silly ADD node_modules/@edge-runtime/vm
2093 silly ADD node_modules/@edge-runtime/primitives
2094 silly ADD node_modules/@edge-runtime/node-utils
2095 silly ADD node_modules/nopt
2096 silly ADD node_modules/https-proxy-agent
2097 silly ADD node_modules/consola
2098 silly ADD node_modules/node-gyp-build
2099 silly ADD node_modules/glob
2100 silly ADD node_modules/glob/node_modules/balanced-match
2101 silly ADD node_modules/glob/node_modules/brace-expansion
2102 silly ADD node_modules/glob/node_modules/minimatch
2103 silly ADD node_modules/estree-walker
2104 silly ADD node_modules/bindings
2105 silly ADD node_modules/async-sema
2106 silly ADD node_modules/acorn-import-attributes
2107 silly ADD node_modules/@rollup/pluginutils
2108 silly ADD node_modules/@rollup/pluginutils/node_modules/picomatch
2109 silly ADD node_modules/@mapbox/node-pre-gyp
2110 silly ADD node_modules/@mapbox/node-pre-gyp/node_modules/semver
2111 silly ADD node_modules/yauzl-promise
2112 silly ADD node_modules/uid-promise
2113 silly ADD node_modules/tree-kill
2114 silly ADD node_modules/tinyexec
2115 silly ADD node_modules/tar
2116 silly ADD node_modules/tar/node_modules/yallist
2117 silly ADD node_modules/stream-to-promise
2118 silly ADD node_modules/stream-to-promise/node_modules/once
2119 silly ADD node_modules/stream-to-promise/node_modules/end-of-stream
2120 silly ADD node_modules/stat-mode
2121 silly ADD node_modules/promisepipe
2122 silly ADD node_modules/node-fetch
2123 silly ADD node_modules/micro
2124 silly ADD node_modules/generic-pool
2125 silly ADD node_modules/async-listen
2126 silly ADD node_modules/@tootallnate/once
2127 silly ADD node_modules/ts-morph
2128 silly ADD node_modules/@vercel/cervel
2129 silly ADD node_modules/@vercel/static-config
2130 silly ADD node_modules/@vercel/static-config/node_modules/json-schema-traverse
2131 silly ADD node_modules/@vercel/static-config/node_modules/ajv
2132 silly ADD node_modules/xdg-app-paths
2133 silly ADD node_modules/es-module-lexer
2134 silly ADD node_modules/cjs-module-lexer
2135 silly ADD node_modules/@vercel/python-analysis
2136 silly ADD node_modules/@vercel/python-analysis/node_modules/zod
2137 silly ADD node_modules/@vercel/python-analysis/node_modules/minimatch
2138 silly ADD node_modules/@vercel/python-analysis/node_modules/fs-extra
2139 silly ADD node_modules/undici
2140 silly ADD node_modules/throttleit
2141 silly ADD node_modules/is-node-process
2142 silly ADD node_modules/is-buffer
2143 silly ADD node_modules/async-retry
2144 silly ADD node_modules/tsx
2145 silly ADD node_modules/srvx
2146 silly ADD node_modules/rolldown
2147 silly ADD node_modules/resolve.exports
2148 silly ADD node_modules/path-to-regexp
2149 silly ADD node_modules/oxc-transform
2150 silly ADD node_modules/fs-extra
2151 silly ADD node_modules/execa
2152 silly ADD node_modules/execa/node_modules/signal-exit
2153 silly ADD node_modules/@vercel/nft
2154 silly ADD node_modules/@vercel/nft/node_modules/resolve-from
2155 silly ADD node_modules/@vercel/nft/node_modules/picomatch
2156 silly ADD node_modules/smol-toml
2157 silly ADD node_modules/sandbox
2158 silly ADD node_modules/proxy-agent
2159 silly ADD node_modules/proxy-agent/node_modules/lru-cache
2160 silly ADD node_modules/luxon
2161 silly ADD node_modules/jose
2162 silly ADD node_modules/form-data
2163 silly ADD node_modules/esbuild
2164 silly ADD node_modules/chokidar
2165 silly ADD node_modules/@vercel/static-build
2166 silly ADD node_modules/@vercel/rust
2167 silly ADD node_modules/@vercel/rust/node_modules/signal-exit
2168 silly ADD node_modules/@vercel/rust/node_modules/human-signals
2169 silly ADD node_modules/@vercel/rust/node_modules/get-stream
2170 silly ADD node_modules/@vercel/rust/node_modules/execa
2171 silly ADD node_modules/@vercel/ruby
2172 silly ADD node_modules/@vercel/remix-builder
2173 silly ADD node_modules/@vercel/remix-builder/node_modules/path-to-regexp
2174 silly ADD node_modules/@vercel/redwood
2175 silly ADD node_modules/@vercel/python
2176 silly ADD node_modules/@vercel/prepare-flags-definitions
2177 silly ADD node_modules/@vercel/node
2178 silly ADD node_modules/@vercel/node/node_modules/undici-types
2179 silly ADD node_modules/@vercel/node/node_modules/undici
2180 silly ADD node_modules/@vercel/node/node_modules/path-to-regexp
2181 silly ADD node_modules/@vercel/node/node_modules/node-fetch
2182 silly ADD node_modules/@vercel/node/node_modules/es-module-lexer
2183 silly ADD node_modules/@vercel/node/node_modules/async-listen
2184 silly ADD node_modules/@vercel/node/node_modules/@types/node
2185 silly ADD node_modules/@vercel/next
2186 silly ADD node_modules/@vercel/nestjs
2187 silly ADD node_modules/@vercel/koa
2188 silly ADD node_modules/@vercel/hydrogen
2189 silly ADD node_modules/@vercel/hono
2190 silly ADD node_modules/@vercel/hono/node_modules/zod
2191 silly ADD node_modules/@vercel/h3
2192 silly ADD node_modules/@vercel/go
2193 silly ADD node_modules/@vercel/fun
2194 silly ADD node_modules/@vercel/fun/node_modules/yallist
2195 silly ADD node_modules/@vercel/fun/node_modules/lru-cache
2196 silly ADD node_modules/@vercel/fun/node_modules/xdg-app-paths
2197 silly ADD node_modules/@vercel/fun/node_modules/semver
2198 silly ADD node_modules/@vercel/fun/node_modules/path-to-regexp
2199 silly ADD node_modules/@vercel/fun/node_modules/ms
2200 silly ADD node_modules/@vercel/fun/node_modules/debug
2201 silly ADD node_modules/@vercel/fun/node_modules/debug/node_modules/ms
2202 silly ADD node_modules/@vercel/fastify
2203 silly ADD node_modules/@vercel/express
2204 silly ADD node_modules/@vercel/express/node_modules/zod
2205 silly ADD node_modules/@vercel/elysia
2206 silly ADD node_modules/@vercel/detect-agent
2207 silly ADD node_modules/@vercel/cli-config
2208 silly ADD node_modules/@vercel/cli-config/node_modules/zod
2209 silly ADD node_modules/@vercel/build-utils
2210 silly ADD node_modules/@vercel/blob
2211 silly ADD node_modules/@vercel/backends
2212 silly ADD node_modules/@vercel/backends/node_modules/zod
2213 silly ADD node_modules/vercel
2214 silly ADD node_modules/vercel/node_modules/zod
2215 verbose cwd C:\Users\USER\Desktop\goyo-studio
2216 verbose os Windows_NT 10.0.26200
2217 verbose node v24.15.0
2218 verbose npm  v11.12.1
2219 verbose exit 0
2220 info ok
