0 verbose cli C:\Program Files\nodejs\node.exe C:\Program Files\nodejs\node_modules\npm\bin\npm-cli.js
1 info using npm@11.12.1
2 info using node@v24.15.0
3 silly config load:file:C:\Program Files\nodejs\node_modules\npm\npmrc
4 silly config load:file:C:\Users\USER\Desktop\goyo-studio\.npmrc
5 silly config load:file:C:\Users\USER\.npmrc
6 silly config load:file:C:\Users\USER\AppData\Roaming\npm\etc\npmrc
7 verbose title npm exec vercel deploy --yes
8 verbose argv "exec" "--" "vercel" "deploy" "--yes"
9 verbose logfile logs-max:10 dir:C:\Users\USER\Desktop\goyo-studio\.npm-cache\_logs\2026-05-25T15_43_21_040Z-
10 verbose logfile C:\Users\USER\Desktop\goyo-studio\.npm-cache\_logs\2026-05-25T15_43_21_040Z-debug-0.log
11 silly logfile done cleaning log files
12 silly packumentCache heap:4496293888 maxSize:1124073472 maxEntrySize:562036736
13 http fetch GET 200 https://registry.npmjs.org/npm 126ms
14 http fetch GET 200 https://registry.npmjs.org/vercel 116ms (cache miss)
15 silly packumentCache heap:4496293888 maxSize:1124073472 maxEntrySize:562036736
16 verbose Could not read global path C:\Users\USER\AppData\Roaming\npm, ignoring
17 silly packumentCache heap:4496293888 maxSize:1124073472 maxEntrySize:562036736
18 warn exec The following package was not found and will be installed: vercel@54.4.1
19 silly idealTree buildDeps
20 silly fetch manifest vercel@54.4.1
21 silly packumentCache full:https://registry.npmjs.org/vercel cache-miss
22 http fetch GET 200 https://registry.npmjs.org/vercel 116ms (cache miss)
23 silly packumentCache full:https://registry.npmjs.org/vercel set size:undefined disposed:false
24 silly placeDep ROOT vercel@54.4.1 OK for:  want: 54.4.1
25 silly fetch manifest @vercel/blob@2.4.0
26 silly packumentCache full:https://registry.npmjs.org/@vercel%2fblob cache-miss
27 silly fetch manifest @vercel/fun@1.3.0
28 silly packumentCache full:https://registry.npmjs.org/@vercel%2ffun cache-miss
29 silly fetch manifest @vercel/prepare-flags-definitions@0.2.1
30 silly packumentCache full:https://registry.npmjs.org/@vercel%2fprepare-flags-definitions cache-miss
31 silly fetch manifest chokidar@4.0.0
32 silly packumentCache full:https://registry.npmjs.org/chokidar cache-miss
33 silly fetch manifest esbuild@0.27.0
34 silly packumentCache full:https://registry.npmjs.org/esbuild cache-miss
35 silly fetch manifest form-data@^4.0.0
36 silly packumentCache full:https://registry.npmjs.org/form-data cache-miss
37 silly fetch manifest jose@5.9.6
38 silly packumentCache full:https://registry.npmjs.org/jose cache-miss
39 silly fetch manifest luxon@^3.4.0
40 silly packumentCache full:https://registry.npmjs.org/luxon cache-miss
41 silly fetch manifest proxy-agent@6.4.0
42 silly packumentCache full:https://registry.npmjs.org/proxy-agent cache-miss
43 silly fetch manifest sandbox@2.5.6
44 silly packumentCache full:https://registry.npmjs.org/sandbox cache-miss
45 silly fetch manifest smol-toml@1.5.2
46 silly packumentCache full:https://registry.npmjs.org/smol-toml cache-miss
47 silly fetch manifest zod@4.1.11
48 silly packumentCache full:https://registry.npmjs.org/zod cache-miss
49 silly fetch manifest @vercel/backends@0.7.2
50 silly packumentCache full:https://registry.npmjs.org/@vercel%2fbackends cache-miss
51 silly fetch manifest @vercel/cli-config@0.1.2
52 silly packumentCache full:https://registry.npmjs.org/@vercel%2fcli-config cache-miss
53 silly fetch manifest @vercel/detect-agent@1.2.3
54 silly packumentCache full:https://registry.npmjs.org/@vercel%2fdetect-agent cache-miss
55 http fetch GET 200 https://registry.npmjs.org/@vercel%2fblob 58ms (cache miss)
56 silly packumentCache full:https://registry.npmjs.org/@vercel%2fblob set size:undefined disposed:false
57 silly fetch manifest @vercel/elysia@0.1.80
58 silly packumentCache full:https://registry.npmjs.org/@vercel%2felysia cache-miss
59 http fetch GET 200 https://registry.npmjs.org/proxy-agent 68ms (cache miss)
60 silly packumentCache full:https://registry.npmjs.org/proxy-agent set size:undefined disposed:false
61 silly fetch manifest @vercel/build-utils@13.26.1
62 silly packumentCache full:https://registry.npmjs.org/@vercel%2fbuild-utils cache-miss
63 http fetch GET 200 https://registry.npmjs.org/form-data 76ms (cache miss)
64 silly packumentCache full:https://registry.npmjs.org/form-data set size:undefined disposed:false
65 silly fetch manifest @vercel/express@0.1.90
66 silly packumentCache full:https://registry.npmjs.org/@vercel%2fexpress cache-miss
67 http fetch GET 200 https://registry.npmjs.org/chokidar 82ms (cache miss)
68 silly packumentCache full:https://registry.npmjs.org/chokidar set size:undefined disposed:false
69 silly fetch manifest @vercel/fastify@0.1.83
70 silly packumentCache full:https://registry.npmjs.org/@vercel%2ffastify cache-miss
71 http fetch GET 200 https://registry.npmjs.org/luxon 87ms (cache miss)
72 silly packumentCache full:https://registry.npmjs.org/luxon set size:undefined disposed:false
73 silly fetch manifest @vercel/go@3.7.1
74 silly packumentCache full:https://registry.npmjs.org/@vercel%2fgo cache-miss
75 http fetch GET 200 https://registry.npmjs.org/jose 102ms (cache miss)
76 silly packumentCache full:https://registry.npmjs.org/jose set size:undefined disposed:false
77 silly fetch manifest @vercel/h3@0.1.89
78 silly packumentCache full:https://registry.npmjs.org/@vercel%2fh3 cache-miss
79 http fetch GET 200 https://registry.npmjs.org/esbuild 116ms (cache miss)
80 silly packumentCache full:https://registry.npmjs.org/esbuild set size:undefined disposed:false
81 silly fetch manifest @vercel/koa@0.1.63
82 silly packumentCache full:https://registry.npmjs.org/@vercel%2fkoa cache-miss
83 http fetch GET 200 https://registry.npmjs.org/zod 135ms (cache miss)
84 silly packumentCache full:https://registry.npmjs.org/zod set size:undefined disposed:false
85 silly fetch manifest @vercel/hydrogen@1.3.7
86 silly packumentCache full:https://registry.npmjs.org/@vercel%2fhydrogen cache-miss
87 http fetch GET 200 https://registry.npmjs.org/sandbox 239ms (cache miss)
88 silly packumentCache full:https://registry.npmjs.org/sandbox set size:undefined disposed:false
89 silly fetch manifest @vercel/hono@0.2.83
90 silly packumentCache full:https://registry.npmjs.org/@vercel%2fhono cache-miss
91 http fetch GET 200 https://registry.npmjs.org/smol-toml 418ms (cache miss)
92 silly packumentCache full:https://registry.npmjs.org/smol-toml set size:undefined disposed:false
93 silly fetch manifest @vercel/nestjs@0.2.84
94 silly packumentCache full:https://registry.npmjs.org/@vercel%2fnestjs cache-miss
95 http fetch GET 200 https://registry.npmjs.org/@vercel%2fdetect-agent 493ms (cache miss)
96 silly packumentCache full:https://registry.npmjs.org/@vercel%2fdetect-agent set size:undefined disposed:false
97 silly fetch manifest @vercel/next@4.17.4
98 silly packumentCache full:https://registry.npmjs.org/@vercel%2fnext cache-miss
99 http fetch GET 200 https://registry.npmjs.org/@vercel%2felysia 463ms (cache miss)
100 silly packumentCache full:https://registry.npmjs.org/@vercel%2felysia set size:undefined disposed:false
101 silly fetch manifest @vercel/node@5.8.4
102 silly packumentCache full:https://registry.npmjs.org/@vercel%2fnode cache-miss
103 http fetch GET 200 https://registry.npmjs.org/@vercel%2fexpress 452ms (cache miss)
104 silly packumentCache full:https://registry.npmjs.org/@vercel%2fexpress set size:undefined disposed:false
105 silly fetch manifest @vercel/remix-builder@5.8.2
106 silly packumentCache full:https://registry.npmjs.org/@vercel%2fremix-builder cache-miss
107 http fetch GET 200 https://registry.npmjs.org/@vercel%2fbuild-utils 481ms (cache miss)
108 silly packumentCache full:https://registry.npmjs.org/@vercel%2fbuild-utils set size:undefined disposed:false
109 silly fetch manifest @vercel/redwood@2.4.13
110 silly packumentCache full:https://registry.npmjs.org/@vercel%2fredwood cache-miss
111 http fetch GET 200 https://registry.npmjs.org/@vercel%2fprepare-flags-definitions 613ms (cache miss)
112 silly packumentCache full:https://registry.npmjs.org/@vercel%2fprepare-flags-definitions set size:undefined disposed:false
113 silly fetch manifest @vercel/ruby@2.3.2
114 silly packumentCache full:https://registry.npmjs.org/@vercel%2fruby cache-miss
115 http fetch GET 200 https://registry.npmjs.org/@vercel%2fhydrogen 469ms (cache miss)
116 silly packumentCache full:https://registry.npmjs.org/@vercel%2fhydrogen set size:undefined disposed:false
117 silly fetch manifest @vercel/rust@1.2.0
118 silly packumentCache full:https://registry.npmjs.org/@vercel%2frust cache-miss
119 http fetch GET 200 https://registry.npmjs.org/@vercel%2fcli-config 648ms (cache miss)
120 silly packumentCache full:https://registry.npmjs.org/@vercel%2fcli-config set size:undefined disposed:false
121 silly fetch manifest @vercel/python@6.43.1
122 silly packumentCache full:https://registry.npmjs.org/@vercel%2fpython cache-miss
123 http fetch GET 200 https://registry.npmjs.org/@vercel%2ffun 662ms (cache miss)
124 silly packumentCache full:https://registry.npmjs.org/@vercel%2ffun set size:undefined disposed:false
125 silly fetch manifest @vercel/static-build@2.9.30
126 silly packumentCache full:https://registry.npmjs.org/@vercel%2fstatic-build cache-miss
127 http fetch GET 200 https://registry.npmjs.org/@vercel%2fgo 631ms (cache miss)
128 silly packumentCache full:https://registry.npmjs.org/@vercel%2fgo set size:undefined disposed:false
129 http fetch GET 200 https://registry.npmjs.org/@vercel%2fh3 628ms (cache miss)
130 silly packumentCache full:https://registry.npmjs.org/@vercel%2fh3 set size:undefined disposed:false
131 http fetch GET 200 https://registry.npmjs.org/@vercel%2fkoa 635ms (cache miss)
132 silly packumentCache full:https://registry.npmjs.org/@vercel%2fkoa set size:undefined disposed:false
133 http fetch GET 200 https://registry.npmjs.org/@vercel%2ffastify 682ms (cache miss)
134 silly packumentCache full:https://registry.npmjs.org/@vercel%2ffastify set size:undefined disposed:false
135 http fetch GET 200 https://registry.npmjs.org/@vercel%2fremix-builder 287ms (cache miss)
136 silly packumentCache full:https://registry.npmjs.org/@vercel%2fremix-builder set size:undefined disposed:false
137 http fetch GET 200 https://registry.npmjs.org/@vercel%2fhono 626ms (cache miss)
138 silly packumentCache full:https://registry.npmjs.org/@vercel%2fhono set size:undefined disposed:false
139 http fetch GET 200 https://registry.npmjs.org/@vercel%2fredwood 470ms (cache miss)
140 silly packumentCache full:https://registry.npmjs.org/@vercel%2fredwood set size:undefined disposed:false
141 http fetch GET 200 https://registry.npmjs.org/@vercel%2fnestjs 619ms (cache miss)
142 silly packumentCache full:https://registry.npmjs.org/@vercel%2fnestjs set size:undefined disposed:false
143 http fetch GET 200 https://registry.npmjs.org/@vercel%2fbackends 1051ms (cache miss)
144 silly packumentCache full:https://registry.npmjs.org/@vercel%2fbackends set size:undefined disposed:false
145 http fetch GET 200 https://registry.npmjs.org/@vercel%2frust 453ms (cache miss)
146 silly packumentCache full:https://registry.npmjs.org/@vercel%2frust set size:undefined disposed:false
147 http fetch GET 200 https://registry.npmjs.org/@vercel%2fnext 622ms (cache miss)
148 silly packumentCache full:https://registry.npmjs.org/@vercel%2fnext set size:undefined disposed:false
149 http fetch GET 200 https://registry.npmjs.org/@vercel%2fstatic-build 480ms (cache miss)
150 silly packumentCache full:https://registry.npmjs.org/@vercel%2fstatic-build set size:undefined disposed:false
151 http fetch GET 200 https://registry.npmjs.org/@vercel%2fnode 665ms (cache miss)
152 silly packumentCache full:https://registry.npmjs.org/@vercel%2fnode set size:undefined disposed:false
153 http fetch GET 200 https://registry.npmjs.org/@vercel%2fruby 615ms (cache miss)
154 silly packumentCache full:https://registry.npmjs.org/@vercel%2fruby set size:undefined disposed:false
155 http fetch GET 200 https://registry.npmjs.org/@vercel%2fpython 648ms (cache miss)
156 silly packumentCache full:https://registry.npmjs.org/@vercel%2fpython set size:undefined disposed:false
157 silly placeDep ROOT @vercel/backends@0.7.2 OK for: vercel@54.4.1 want: 0.7.2
158 silly placeDep ROOT @vercel/blob@2.4.0 OK for: vercel@54.4.1 want: 2.4.0
159 silly placeDep ROOT @vercel/build-utils@13.26.1 OK for: vercel@54.4.1 want: 13.26.1
160 silly placeDep ROOT @vercel/cli-config@0.1.2 OK for: vercel@54.4.1 want: 0.1.2
161 silly placeDep ROOT @vercel/detect-agent@1.2.3 OK for: vercel@54.4.1 want: 1.2.3
162 silly placeDep ROOT @vercel/elysia@0.1.80 OK for: vercel@54.4.1 want: 0.1.80
163 silly placeDep ROOT @vercel/express@0.1.90 OK for: vercel@54.4.1 want: 0.1.90
164 silly placeDep ROOT @vercel/fastify@0.1.83 OK for: vercel@54.4.1 want: 0.1.83
165 silly placeDep ROOT @vercel/fun@1.3.0 OK for: vercel@54.4.1 want: 1.3.0
166 silly placeDep ROOT @vercel/go@3.7.1 OK for: vercel@54.4.1 want: 3.7.1
167 silly placeDep ROOT @vercel/h3@0.1.89 OK for: vercel@54.4.1 want: 0.1.89
168 silly placeDep ROOT @vercel/hono@0.2.83 OK for: vercel@54.4.1 want: 0.2.83
169 silly placeDep ROOT @vercel/hydrogen@1.3.7 OK for: vercel@54.4.1 want: 1.3.7
170 silly placeDep ROOT @vercel/koa@0.1.63 OK for: vercel@54.4.1 want: 0.1.63
171 silly placeDep ROOT @vercel/nestjs@0.2.84 OK for: vercel@54.4.1 want: 0.2.84
172 silly placeDep ROOT @vercel/next@4.17.4 OK for: vercel@54.4.1 want: 4.17.4
173 silly placeDep ROOT @vercel/node@5.8.4 OK for: vercel@54.4.1 want: 5.8.4
174 silly placeDep ROOT @vercel/prepare-flags-definitions@0.2.1 OK for: vercel@54.4.1 want: 0.2.1
175 silly placeDep ROOT @vercel/python@6.43.1 OK for: vercel@54.4.1 want: 6.43.1
176 silly placeDep ROOT @vercel/redwood@2.4.13 OK for: vercel@54.4.1 want: 2.4.13
177 silly placeDep ROOT @vercel/remix-builder@5.8.2 OK for: vercel@54.4.1 want: 5.8.2
178 silly placeDep ROOT @vercel/ruby@2.3.2 OK for: vercel@54.4.1 want: 2.3.2
179 silly placeDep ROOT @vercel/rust@1.2.0 OK for: vercel@54.4.1 want: 1.2.0
180 silly placeDep ROOT @vercel/static-build@2.9.30 OK for: vercel@54.4.1 want: 2.9.30
181 silly placeDep ROOT chokidar@4.0.0 OK for: vercel@54.4.1 want: 4.0.0
182 silly placeDep ROOT esbuild@0.27.0 OK for: vercel@54.4.1 want: 0.27.0
183 silly placeDep ROOT form-data@4.0.5 OK for: vercel@54.4.1 want: ^4.0.0
184 silly placeDep ROOT jose@5.9.6 OK for: vercel@54.4.1 want: 5.9.6
185 silly placeDep ROOT luxon@3.7.2 OK for: vercel@54.4.1 want: ^3.4.0
186 silly placeDep ROOT proxy-agent@6.4.0 OK for: vercel@54.4.1 want: 6.4.0
187 silly placeDep ROOT sandbox@2.5.6 OK for: vercel@54.4.1 want: 2.5.6
188 silly placeDep ROOT smol-toml@1.5.2 OK for: vercel@54.4.1 want: 1.5.2
189 silly placeDep ROOT zod@4.1.11 OK for: vercel@54.4.1 want: 4.1.11
190 silly fetch manifest @vercel/nft@1.5.0
191 silly packumentCache full:https://registry.npmjs.org/@vercel%2fnft cache-miss
192 silly fetch manifest execa@3.2.0
193 silly packumentCache full:https://registry.npmjs.org/execa cache-miss
194 silly fetch manifest fs-extra@11.1.0
195 silly packumentCache full:https://registry.npmjs.org/fs-extra cache-miss
196 silly fetch manifest oxc-transform@0.111.0
197 silly packumentCache full:https://registry.npmjs.org/oxc-transform cache-miss
198 silly fetch manifest path-to-regexp@8.3.0
199 silly packumentCache full:https://registry.npmjs.org/path-to-regexp cache-miss
200 silly fetch manifest resolve.exports@2.0.3
201 silly packumentCache full:https://registry.npmjs.org/resolve.exports cache-miss
202 silly fetch manifest rolldown@1.0.0-rc.1
203 silly packumentCache full:https://registry.npmjs.org/rolldown cache-miss
204 silly fetch manifest srvx@0.8.9
205 silly packumentCache full:https://registry.npmjs.org/srvx cache-miss
206 silly fetch manifest tsx@4.21.0
207 silly packumentCache full:https://registry.npmjs.org/tsx cache-miss
208 silly fetch manifest zod@3.22.4
209 silly packumentCache full:https://registry.npmjs.org/zod cache-miss
210 silly fetch manifest async-retry@^1.3.3
211 silly packumentCache full:https://registry.npmjs.org/async-retry cache-miss
212 silly fetch manifest is-buffer@^2.0.5
213 silly packumentCache full:https://registry.npmjs.org/is-buffer cache-miss
214 silly fetch manifest is-node-process@^1.2.0
215 silly packumentCache full:https://registry.npmjs.org/is-node-process cache-miss
216 silly fetch manifest throttleit@^2.1.0
217 silly packumentCache full:https://registry.npmjs.org/throttleit cache-miss
218 silly fetch manifest undici@^6.23.0
219 silly packumentCache full:https://registry.npmjs.org/undici cache-miss
220 http cache https://registry.npmjs.org/zod 14ms (cache hit)
221 silly packumentCache full:https://registry.npmjs.org/zod set size:3552562 disposed:false
222 silly fetch manifest cjs-module-lexer@1.2.3
223 silly packumentCache full:https://registry.npmjs.org/cjs-module-lexer cache-miss
224 http fetch GET 200 https://registry.npmjs.org/throttleit 37ms (cache miss)
225 silly packumentCache full:https://registry.npmjs.org/throttleit set size:undefined disposed:false
226 silly fetch manifest es-module-lexer@1.5.0
227 silly packumentCache full:https://registry.npmjs.org/es-module-lexer cache-miss
228 http fetch GET 200 https://registry.npmjs.org/is-buffer 40ms (cache miss)
229 silly packumentCache full:https://registry.npmjs.org/is-buffer set size:undefined disposed:false
230 silly fetch manifest @vercel/python-analysis@0.11.1
231 silly packumentCache full:https://registry.npmjs.org/@vercel%2fpython-analysis cache-miss
232 http fetch GET 200 https://registry.npmjs.org/is-node-process 40ms (cache miss)
233 silly packumentCache full:https://registry.npmjs.org/is-node-process set size:undefined disposed:false
234 silly fetch manifest xdg-app-paths@5
235 silly packumentCache full:https://registry.npmjs.org/xdg-app-paths cache-miss
236 http fetch GET 200 https://registry.npmjs.org/async-retry 41ms (cache miss)
237 silly packumentCache full:https://registry.npmjs.org/async-retry set size:undefined disposed:false
238 silly fetch manifest @vercel/static-config@3.3.0
239 silly packumentCache full:https://registry.npmjs.org/@vercel%2fstatic-config cache-miss
240 http fetch GET 200 https://registry.npmjs.org/resolve.exports 44ms (cache miss)
241 silly packumentCache full:https://registry.npmjs.org/resolve.exports set size:undefined disposed:false
242 silly fetch manifest @vercel/nft@1.5.0
243 silly packumentCache full:https://registry.npmjs.org/@vercel%2fnft cache-miss
244 http fetch GET 200 https://registry.npmjs.org/execa 47ms (cache miss)
245 silly packumentCache full:https://registry.npmjs.org/execa set size:undefined disposed:false
246 silly fetch manifest fs-extra@11.1.0
247 silly packumentCache full:https://registry.npmjs.org/fs-extra cache-miss
248 http fetch GET 200 https://registry.npmjs.org/fs-extra 49ms (cache miss)
249 silly packumentCache full:https://registry.npmjs.org/fs-extra set size:undefined disposed:false
250 silly fetch manifest path-to-regexp@8.3.0
251 silly packumentCache full:https://registry.npmjs.org/path-to-regexp cache-miss
252 http fetch GET 200 https://registry.npmjs.org/srvx 50ms (cache miss)
253 silly packumentCache full:https://registry.npmjs.org/srvx set size:undefined disposed:false
254 silly fetch manifest ts-morph@12.0.0
255 silly packumentCache full:https://registry.npmjs.org/ts-morph cache-miss
256 http fetch GET 200 https://registry.npmjs.org/path-to-regexp 53ms (cache miss)
257 silly packumentCache full:https://registry.npmjs.org/path-to-regexp set size:undefined disposed:false
258 silly fetch manifest @vercel/static-config@3.3.0
259 silly packumentCache full:https://registry.npmjs.org/@vercel%2fstatic-config cache-miss
260 http fetch GET 200 https://registry.npmjs.org/tsx 61ms (cache miss)
261 silly packumentCache full:https://registry.npmjs.org/tsx set size:undefined disposed:false
262 silly fetch manifest @vercel/cervel@0.1.7
263 silly packumentCache full:https://registry.npmjs.org/@vercel%2fcervel cache-miss
264 http cache https://registry.npmjs.org/fs-extra 18ms (cache hit)
265 silly packumentCache full:https://registry.npmjs.org/fs-extra set size:234923 disposed:false
266 silly fetch manifest @vercel/static-config@3.3.0
267 silly packumentCache full:https://registry.npmjs.org/@vercel%2fstatic-config cache-miss
268 http cache https://registry.npmjs.org/path-to-regexp 19ms (cache hit)
269 silly packumentCache full:https://registry.npmjs.org/path-to-regexp set size:216334 disposed:false
270 silly fetch manifest ms@2.1.1
271 silly packumentCache full:https://registry.npmjs.org/ms cache-miss
272 http fetch GET 200 https://registry.npmjs.org/cjs-module-lexer 49ms (cache miss)
273 silly packumentCache full:https://registry.npmjs.org/cjs-module-lexer set size:undefined disposed:false
274 silly fetch manifest tar@7.5.7
275 silly packumentCache full:https://registry.npmjs.org/tar cache-miss
276 http fetch GET 200 https://registry.npmjs.org/es-module-lexer 40ms (cache miss)
277 silly packumentCache full:https://registry.npmjs.org/es-module-lexer set size:undefined disposed:false
278 silly fetch manifest debug@4.3.4
279 silly packumentCache full:https://registry.npmjs.org/debug cache-miss
280 http fetch GET 200 https://registry.npmjs.org/undici 82ms (cache miss)
281 silly packumentCache full:https://registry.npmjs.org/undici set size:undefined disposed:false
282 silly fetch manifest micro@9.3.5-canary.3
283 silly packumentCache full:https://registry.npmjs.org/micro cache-miss
284 http fetch GET 200 https://registry.npmjs.org/ms 33ms (cache miss)
285 silly packumentCache full:https://registry.npmjs.org/ms set size:undefined disposed:false
286 silly fetch manifest semver@7.5.4
287 silly packumentCache full:https://registry.npmjs.org/semver cache-miss
288 http fetch GET 200 https://registry.npmjs.org/debug 31ms (cache miss)
289 silly packumentCache full:https://registry.npmjs.org/debug set size:undefined disposed:false
290 silly fetch manifest tinyexec@0.3.2
291 silly packumentCache full:https://registry.npmjs.org/tinyexec cache-miss
292 http fetch GET 200 https://registry.npmjs.org/tar 42ms (cache miss)
293 silly packumentCache full:https://registry.npmjs.org/tar set size:undefined disposed:false
294 silly fetch manifest stat-mode@0.3.0
295 silly packumentCache full:https://registry.npmjs.org/stat-mode cache-miss
296 http fetch GET 200 https://registry.npmjs.org/rolldown 122ms (cache miss)
297 silly packumentCache full:https://registry.npmjs.org/rolldown set size:undefined disposed:false
298 silly fetch manifest tree-kill@1.2.2
299 silly packumentCache full:https://registry.npmjs.org/tree-kill cache-miss
300 http fetch GET 200 https://registry.npmjs.org/micro 42ms (cache miss)
301 silly packumentCache full:https://registry.npmjs.org/micro set size:undefined disposed:false
302 silly fetch manifest node-fetch@2.6.7
303 silly packumentCache full:https://registry.npmjs.org/node-fetch cache-miss
304 http fetch GET 200 https://registry.npmjs.org/tinyexec 25ms (cache miss)
305 silly packumentCache full:https://registry.npmjs.org/tinyexec set size:undefined disposed:false
306 silly fetch manifest promisepipe@3.0.0
307 silly packumentCache full:https://registry.npmjs.org/promisepipe cache-miss
308 http fetch GET 200 https://registry.npmjs.org/semver 36ms (cache miss)
309 silly packumentCache full:https://registry.npmjs.org/semver set size:undefined disposed:false
310 silly fetch manifest uid-promise@1.0.0
311 silly packumentCache full:https://registry.npmjs.org/uid-promise cache-miss
312 http fetch GET 200 https://registry.npmjs.org/tree-kill 24ms (cache miss)
313 silly packumentCache full:https://registry.npmjs.org/tree-kill set size:undefined disposed:false
314 silly fetch manifest async-listen@1.2.0
315 silly packumentCache full:https://registry.npmjs.org/async-listen cache-miss
316 http fetch GET 200 https://registry.npmjs.org/async-listen 21ms (cache miss)
317 silly packumentCache full:https://registry.npmjs.org/async-listen set size:undefined disposed:false
318 silly fetch manifest generic-pool@3.4.2
319 silly packumentCache full:https://registry.npmjs.org/generic-pool cache-miss
320 http fetch GET 200 https://registry.npmjs.org/node-fetch 49ms (cache miss)
321 silly packumentCache full:https://registry.npmjs.org/node-fetch set size:undefined disposed:false
322 silly fetch manifest xdg-app-paths@5.1.0
323 silly packumentCache full:https://registry.npmjs.org/xdg-app-paths cache-miss
324 http fetch GET 200 https://registry.npmjs.org/xdg-app-paths 53ms (cache miss)
325 silly packumentCache full:https://registry.npmjs.org/xdg-app-paths set size:undefined disposed:false
326 silly fetch manifest yauzl-promise@2.1.3
327 silly packumentCache full:https://registry.npmjs.org/yauzl-promise cache-miss
328 http fetch GET 200 https://registry.npmjs.org/xdg-app-paths 199ms (cache miss)
329 silly packumentCache full:https://registry.npmjs.org/xdg-app-paths set size:undefined disposed:false
330 silly fetch manifest path-to-regexp@8.2.0
331 silly packumentCache full:https://registry.npmjs.org/path-to-regexp cache-hit
332 silly fetch manifest @tootallnate/once@2.0.0
333 silly packumentCache full:https://registry.npmjs.org/@tootallnate%2fonce cache-miss
334 http fetch GET 200 https://registry.npmjs.org/stat-mode 188ms (cache miss)
335 silly packumentCache full:https://registry.npmjs.org/stat-mode set size:undefined disposed:false
336 silly fetch manifest stream-to-promise@2.2.0
337 silly packumentCache full:https://registry.npmjs.org/stream-to-promise cache-miss
338 http fetch GET 200 https://registry.npmjs.org/@vercel%2fpython-analysis 282ms (cache miss)
339 silly packumentCache full:https://registry.npmjs.org/@vercel%2fpython-analysis set size:undefined disposed:false
340 silly fetch manifest @vercel/static-config@3.3.0
341 silly packumentCache full:https://registry.npmjs.org/@vercel%2fstatic-config cache-miss
342 http fetch GET 200 https://registry.npmjs.org/promisepipe 193ms (cache miss)
343 silly packumentCache full:https://registry.npmjs.org/promisepipe set size:undefined disposed:false
344 silly fetch manifest @vercel/nft@1.5.0
345 silly packumentCache full:https://registry.npmjs.org/@vercel%2fnft cache-miss
346 http fetch GET 200 https://registry.npmjs.org/uid-promise 192ms (cache miss)
347 silly packumentCache full:https://registry.npmjs.org/uid-promise set size:undefined disposed:false
348 silly fetch manifest ts-morph@12.0.0
349 silly packumentCache full:https://registry.npmjs.org/ts-morph cache-miss
350 http fetch GET 200 https://registry.npmjs.org/oxc-transform 338ms (cache miss)
351 silly packumentCache full:https://registry.npmjs.org/oxc-transform set size:undefined disposed:false
352 silly fetch manifest @vercel/static-config@3.3.0
353 silly packumentCache full:https://registry.npmjs.org/@vercel%2fstatic-config cache-miss
354 http fetch GET 200 https://registry.npmjs.org/generic-pool 194ms (cache miss)
355 silly packumentCache full:https://registry.npmjs.org/generic-pool set size:undefined disposed:false
356 silly fetch manifest ts-morph@12.0.0
357 silly packumentCache full:https://registry.npmjs.org/ts-morph cache-miss
358 http fetch GET 200 https://registry.npmjs.org/yauzl-promise 193ms (cache miss)
359 silly packumentCache full:https://registry.npmjs.org/yauzl-promise set size:undefined disposed:false
360 silly fetch manifest @vercel/static-config@3.3.0
361 silly packumentCache full:https://registry.npmjs.org/@vercel%2fstatic-config cache-miss
362 http fetch GET 200 https://registry.npmjs.org/@tootallnate%2fonce 199ms (cache miss)
363 silly packumentCache full:https://registry.npmjs.org/@tootallnate%2fonce set size:undefined disposed:false
364 silly fetch manifest @vercel/static-config@3.3.0
365 silly packumentCache full:https://registry.npmjs.org/@vercel%2fstatic-config cache-miss
366 http fetch GET 200 https://registry.npmjs.org/ts-morph 132ms (cache miss)
367 silly packumentCache full:https://registry.npmjs.org/ts-morph set size:undefined disposed:false
368 silly fetch manifest @vercel/static-config@3.3.0
369 silly packumentCache full:https://registry.npmjs.org/@vercel%2fstatic-config cache-miss
370 http fetch GET 200 https://registry.npmjs.org/ts-morph 97ms (cache miss)
371 silly packumentCache full:https://registry.npmjs.org/ts-morph set size:undefined disposed:false
372 silly fetch manifest @vercel/nft@1.5.0
373 silly packumentCache full:https://registry.npmjs.org/@vercel%2fnft cache-miss
374 http fetch GET 200 https://registry.npmjs.org/ts-morph 419ms (cache miss)
375 silly packumentCache full:https://registry.npmjs.org/ts-morph set size:undefined disposed:false
376 silly fetch manifest @edge-runtime/node-utils@2.3.0
377 silly packumentCache full:https://registry.npmjs.org/@edge-runtime%2fnode-utils cache-miss
378 http fetch GET 200 https://registry.npmjs.org/stream-to-promise 194ms (cache miss)
379 silly packumentCache full:https://registry.npmjs.org/stream-to-promise set size:undefined disposed:false
380 silly fetch manifest @edge-runtime/primitives@4.1.0
381 silly packumentCache full:https://registry.npmjs.org/@edge-runtime%2fprimitives cache-miss
382 http fetch GET 200 https://registry.npmjs.org/@vercel%2fnft 299ms (cache miss)
383 silly packumentCache full:https://registry.npmjs.org/@vercel%2fnft set size:undefined disposed:false
384 silly fetch manifest @edge-runtime/vm@3.2.0
385 silly packumentCache full:https://registry.npmjs.org/@edge-runtime%2fvm cache-miss
386 http fetch GET 200 https://registry.npmjs.org/@vercel%2fnft 638ms (cache miss)
387 silly packumentCache full:https://registry.npmjs.org/@vercel%2fnft set size:undefined disposed:false
388 silly fetch manifest @types/node@20.11.0
389 silly packumentCache full:https://registry.npmjs.org/@types%2fnode cache-miss
390 http fetch GET 200 https://registry.npmjs.org/@vercel%2fnft 168ms (cache miss)
391 silly packumentCache full:https://registry.npmjs.org/@vercel%2fnft set size:undefined disposed:false
392 silly fetch manifest async-listen@3.0.0
393 silly packumentCache full:https://registry.npmjs.org/async-listen cache-miss
394 http fetch GET 200 https://registry.npmjs.org/@vercel%2fnft 596ms (cache miss)
395 silly packumentCache full:https://registry.npmjs.org/@vercel%2fnft set size:undefined disposed:false
396 silly fetch manifest edge-runtime@2.5.9
397 silly packumentCache full:https://registry.npmjs.org/edge-runtime cache-miss
398 http cache https://registry.npmjs.org/async-listen 7ms (cache hit)
399 silly packumentCache full:https://registry.npmjs.org/async-listen set size:27933 disposed:false
400 silly fetch manifest es-module-lexer@1.4.1
401 silly packumentCache full:https://registry.npmjs.org/es-module-lexer cache-miss
402 http cache https://registry.npmjs.org/es-module-lexer 3ms (cache hit)
403 silly packumentCache full:https://registry.npmjs.org/es-module-lexer set size:205389 disposed:false
404 silly fetch manifest etag@1.8.1
405 silly packumentCache full:https://registry.npmjs.org/etag cache-miss
406 http fetch GET 200 https://registry.npmjs.org/@vercel%2fstatic-config 633ms (cache miss)
407 silly packumentCache full:https://registry.npmjs.org/@vercel%2fstatic-config set size:undefined disposed:false
408 silly fetch manifest mime-types@2.1.35
409 silly packumentCache full:https://registry.npmjs.org/mime-types cache-miss
410 http fetch GET 200 https://registry.npmjs.org/@vercel%2fstatic-config 354ms (cache miss)
411 silly packumentCache full:https://registry.npmjs.org/@vercel%2fstatic-config set size:undefined disposed:false
412 silly fetch manifest node-fetch@2.6.9
413 silly packumentCache full:https://registry.npmjs.org/node-fetch cache-miss
414 http fetch GET 200 https://registry.npmjs.org/@vercel%2fstatic-config 236ms (cache miss)
415 silly packumentCache full:https://registry.npmjs.org/@vercel%2fstatic-config set size:undefined disposed:false
416 silly fetch manifest path-to-regexp-updated@npm:path-to-regexp@6.3.0
417 silly packumentCache full:https://registry.npmjs.org/path-to-regexp cache-hit
418 silly fetch manifest path-to-regexp@6.1.0
419 silly packumentCache full:https://registry.npmjs.org/path-to-regexp cache-hit
420 silly fetch manifest typescript@npm:typescript@5.9.3
421 silly packumentCache full:https://registry.npmjs.org/typescript cache-miss
422 http fetch GET 200 https://registry.npmjs.org/@vercel%2fstatic-config 613ms (cache miss)
423 silly packumentCache full:https://registry.npmjs.org/@vercel%2fstatic-config set size:undefined disposed:false
424 silly fetch manifest undici@5.28.4
425 silly packumentCache full:https://registry.npmjs.org/undici cache-miss
426 http fetch GET 200 https://registry.npmjs.org/@vercel%2fstatic-config 627ms (cache miss)
427 silly packumentCache full:https://registry.npmjs.org/@vercel%2fstatic-config set size:undefined disposed:false
428 silly fetch manifest @vercel/error-utils@2.1.0
429 silly packumentCache full:https://registry.npmjs.org/@vercel%2ferror-utils cache-miss
430 http fetch GET 200 https://registry.npmjs.org/@vercel%2fstatic-config 213ms (cache miss)
431 silly packumentCache full:https://registry.npmjs.org/@vercel%2fstatic-config set size:undefined disposed:false
432 silly fetch manifest semver@6.3.1
433 silly packumentCache full:https://registry.npmjs.org/semver cache-miss
434 http fetch GET 200 https://registry.npmjs.org/@vercel%2fstatic-config 344ms (cache miss)
435 silly packumentCache full:https://registry.npmjs.org/@vercel%2fstatic-config set size:undefined disposed:false
436 silly fetch manifest @vercel/error-utils@2.1.0
437 silly packumentCache full:https://registry.npmjs.org/@vercel%2ferror-utils cache-miss
438 http fetch GET 200 https://registry.npmjs.org/@vercel%2fstatic-config 251ms (cache miss)
439 silly packumentCache full:https://registry.npmjs.org/@vercel%2fstatic-config set size:undefined disposed:false
440 silly fetch manifest execa@5
441 silly packumentCache full:https://registry.npmjs.org/execa cache-miss
442 http fetch GET 200 https://registry.npmjs.org/etag 40ms (cache miss)
443 silly packumentCache full:https://registry.npmjs.org/etag set size:undefined disposed:false
444 silly fetch manifest @vercel/gatsby-plugin-vercel-analytics@1.0.11
445 silly packumentCache full:https://registry.npmjs.org/@vercel%2fgatsby-plugin-vercel-analytics cache-miss
446 http cache https://registry.npmjs.org/semver 12ms (cache hit)
447 silly packumentCache full:https://registry.npmjs.org/semver set size:235672 disposed:false
448 silly fetch manifest @vercel/gatsby-plugin-vercel-builder@2.2.7
449 silly packumentCache full:https://registry.npmjs.org/@vercel%2fgatsby-plugin-vercel-builder cache-miss
450 http cache https://registry.npmjs.org/execa 12ms (cache hit)
451 silly packumentCache full:https://registry.npmjs.org/execa set size:181234 disposed:false
452 silly fetch manifest readdirp@^4.0.1
453 silly packumentCache full:https://registry.npmjs.org/readdirp cache-miss
454 http cache https://registry.npmjs.org/node-fetch 23ms (cache hit)
455 silly packumentCache full:https://registry.npmjs.org/node-fetch set size:896010 disposed:false
456 silly fetch manifest @esbuild/aix-ppc64@0.27.0
457 silly packumentCache full:https://registry.npmjs.org/@esbuild%2faix-ppc64 cache-miss
458 http cache https://registry.npmjs.org/undici 25ms (cache hit)
459 silly packumentCache full:https://registry.npmjs.org/undici set size:1412963 disposed:false
460 silly fetch manifest @esbuild/linux-arm@0.27.0
461 silly packumentCache full:https://registry.npmjs.org/@esbuild%2flinux-arm cache-miss
462 http fetch GET 200 https://registry.npmjs.org/@vercel%2fcervel 651ms (cache miss)
463 silly packumentCache full:https://registry.npmjs.org/@vercel%2fcervel set size:undefined disposed:false
464 silly fetch manifest @esbuild/linux-x64@0.27.0
465 silly packumentCache full:https://registry.npmjs.org/@esbuild%2flinux-x64 cache-miss
466 http fetch GET 200 https://registry.npmjs.org/mime-types 46ms (cache miss)
467 silly packumentCache full:https://registry.npmjs.org/mime-types set size:undefined disposed:false
468 silly fetch manifest @esbuild/sunos-x64@0.27.0
469 silly packumentCache full:https://registry.npmjs.org/@esbuild%2fsunos-x64 cache-miss
470 http fetch GET 200 https://registry.npmjs.org/readdirp 40ms (cache miss)
471 silly packumentCache full:https://registry.npmjs.org/readdirp set size:undefined disposed:false
472 silly fetch manifest @esbuild/win32-x64@0.27.0
473 silly packumentCache full:https://registry.npmjs.org/@esbuild%2fwin32-x64 cache-miss
474 http fetch GET 200 https://registry.npmjs.org/@esbuild%2flinux-arm 42ms (cache miss)
475 silly packumentCache full:https://registry.npmjs.org/@esbuild%2flinux-arm set size:undefined disposed:false
476 silly fetch manifest @esbuild/darwin-x64@0.27.0
477 silly packumentCache full:https://registry.npmjs.org/@esbuild%2fdarwin-x64 cache-miss
478 http fetch GET 200 https://registry.npmjs.org/@esbuild%2flinux-x64 45ms (cache miss)
479 silly packumentCache full:https://registry.npmjs.org/@esbuild%2flinux-x64 set size:undefined disposed:false
480 silly fetch manifest @esbuild/linux-ia32@0.27.0
481 silly packumentCache full:https://registry.npmjs.org/@esbuild%2flinux-ia32 cache-miss
482 http fetch GET 200 https://registry.npmjs.org/@edge-runtime%2fnode-utils 292ms (cache miss)
483 silly packumentCache full:https://registry.npmjs.org/@edge-runtime%2fnode-utils set size:undefined disposed:false
484 silly fetch manifest @esbuild/netbsd-x64@0.27.0
485 silly packumentCache full:https://registry.npmjs.org/@esbuild%2fnetbsd-x64 cache-miss
486 http fetch GET 200 https://registry.npmjs.org/@esbuild%2fwin32-x64 43ms (cache miss)
487 silly packumentCache full:https://registry.npmjs.org/@esbuild%2fwin32-x64 set size:undefined disposed:false
488 silly fetch manifest @esbuild/win32-ia32@0.27.0
489 silly packumentCache full:https://registry.npmjs.org/@esbuild%2fwin32-ia32 cache-miss
490 http fetch GET 200 https://registry.npmjs.org/@esbuild%2fnetbsd-x64 41ms (cache miss)
491 silly packumentCache full:https://registry.npmjs.org/@esbuild%2fnetbsd-x64 set size:undefined disposed:false
492 silly fetch manifest @esbuild/android-arm@0.27.0
493 silly packumentCache full:https://registry.npmjs.org/@esbuild%2fandroid-arm cache-miss
494 http fetch GET 200 https://registry.npmjs.org/@types%2fnode 181ms (cache miss)
495 silly packumentCache full:https://registry.npmjs.org/@types%2fnode set size:undefined disposed:false
496 silly fetch manifest @esbuild/android-x64@0.27.0
497 silly packumentCache full:https://registry.npmjs.org/@esbuild%2fandroid-x64 cache-miss
498 http fetch GET 200 https://registry.npmjs.org/@esbuild%2fandroid-arm 59ms (cache miss)
499 silly packumentCache full:https://registry.npmjs.org/@esbuild%2fandroid-arm set size:undefined disposed:false
500 silly fetch manifest @esbuild/freebsd-x64@0.27.0
501 silly packumentCache full:https://registry.npmjs.org/@esbuild%2ffreebsd-x64 cache-miss
502 http fetch GET 200 https://registry.npmjs.org/@esbuild%2fwin32-ia32 82ms (cache miss)
503 silly packumentCache full:https://registry.npmjs.org/@esbuild%2fwin32-ia32 set size:undefined disposed:false
504 silly fetch manifest @esbuild/linux-arm64@0.27.0
505 silly packumentCache full:https://registry.npmjs.org/@esbuild%2flinux-arm64 cache-miss
506 http fetch GET 200 https://registry.npmjs.org/edge-runtime 228ms (cache miss)
507 silly packumentCache full:https://registry.npmjs.org/edge-runtime set size:undefined disposed:false
508 silly fetch manifest @esbuild/linux-ppc64@0.27.0
509 silly packumentCache full:https://registry.npmjs.org/@esbuild%2flinux-ppc64 cache-miss
510 http fetch GET 200 https://registry.npmjs.org/typescript 217ms (cache miss)
511 silly packumentCache full:https://registry.npmjs.org/typescript set size:undefined disposed:false
512 silly fetch manifest @esbuild/linux-s390x@0.27.0
513 silly packumentCache full:https://registry.npmjs.org/@esbuild%2flinux-s390x cache-miss
514 http fetch GET 200 https://registry.npmjs.org/@esbuild%2flinux-ppc64 74ms (cache miss)
515 silly packumentCache full:https://registry.npmjs.org/@esbuild%2flinux-ppc64 set size:undefined disposed:false
516 silly fetch manifest @esbuild/openbsd-x64@0.27.0
517 silly packumentCache full:https://registry.npmjs.org/@esbuild%2fopenbsd-x64 cache-miss
518 http fetch GET 200 https://registry.npmjs.org/@esbuild%2flinux-arm64 79ms (cache miss)
519 silly packumentCache full:https://registry.npmjs.org/@esbuild%2flinux-arm64 set size:undefined disposed:false
520 silly fetch manifest @esbuild/win32-arm64@0.27.0
521 silly packumentCache full:https://registry.npmjs.org/@esbuild%2fwin32-arm64 cache-miss
522 http fetch GET 200 https://registry.npmjs.org/@edge-runtime%2fvm 315ms (cache miss)
523 silly packumentCache full:https://registry.npmjs.org/@edge-runtime%2fvm set size:undefined disposed:false
524 silly fetch manifest @esbuild/darwin-arm64@0.27.0
525 silly packumentCache full:https://registry.npmjs.org/@esbuild%2fdarwin-arm64 cache-miss
526 http fetch GET 200 https://registry.npmjs.org/@esbuild%2fdarwin-x64 204ms (cache miss)
527 silly packumentCache full:https://registry.npmjs.org/@esbuild%2fdarwin-x64 set size:undefined disposed:false
528 silly fetch manifest @esbuild/netbsd-arm64@0.27.0
529 silly packumentCache full:https://registry.npmjs.org/@esbuild%2fnetbsd-arm64 cache-miss
530 http fetch GET 200 https://registry.npmjs.org/@esbuild%2fopenbsd-x64 41ms (cache miss)
531 silly packumentCache full:https://registry.npmjs.org/@esbuild%2fopenbsd-x64 set size:undefined disposed:false
532 silly fetch manifest @esbuild/android-arm64@0.27.0
533 silly packumentCache full:https://registry.npmjs.org/@esbuild%2fandroid-arm64 cache-miss
534 http fetch GET 200 https://registry.npmjs.org/@esbuild%2fwin32-arm64 41ms (cache miss)
535 silly packumentCache full:https://registry.npmjs.org/@esbuild%2fwin32-arm64 set size:undefined disposed:false
536 silly fetch manifest @esbuild/freebsd-arm64@0.27.0
537 silly packumentCache full:https://registry.npmjs.org/@esbuild%2ffreebsd-arm64 cache-miss
538 http fetch GET 200 https://registry.npmjs.org/@esbuild%2fdarwin-arm64 43ms (cache miss)
539 silly packumentCache full:https://registry.npmjs.org/@esbuild%2fdarwin-arm64 set size:undefined disposed:false
540 silly fetch manifest @esbuild/linux-loong64@0.27.0
541 silly packumentCache full:https://registry.npmjs.org/@esbuild%2flinux-loong64 cache-miss
542 http fetch GET 200 https://registry.npmjs.org/@esbuild%2fnetbsd-arm64 39ms (cache miss)
543 silly packumentCache full:https://registry.npmjs.org/@esbuild%2fnetbsd-arm64 set size:undefined disposed:false
544 silly fetch manifest @esbuild/linux-riscv64@0.27.0
545 silly packumentCache full:https://registry.npmjs.org/@esbuild%2flinux-riscv64 cache-miss
546 http fetch GET 200 https://registry.npmjs.org/@esbuild%2faix-ppc64 299ms (cache miss)
547 silly packumentCache full:https://registry.npmjs.org/@esbuild%2faix-ppc64 set size:undefined disposed:false
548 silly fetch manifest @esbuild/openbsd-arm64@0.27.0
549 silly packumentCache full:https://registry.npmjs.org/@esbuild%2fopenbsd-arm64 cache-miss
550 http fetch GET 200 https://registry.npmjs.org/@esbuild%2ffreebsd-arm64 41ms (cache miss)
551 silly packumentCache full:https://registry.npmjs.org/@esbuild%2ffreebsd-arm64 set size:undefined disposed:false
552 silly fetch manifest @esbuild/linux-mips64el@0.27.0
553 silly packumentCache full:https://registry.npmjs.org/@esbuild%2flinux-mips64el cache-miss
554 http fetch GET 200 https://registry.npmjs.org/@esbuild%2fandroid-arm64 44ms (cache miss)
555 silly packumentCache full:https://registry.npmjs.org/@esbuild%2fandroid-arm64 set size:undefined disposed:false
556 silly fetch manifest @esbuild/openharmony-arm64@0.27.0
557 silly packumentCache full:https://registry.npmjs.org/@esbuild%2fopenharmony-arm64 cache-miss
558 http fetch GET 200 https://registry.npmjs.org/@esbuild%2flinux-ia32 284ms (cache miss)
559 silly packumentCache full:https://registry.npmjs.org/@esbuild%2flinux-ia32 set size:undefined disposed:false
560 silly fetch manifest asynckit@^0.4.0
561 silly packumentCache full:https://registry.npmjs.org/asynckit cache-miss
562 http fetch GET 200 https://registry.npmjs.org/@esbuild%2fopenbsd-arm64 44ms (cache miss)
563 silly packumentCache full:https://registry.npmjs.org/@esbuild%2fopenbsd-arm64 set size:undefined disposed:false
564 silly fetch manifest combined-stream@^1.0.8
565 silly packumentCache full:https://registry.npmjs.org/combined-stream cache-miss
566 http fetch GET 200 https://registry.npmjs.org/asynckit 26ms (cache miss)
567 silly packumentCache full:https://registry.npmjs.org/asynckit set size:undefined disposed:false
568 silly fetch manifest es-set-tostringtag@^2.1.0
569 silly packumentCache full:https://registry.npmjs.org/es-set-tostringtag cache-miss
570 http fetch GET 200 https://registry.npmjs.org/combined-stream 26ms (cache miss)
571 silly packumentCache full:https://registry.npmjs.org/combined-stream set size:undefined disposed:false
572 silly fetch manifest hasown@^2.0.2
573 silly packumentCache full:https://registry.npmjs.org/hasown cache-miss
574 http fetch GET 200 https://registry.npmjs.org/@esbuild%2flinux-mips64el 43ms (cache miss)
575 silly packumentCache full:https://registry.npmjs.org/@esbuild%2flinux-mips64el set size:undefined disposed:false
576 silly fetch manifest mime-types@^2.1.12
577 silly packumentCache full:https://registry.npmjs.org/mime-types cache-miss
578 http fetch GET 200 https://registry.npmjs.org/@esbuild%2ffreebsd-x64 211ms (cache miss)
579 silly packumentCache full:https://registry.npmjs.org/@esbuild%2ffreebsd-x64 set size:undefined disposed:false
580 silly fetch manifest debug@^4.3.4
581 silly packumentCache full:https://registry.npmjs.org/debug cache-miss
582 http cache https://registry.npmjs.org/mime-types 5ms (cache hit)
583 silly packumentCache full:https://registry.npmjs.org/mime-types set size:139110 disposed:false
584 silly fetch manifest lru-cache@^7.14.1
585 silly packumentCache full:https://registry.npmjs.org/lru-cache cache-miss
586 http cache https://registry.npmjs.org/debug 5ms (cache hit)
587 silly packumentCache full:https://registry.npmjs.org/debug set size:195840 disposed:false
588 silly fetch manifest agent-base@^7.0.2
589 silly packumentCache full:https://registry.npmjs.org/agent-base cache-miss
590 http fetch GET 200 https://registry.npmjs.org/@vercel%2ferror-utils 416ms (cache miss)
591 silly packumentCache full:https://registry.npmjs.org/@vercel%2ferror-utils set size:undefined disposed:false
592 silly fetch manifest proxy-from-env@^1.1.0
593 silly packumentCache full:https://registry.npmjs.org/proxy-from-env cache-miss
594 http fetch GET 200 https://registry.npmjs.org/@vercel%2ferror-utils 420ms (cache miss)
595 silly packumentCache full:https://registry.npmjs.org/@vercel%2ferror-utils set size:undefined disposed:false
596 silly fetch manifest pac-proxy-agent@^7.0.1
597 silly packumentCache full:https://registry.npmjs.org/pac-proxy-agent cache-miss
598 http fetch GET 200 https://registry.npmjs.org/es-set-tostringtag 29ms (cache miss)
599 silly packumentCache full:https://registry.npmjs.org/es-set-tostringtag set size:undefined disposed:false
600 silly fetch manifest http-proxy-agent@^7.0.1
601 silly packumentCache full:https://registry.npmjs.org/http-proxy-agent cache-miss
602 http fetch GET 200 https://registry.npmjs.org/hasown 29ms (cache miss)
603 silly packumentCache full:https://registry.npmjs.org/hasown set size:undefined disposed:false
604 silly fetch manifest https-proxy-agent@^7.0.3
605 silly packumentCache full:https://registry.npmjs.org/https-proxy-agent cache-miss
606 http fetch GET 200 https://registry.npmjs.org/agent-base 30ms (cache miss)
607 silly packumentCache full:https://registry.npmjs.org/agent-base set size:undefined disposed:false
608 silly fetch manifest socks-proxy-agent@^8.0.2
609 silly packumentCache full:https://registry.npmjs.org/socks-proxy-agent cache-miss
610 http fetch GET 200 https://registry.npmjs.org/lru-cache 38ms (cache miss)
611 silly packumentCache full:https://registry.npmjs.org/lru-cache set size:undefined disposed:false
612 silly fetch manifest zod@^4.1.1
613 silly packumentCache full:https://registry.npmjs.org/zod cache-miss
614 http fetch GET 200 https://registry.npmjs.org/proxy-from-env 28ms (cache miss)
615 silly packumentCache full:https://registry.npmjs.org/proxy-from-env set size:undefined disposed:false
616 silly fetch manifest debug@^4.4.1
617 silly packumentCache full:https://registry.npmjs.org/debug cache-hit
618 silly fetch manifest @vercel/sandbox@1.9.0
619 silly packumentCache full:https://registry.npmjs.org/@vercel%2fsandbox cache-miss
620 http fetch GET 200 https://registry.npmjs.org/pac-proxy-agent 28ms (cache miss)
621 silly packumentCache full:https://registry.npmjs.org/pac-proxy-agent set size:undefined disposed:false
622 http cache https://registry.npmjs.org/zod 10ms (cache hit)
623 silly packumentCache full:https://registry.npmjs.org/zod set size:3552562 disposed:false
624 http fetch GET 200 https://registry.npmjs.org/http-proxy-agent 42ms (cache miss)
625 silly packumentCache full:https://registry.npmjs.org/http-proxy-agent set size:undefined disposed:false
626 http fetch GET 200 https://registry.npmjs.org/@edge-runtime%2fprimitives 650ms (cache miss)
627 silly packumentCache full:https://registry.npmjs.org/@edge-runtime%2fprimitives set size:undefined disposed:false
628 http fetch GET 200 https://registry.npmjs.org/@vercel%2fgatsby-plugin-vercel-analytics 467ms (cache miss)
629 silly packumentCache full:https://registry.npmjs.org/@vercel%2fgatsby-plugin-vercel-analytics set size:undefined disposed:false
630 http fetch GET 200 https://registry.npmjs.org/socks-proxy-agent 42ms (cache miss)
631 silly packumentCache full:https://registry.npmjs.org/socks-proxy-agent set size:undefined disposed:false
632 http fetch GET 200 https://registry.npmjs.org/@esbuild%2fandroid-x64 310ms (cache miss)
633 silly packumentCache full:https://registry.npmjs.org/@esbuild%2fandroid-x64 set size:undefined disposed:false
634 http fetch GET 200 https://registry.npmjs.org/@vercel%2fgatsby-plugin-vercel-builder 467ms (cache miss)
635 silly packumentCache full:https://registry.npmjs.org/@vercel%2fgatsby-plugin-vercel-builder set size:undefined disposed:false
636 http fetch GET 200 https://registry.npmjs.org/@esbuild%2fsunos-x64 457ms (cache miss)
637 silly packumentCache full:https://registry.npmjs.org/@esbuild%2fsunos-x64 set size:undefined disposed:false
638 http fetch GET 200 https://registry.npmjs.org/@esbuild%2flinux-riscv64 281ms (cache miss)
639 silly packumentCache full:https://registry.npmjs.org/@esbuild%2flinux-riscv64 set size:undefined disposed:false
640 http fetch GET 200 https://registry.npmjs.org/@esbuild%2flinux-loong64 293ms (cache miss)
641 silly packumentCache full:https://registry.npmjs.org/@esbuild%2flinux-loong64 set size:undefined disposed:false
642 http fetch GET 200 https://registry.npmjs.org/https-proxy-agent 190ms (cache miss)
643 silly packumentCache full:https://registry.npmjs.org/https-proxy-agent set size:undefined disposed:false
644 http fetch GET 200 https://registry.npmjs.org/@esbuild%2fopenharmony-arm64 269ms (cache miss)
645 silly packumentCache full:https://registry.npmjs.org/@esbuild%2fopenharmony-arm64 set size:undefined disposed:false
646 http fetch GET 200 https://registry.npmjs.org/@esbuild%2flinux-s390x 454ms (cache miss)
647 silly packumentCache full:https://registry.npmjs.org/@esbuild%2flinux-s390x set size:undefined disposed:false
648 http fetch GET 200 https://registry.npmjs.org/@vercel%2fsandbox 458ms (cache miss)
649 silly packumentCache full:https://registry.npmjs.org/@vercel%2fsandbox set size:undefined disposed:false
650 silly placeDep ROOT @vercel/nft@1.5.0 OK for: @vercel/backends@0.7.2 want: 1.5.0
651 silly placeDep ROOT execa@3.2.0 OK for: @vercel/backends@0.7.2 want: 3.2.0
652 silly placeDep ROOT fs-extra@11.1.0 OK for: @vercel/backends@0.7.2 want: 11.1.0
653 silly placeDep ROOT oxc-transform@0.111.0 OK for: @vercel/backends@0.7.2 want: 0.111.0
654 silly placeDep ROOT path-to-regexp@8.3.0 OK for: @vercel/backends@0.7.2 want: 8.3.0
655 silly placeDep ROOT resolve.exports@2.0.3 OK for: @vercel/backends@0.7.2 want: 2.0.3
656 silly placeDep ROOT rolldown@1.0.0-rc.1 OK for: @vercel/backends@0.7.2 want: 1.0.0-rc.1
657 silly placeDep ROOT srvx@0.8.9 OK for: @vercel/backends@0.7.2 want: 0.8.9
658 silly placeDep ROOT tsx@4.21.0 OK for: @vercel/backends@0.7.2 want: 4.21.0
659 silly placeDep node_modules/@vercel/backends zod@3.22.4 OK for: @vercel/backends@0.7.2 want: 3.22.4
660 silly fetch manifest glob@^13.0.0
661 silly packumentCache full:https://registry.npmjs.org/glob cache-miss
662 silly fetch manifest acorn@^8.6.0
663 silly packumentCache full:https://registry.npmjs.org/acorn cache-miss
664 silly fetch manifest bindings@^1.4.0
665 silly packumentCache full:https://registry.npmjs.org/bindings cache-miss
666 silly fetch manifest picomatch@^4.0.2
667 silly packumentCache full:https://registry.npmjs.org/picomatch cache-miss
668 silly fetch manifest async-sema@^3.1.1
669 silly packumentCache full:https://registry.npmjs.org/async-sema cache-miss
670 silly fetch manifest graceful-fs@^4.2.9
671 silly packumentCache full:https://registry.npmjs.org/graceful-fs cache-miss
672 silly fetch manifest resolve-from@^5.0.0
673 silly packumentCache full:https://registry.npmjs.org/resolve-from cache-miss
674 silly fetch manifest estree-walker@2.0.2
675 silly packumentCache full:https://registry.npmjs.org/estree-walker cache-miss
676 silly fetch manifest node-gyp-build@^4.2.2
677 silly packumentCache full:https://registry.npmjs.org/node-gyp-build cache-miss
678 silly fetch manifest @rollup/pluginutils@^5.1.3
679 silly packumentCache full:https://registry.npmjs.org/@rollup%2fpluginutils cache-miss
680 silly fetch manifest @mapbox/node-pre-gyp@^2.0.0
681 silly packumentCache full:https://registry.npmjs.org/@mapbox%2fnode-pre-gyp cache-miss
682 silly fetch manifest acorn-import-attributes@^1.9.5
683 silly packumentCache full:https://registry.npmjs.org/acorn-import-attributes cache-miss
684 silly fetch manifest onetime@^5.1.0
685 silly packumentCache full:https://registry.npmjs.org/onetime cache-miss
686 silly fetch manifest is-stream@^2.0.0
687 silly packumentCache full:https://registry.npmjs.org/is-stream cache-miss
688 silly fetch manifest p-finally@^2.0.0
689 silly packumentCache full:https://registry.npmjs.org/p-finally cache-miss
690 http fetch GET 200 https://registry.npmjs.org/p-finally 34ms (cache miss)
691 silly packumentCache full:https://registry.npmjs.org/p-finally set size:undefined disposed:false
692 silly fetch manifest get-stream@^5.0.0
693 silly packumentCache full:https://registry.npmjs.org/get-stream cache-miss
694 http fetch GET 200 https://registry.npmjs.org/onetime 36ms (cache miss)
695 silly packumentCache full:https://registry.npmjs.org/onetime set size:undefined disposed:false
696 silly fetch manifest cross-spawn@^7.0.0
697 silly packumentCache full:https://registry.npmjs.org/cross-spawn cache-miss
698 http fetch GET 200 https://registry.npmjs.org/async-sema 38ms (cache miss)
699 silly packumentCache full:https://registry.npmjs.org/async-sema set size:undefined disposed:false
700 silly fetch manifest signal-exit@^3.0.2
701 silly packumentCache full:https://registry.npmjs.org/signal-exit cache-miss
702 http fetch GET 200 https://registry.npmjs.org/bindings 42ms (cache miss)
703 silly packumentCache full:https://registry.npmjs.org/bindings set size:undefined disposed:false
704 silly fetch manifest merge-stream@^2.0.0
705 silly packumentCache full:https://registry.npmjs.org/merge-stream cache-miss
706 http fetch GET 200 https://registry.npmjs.org/is-stream 42ms (cache miss)
707 silly packumentCache full:https://registry.npmjs.org/is-stream set size:undefined disposed:false
708 silly fetch manifest npm-run-path@^4.0.0
709 silly packumentCache full:https://registry.npmjs.org/npm-run-path cache-miss
710 http fetch GET 200 https://registry.npmjs.org/resolve-from 44ms (cache miss)
711 silly packumentCache full:https://registry.npmjs.org/resolve-from set size:undefined disposed:false
712 silly fetch manifest human-signals@^1.1.1
713 silly packumentCache full:https://registry.npmjs.org/human-signals cache-miss
714 http fetch GET 200 https://registry.npmjs.org/acorn-import-attributes 48ms (cache miss)
715 silly packumentCache full:https://registry.npmjs.org/acorn-import-attributes set size:undefined disposed:false
716 silly fetch manifest strip-final-newline@^2.0.0
717 silly packumentCache full:https://registry.npmjs.org/strip-final-newline cache-miss
718 http fetch GET 200 https://registry.npmjs.org/estree-walker 50ms (cache miss)
719 silly packumentCache full:https://registry.npmjs.org/estree-walker set size:undefined disposed:false
720 silly fetch manifest jsonfile@^6.0.1
721 silly packumentCache full:https://registry.npmjs.org/jsonfile cache-miss
722 http fetch GET 200 https://registry.npmjs.org/node-gyp-build 51ms (cache miss)
723 silly packumentCache full:https://registry.npmjs.org/node-gyp-build set size:undefined disposed:false
724 silly fetch manifest graceful-fs@^4.2.0
725 silly packumentCache full:https://registry.npmjs.org/graceful-fs cache-miss
726 http fetch GET 200 https://registry.npmjs.org/graceful-fs 53ms (cache miss)
727 silly packumentCache full:https://registry.npmjs.org/graceful-fs set size:undefined disposed:false
728 silly fetch manifest universalify@^2.0.0
729 silly packumentCache full:https://registry.npmjs.org/universalify cache-miss
730 http fetch GET 200 https://registry.npmjs.org/picomatch 56ms (cache miss)
731 silly packumentCache full:https://registry.npmjs.org/picomatch set size:undefined disposed:false
732 silly fetch manifest @oxc-transform/binding-darwin-x64@0.111.0
733 silly packumentCache full:https://registry.npmjs.org/@oxc-transform%2fbinding-darwin-x64 cache-miss
734 http fetch GET 200 https://registry.npmjs.org/@rollup%2fpluginutils 59ms (cache miss)
735 silly packumentCache full:https://registry.npmjs.org/@rollup%2fpluginutils set size:undefined disposed:false
736 silly fetch manifest @oxc-transform/binding-freebsd-x64@0.111.0
737 silly packumentCache full:https://registry.npmjs.org/@oxc-transform%2fbinding-freebsd-x64 cache-miss
738 http fetch GET 200 https://registry.npmjs.org/acorn 65ms (cache miss)
739 silly packumentCache full:https://registry.npmjs.org/acorn set size:undefined disposed:false
740 silly fetch manifest @oxc-transform/binding-wasm32-wasi@0.111.0
741 silly packumentCache full:https://registry.npmjs.org/@oxc-transform%2fbinding-wasm32-wasi cache-miss
742 http fetch GET 200 https://registry.npmjs.org/get-stream 34ms (cache miss)
743 silly packumentCache full:https://registry.npmjs.org/get-stream set size:undefined disposed:false
744 silly fetch manifest @oxc-transform/binding-darwin-arm64@0.111.0
745 silly packumentCache full:https://registry.npmjs.org/@oxc-transform%2fbinding-darwin-arm64 cache-miss
746 http fetch GET 200 https://registry.npmjs.org/glob 76ms (cache miss)
747 silly packumentCache full:https://registry.npmjs.org/glob set size:undefined disposed:false
748 silly fetch manifest @oxc-transform/binding-android-arm64@0.111.0
749 silly packumentCache full:https://registry.npmjs.org/@oxc-transform%2fbinding-android-arm64 cache-miss
750 http fetch GET 200 https://registry.npmjs.org/merge-stream 36ms (cache miss)
751 silly packumentCache full:https://registry.npmjs.org/merge-stream set size:undefined disposed:false
752 silly fetch manifest @oxc-transform/binding-linux-x64-gnu@0.111.0
753 silly packumentCache full:https://registry.npmjs.org/@oxc-transform%2fbinding-linux-x64-gnu cache-miss
754 http fetch GET 200 https://registry.npmjs.org/signal-exit 42ms (cache miss)
755 silly packumentCache full:https://registry.npmjs.org/signal-exit set size:undefined disposed:false
756 silly fetch manifest @oxc-transform/binding-linux-x64-musl@0.111.0
757 silly packumentCache full:https://registry.npmjs.org/@oxc-transform%2fbinding-linux-x64-musl cache-miss
758 http fetch GET 200 https://registry.npmjs.org/cross-spawn 45ms (cache miss)
759 silly packumentCache full:https://registry.npmjs.org/cross-spawn set size:undefined disposed:false
760 silly fetch manifest @oxc-transform/binding-win32-x64-msvc@0.111.0
761 silly packumentCache full:https://registry.npmjs.org/@oxc-transform%2fbinding-win32-x64-msvc cache-miss
762 http fetch GET 200 https://registry.npmjs.org/human-signals 41ms (cache miss)
763 silly packumentCache full:https://registry.npmjs.org/human-signals set size:undefined disposed:false
764 silly fetch manifest @oxc-transform/binding-linux-arm64-gnu@0.111.0
765 silly packumentCache full:https://registry.npmjs.org/@oxc-transform%2fbinding-linux-arm64-gnu cache-miss
766 http fetch GET 200 https://registry.npmjs.org/npm-run-path 42ms (cache miss)
767 silly packumentCache full:https://registry.npmjs.org/npm-run-path set size:undefined disposed:false
768 silly fetch manifest @oxc-transform/binding-linux-ppc64-gnu@0.111.0
769 silly packumentCache full:https://registry.npmjs.org/@oxc-transform%2fbinding-linux-ppc64-gnu cache-miss
770 http fetch GET 200 https://registry.npmjs.org/graceful-fs 37ms (cache miss)
771 silly packumentCache full:https://registry.npmjs.org/graceful-fs set size:undefined disposed:false
772 silly fetch manifest @oxc-transform/binding-linux-s390x-gnu@0.111.0
773 silly packumentCache full:https://registry.npmjs.org/@oxc-transform%2fbinding-linux-s390x-gnu cache-miss
774 http fetch GET 200 https://registry.npmjs.org/jsonfile 39ms (cache miss)
775 silly packumentCache full:https://registry.npmjs.org/jsonfile set size:undefined disposed:false
776 silly fetch manifest @oxc-transform/binding-win32-ia32-msvc@0.111.0
777 silly packumentCache full:https://registry.npmjs.org/@oxc-transform%2fbinding-win32-ia32-msvc cache-miss
778 http fetch GET 200 https://registry.npmjs.org/universalify 36ms (cache miss)
779 silly packumentCache full:https://registry.npmjs.org/universalify set size:undefined disposed:false
780 silly fetch manifest @oxc-transform/binding-android-arm-eabi@0.111.0
781 silly packumentCache full:https://registry.npmjs.org/@oxc-transform%2fbinding-android-arm-eabi cache-miss
782 http fetch GET 200 https://registry.npmjs.org/strip-final-newline 43ms (cache miss)
783 silly packumentCache full:https://registry.npmjs.org/strip-final-newline set size:undefined disposed:false
784 silly fetch manifest @oxc-transform/binding-linux-arm64-musl@0.111.0
785 silly packumentCache full:https://registry.npmjs.org/@oxc-transform%2fbinding-linux-arm64-musl cache-miss
786 http fetch GET 200 https://registry.npmjs.org/@oxc-transform%2fbinding-wasm32-wasi 278ms (cache miss)
787 silly packumentCache full:https://registry.npmjs.org/@oxc-transform%2fbinding-wasm32-wasi set size:undefined disposed:false
788 silly fetch manifest @oxc-transform/binding-win32-arm64-msvc@0.111.0
789 silly packumentCache full:https://registry.npmjs.org/@oxc-transform%2fbinding-win32-arm64-msvc cache-miss
790 http fetch GET 200 https://registry.npmjs.org/@oxc-transform%2fbinding-win32-x64-msvc 285ms (cache miss)
791 silly packumentCache full:https://registry.npmjs.org/@oxc-transform%2fbinding-win32-x64-msvc set size:undefined disposed:false
792 silly fetch manifest @oxc-transform/binding-linux-riscv64-gnu@0.111.0
793 silly packumentCache full:https://registry.npmjs.org/@oxc-transform%2fbinding-linux-riscv64-gnu cache-miss
794 http fetch GET 200 https://registry.npmjs.org/@mapbox%2fnode-pre-gyp 451ms (cache miss)
795 silly packumentCache full:https://registry.npmjs.org/@mapbox%2fnode-pre-gyp set size:undefined disposed:false
796 silly fetch manifest @oxc-transform/binding-openharmony-arm64@0.111.0
797 silly packumentCache full:https://registry.npmjs.org/@oxc-transform%2fbinding-openharmony-arm64 cache-miss
798 http fetch GET 200 https://registry.npmjs.org/@oxc-transform%2fbinding-darwin-arm64 421ms (cache miss)
799 silly packumentCache full:https://registry.npmjs.org/@oxc-transform%2fbinding-darwin-arm64 set size:undefined disposed:false
800 silly fetch manifest @oxc-transform/binding-linux-riscv64-musl@0.111.0
801 silly packumentCache full:https://registry.npmjs.org/@oxc-transform%2fbinding-linux-riscv64-musl cache-miss
802 http fetch GET 200 https://registry.npmjs.org/@oxc-transform%2fbinding-freebsd-x64 441ms (cache miss)
803 silly packumentCache full:https://registry.npmjs.org/@oxc-transform%2fbinding-freebsd-x64 set size:undefined disposed:false
804 silly fetch manifest @oxc-transform/binding-linux-arm-gnueabihf@0.111.0
805 silly packumentCache full:https://registry.npmjs.org/@oxc-transform%2fbinding-linux-arm-gnueabihf cache-miss
806 http fetch GET 200 https://registry.npmjs.org/@oxc-transform%2fbinding-linux-s390x-gnu 448ms (cache miss)
807 silly packumentCache full:https://registry.npmjs.org/@oxc-transform%2fbinding-linux-s390x-gnu set size:undefined disposed:false
808 silly fetch manifest @oxc-transform/binding-linux-arm-musleabihf@0.111.0
809 silly packumentCache full:https://registry.npmjs.org/@oxc-transform%2fbinding-linux-arm-musleabihf cache-miss
810 http fetch GET 200 https://registry.npmjs.org/@oxc-transform%2fbinding-linux-x64-musl 459ms (cache miss)
811 silly packumentCache full:https://registry.npmjs.org/@oxc-transform%2fbinding-linux-x64-musl set size:undefined disposed:false
812 silly fetch manifest @oxc-project/types@=0.110.0
813 silly packumentCache full:https://registry.npmjs.org/@oxc-project%2ftypes cache-miss
814 http fetch GET 200 https://registry.npmjs.org/@oxc-transform%2fbinding-linux-x64-gnu 471ms (cache miss)
815 silly packumentCache full:https://registry.npmjs.org/@oxc-transform%2fbinding-linux-x64-gnu set size:undefined disposed:false
816 silly fetch manifest @rolldown/pluginutils@1.0.0-rc.1
817 silly packumentCache full:https://registry.npmjs.org/@rolldown%2fpluginutils cache-miss
818 http fetch GET 200 https://registry.npmjs.org/@oxc-project%2ftypes 38ms (cache miss)
819 silly packumentCache full:https://registry.npmjs.org/@oxc-project%2ftypes set size:undefined disposed:false
820 silly fetch manifest @rolldown/binding-darwin-x64@1.0.0-rc.1
821 silly packumentCache full:https://registry.npmjs.org/@rolldown%2fbinding-darwin-x64 cache-miss
822 http fetch GET 200 https://registry.npmjs.org/@rolldown%2fpluginutils 37ms (cache miss)
823 silly packumentCache full:https://registry.npmjs.org/@rolldown%2fpluginutils set size:undefined disposed:false
824 silly fetch manifest @rolldown/binding-freebsd-x64@1.0.0-rc.1
825 silly packumentCache full:https://registry.npmjs.org/@rolldown%2fbinding-freebsd-x64 cache-miss
826 http fetch GET 200 https://registry.npmjs.org/@oxc-transform%2fbinding-android-arm64 610ms (cache miss)
827 silly packumentCache full:https://registry.npmjs.org/@oxc-transform%2fbinding-android-arm64 set size:undefined disposed:false
828 silly fetch manifest @rolldown/binding-wasm32-wasi@1.0.0-rc.1
829 silly packumentCache full:https://registry.npmjs.org/@rolldown%2fbinding-wasm32-wasi cache-miss
830 http fetch GET 200 https://registry.npmjs.org/@oxc-transform%2fbinding-darwin-x64 635ms (cache miss)
831 silly packumentCache full:https://registry.npmjs.org/@oxc-transform%2fbinding-darwin-x64 set size:undefined disposed:false
832 silly fetch manifest @rolldown/binding-darwin-arm64@1.0.0-rc.1
833 silly packumentCache full:https://registry.npmjs.org/@rolldown%2fbinding-darwin-arm64 cache-miss
834 http fetch GET 200 https://registry.npmjs.org/@oxc-transform%2fbinding-linux-arm64-gnu 611ms (cache miss)
835 silly packumentCache full:https://registry.npmjs.org/@oxc-transform%2fbinding-linux-arm64-gnu set size:undefined disposed:false
836 silly fetch manifest @rolldown/binding-android-arm64@1.0.0-rc.1
837 silly packumentCache full:https://registry.npmjs.org/@rolldown%2fbinding-android-arm64 cache-miss
838 http fetch GET 200 https://registry.npmjs.org/@oxc-transform%2fbinding-linux-ppc64-gnu 619ms (cache miss)
839 silly packumentCache full:https://registry.npmjs.org/@oxc-transform%2fbinding-linux-ppc64-gnu set size:undefined disposed:false
840 silly fetch manifest @rolldown/binding-linux-x64-gnu@1.0.0-rc.1
841 silly packumentCache full:https://registry.npmjs.org/@rolldown%2fbinding-linux-x64-gnu cache-miss
842 http fetch GET 200 https://registry.npmjs.org/@oxc-transform%2fbinding-win32-ia32-msvc 617ms (cache miss)
843 silly packumentCache full:https://registry.npmjs.org/@oxc-transform%2fbinding-win32-ia32-msvc set size:undefined disposed:false
844 silly fetch manifest @rolldown/binding-linux-x64-musl@1.0.0-rc.1
845 silly packumentCache full:https://registry.npmjs.org/@rolldown%2fbinding-linux-x64-musl cache-miss
846 http fetch GET 200 https://registry.npmjs.org/@oxc-transform%2fbinding-linux-arm64-musl 618ms (cache miss)
847 silly packumentCache full:https://registry.npmjs.org/@oxc-transform%2fbinding-linux-arm64-musl set size:undefined disposed:false
848 silly fetch manifest @rolldown/binding-win32-x64-msvc@1.0.0-rc.1
849 silly packumentCache full:https://registry.npmjs.org/@rolldown%2fbinding-win32-x64-msvc cache-miss
850 http fetch GET 200 https://registry.npmjs.org/@oxc-transform%2fbinding-android-arm-eabi 627ms (cache miss)
851 silly packumentCache full:https://registry.npmjs.org/@oxc-transform%2fbinding-android-arm-eabi set size:undefined disposed:false
852 silly fetch manifest @rolldown/binding-linux-arm64-gnu@1.0.0-rc.1
853 silly packumentCache full:https://registry.npmjs.org/@rolldown%2fbinding-linux-arm64-gnu cache-miss
854 http fetch GET 200 https://registry.npmjs.org/@oxc-transform%2fbinding-linux-riscv64-musl 286ms (cache miss)
855 silly packumentCache full:https://registry.npmjs.org/@oxc-transform%2fbinding-linux-riscv64-musl set size:undefined disposed:false
856 silly fetch manifest @rolldown/binding-linux-arm64-musl@1.0.0-rc.1
857 silly packumentCache full:https://registry.npmjs.org/@rolldown%2fbinding-linux-arm64-musl cache-miss
858 http fetch GET 200 https://registry.npmjs.org/@rolldown%2fbinding-linux-x64-musl 71ms (cache miss)
859 silly packumentCache full:https://registry.npmjs.org/@rolldown%2fbinding-linux-x64-musl set size:undefined disposed:false
860 silly fetch manifest @rolldown/binding-win32-arm64-msvc@1.0.0-rc.1
861 silly packumentCache full:https://registry.npmjs.org/@rolldown%2fbinding-win32-arm64-msvc cache-miss
862 http fetch GET 200 https://registry.npmjs.org/@rolldown%2fbinding-linux-x64-gnu 81ms (cache miss)
863 silly packumentCache full:https://registry.npmjs.org/@rolldown%2fbinding-linux-x64-gnu set size:undefined disposed:false
864 silly fetch manifest @rolldown/binding-openharmony-arm64@1.0.0-rc.1
865 silly packumentCache full:https://registry.npmjs.org/@rolldown%2fbinding-openharmony-arm64 cache-miss
866 http fetch GET 200 https://registry.npmjs.org/@rolldown%2fbinding-win32-x64-msvc 83ms (cache miss)
867 silly packumentCache full:https://registry.npmjs.org/@rolldown%2fbinding-win32-x64-msvc set size:undefined disposed:false
868 silly fetch manifest @rolldown/binding-linux-arm-gnueabihf@1.0.0-rc.1
869 silly packumentCache full:https://registry.npmjs.org/@rolldown%2fbinding-linux-arm-gnueabihf cache-miss
870 http fetch GET 200 https://registry.npmjs.org/@oxc-transform%2fbinding-win32-arm64-msvc 465ms (cache miss)
871 silly packumentCache full:https://registry.npmjs.org/@oxc-transform%2fbinding-win32-arm64-msvc set size:undefined disposed:false
872 silly fetch manifest cookie-es@^2.0.0
873 silly packumentCache full:https://registry.npmjs.org/cookie-es cache-miss
874 http fetch GET 200 https://registry.npmjs.org/cookie-es 23ms (cache miss)
875 silly packumentCache full:https://registry.npmjs.org/cookie-es set size:undefined disposed:false
876 silly fetch manifest get-tsconfig@^4.7.5
877 silly packumentCache full:https://registry.npmjs.org/get-tsconfig cache-miss
878 http fetch GET 200 https://registry.npmjs.org/get-tsconfig 24ms (cache miss)
879 silly packumentCache full:https://registry.npmjs.org/get-tsconfig set size:undefined disposed:false
880 silly fetch manifest fsevents@~2.3.3
881 silly packumentCache full:https://registry.npmjs.org/fsevents cache-miss
882 http fetch GET 200 https://registry.npmjs.org/fsevents 56ms (cache miss)
883 silly packumentCache full:https://registry.npmjs.org/fsevents set size:undefined disposed:false
884 http fetch GET 200 https://registry.npmjs.org/@rolldown%2fbinding-android-arm64 223ms (cache miss)
885 silly packumentCache full:https://registry.npmjs.org/@rolldown%2fbinding-android-arm64 set size:undefined disposed:false
886 http fetch GET 200 https://registry.npmjs.org/@rolldown%2fbinding-darwin-x64 345ms (cache miss)
887 silly packumentCache full:https://registry.npmjs.org/@rolldown%2fbinding-darwin-x64 set size:undefined disposed:false
888 http fetch GET 200 https://registry.npmjs.org/@rolldown%2fbinding-linux-arm64-gnu 239ms (cache miss)
889 silly packumentCache full:https://registry.npmjs.org/@rolldown%2fbinding-linux-arm64-gnu set size:undefined disposed:false
890 http fetch GET 200 https://registry.npmjs.org/@oxc-transform%2fbinding-linux-riscv64-gnu 624ms (cache miss)
891 silly packumentCache full:https://registry.npmjs.org/@oxc-transform%2fbinding-linux-riscv64-gnu set size:undefined disposed:false
892 http fetch GET 200 https://registry.npmjs.org/@rolldown%2fbinding-win32-arm64-msvc 224ms (cache miss)
893 silly packumentCache full:https://registry.npmjs.org/@rolldown%2fbinding-win32-arm64-msvc set size:undefined disposed:false
894 http fetch GET 200 https://registry.npmjs.org/@oxc-transform%2fbinding-openharmony-arm64 610ms (cache miss)
895 silly packumentCache full:https://registry.npmjs.org/@oxc-transform%2fbinding-openharmony-arm64 set size:undefined disposed:false
896 http fetch GET 200 https://registry.npmjs.org/@rolldown%2fbinding-freebsd-x64 481ms (cache miss)
897 silly packumentCache full:https://registry.npmjs.org/@rolldown%2fbinding-freebsd-x64 set size:undefined disposed:false
898 http fetch GET 200 https://registry.npmjs.org/@oxc-transform%2fbinding-linux-arm-gnueabihf 612ms (cache miss)
899 silly packumentCache full:https://registry.npmjs.org/@oxc-transform%2fbinding-linux-arm-gnueabihf set size:undefined disposed:false
900 http fetch GET 200 https://registry.npmjs.org/@oxc-transform%2fbinding-linux-arm-musleabihf 614ms (cache miss)
901 silly packumentCache full:https://registry.npmjs.org/@oxc-transform%2fbinding-linux-arm-musleabihf set size:undefined disposed:false
902 http fetch GET 200 https://registry.npmjs.org/@rolldown%2fbinding-wasm32-wasi 472ms (cache miss)
903 silly packumentCache full:https://registry.npmjs.org/@rolldown%2fbinding-wasm32-wasi set size:undefined disposed:false
904 http fetch GET 200 https://registry.npmjs.org/@rolldown%2fbinding-linux-arm64-musl 394ms (cache miss)
905 silly packumentCache full:https://registry.npmjs.org/@rolldown%2fbinding-linux-arm64-musl set size:undefined disposed:false
906 http fetch GET 200 https://registry.npmjs.org/@rolldown%2fbinding-darwin-arm64 484ms (cache miss)
907 silly packumentCache full:https://registry.npmjs.org/@rolldown%2fbinding-darwin-arm64 set size:undefined disposed:false
908 http fetch GET 200 https://registry.npmjs.org/@rolldown%2fbinding-linux-arm-gnueabihf 394ms (cache miss)
909 silly packumentCache full:https://registry.npmjs.org/@rolldown%2fbinding-linux-arm-gnueabihf set size:undefined disposed:false
910 http fetch GET 200 https://registry.npmjs.org/@rolldown%2fbinding-openharmony-arm64 454ms (cache miss)
911 silly packumentCache full:https://registry.npmjs.org/@rolldown%2fbinding-openharmony-arm64 set size:undefined disposed:false
912 silly placeDep ROOT async-retry@1.3.3 OK for: @vercel/blob@2.4.0 want: ^1.3.3
913 silly placeDep ROOT is-buffer@2.0.5 OK for: @vercel/blob@2.4.0 want: ^2.0.5
914 silly placeDep ROOT is-node-process@1.2.0 OK for: @vercel/blob@2.4.0 want: ^1.2.0
915 silly placeDep ROOT throttleit@2.1.0 OK for: @vercel/blob@2.4.0 want: ^2.1.0
916 silly placeDep ROOT undici@6.25.0 OK for: @vercel/blob@2.4.0 want: ^6.23.0
917 silly fetch manifest retry@0.13.1
918 silly packumentCache full:https://registry.npmjs.org/retry cache-miss
919 http fetch GET 200 https://registry.npmjs.org/retry 25ms (cache miss)
920 silly packumentCache full:https://registry.npmjs.org/retry set size:undefined disposed:false
921 silly placeDep ROOT @vercel/python-analysis@0.11.1 OK for: @vercel/build-utils@13.26.1 want: 0.11.1
922 silly placeDep ROOT cjs-module-lexer@1.2.3 OK for: @vercel/build-utils@13.26.1 want: 1.2.3
923 silly placeDep ROOT es-module-lexer@1.5.0 OK for: @vercel/build-utils@13.26.1 want: 1.5.0
924 silly fetch manifest js-yaml@4.1.1
925 silly packumentCache full:https://registry.npmjs.org/js-yaml cache-miss
926 silly fetch manifest fs-extra@11.1.1
927 silly packumentCache full:https://registry.npmjs.org/fs-extra cache-hit
928 silly fetch manifest minimatch@10.1.1
929 silly packumentCache full:https://registry.npmjs.org/minimatch cache-miss
930 silly fetch manifest @renovatebot/pep440@4.2.1
931 silly packumentCache full:https://registry.npmjs.org/@renovatebot%2fpep440 cache-miss
932 silly fetch manifest @bytecodealliance/preview2-shim@0.17.6
933 silly packumentCache full:https://registry.npmjs.org/@bytecodealliance%2fpreview2-shim cache-miss
934 http fetch GET 200 https://registry.npmjs.org/js-yaml 29ms (cache miss)
935 silly packumentCache full:https://registry.npmjs.org/js-yaml set size:undefined disposed:false
936 http fetch GET 200 https://registry.npmjs.org/minimatch 31ms (cache miss)
937 silly packumentCache full:https://registry.npmjs.org/minimatch set size:undefined disposed:false
938 http fetch GET 200 https://registry.npmjs.org/@renovatebot%2fpep440 285ms (cache miss)
939 silly packumentCache full:https://registry.npmjs.org/@renovatebot%2fpep440 set size:undefined disposed:false
940 http fetch GET 200 https://registry.npmjs.org/@bytecodealliance%2fpreview2-shim 762ms (cache miss)
941 silly packumentCache full:https://registry.npmjs.org/@bytecodealliance%2fpreview2-shim set size:undefined disposed:false
942 silly placeDep ROOT xdg-app-paths@5.5.1 OK for: @vercel/cli-config@0.1.2 want: 5
943 silly fetch manifest os-paths@^4.0.1
944 silly packumentCache full:https://registry.npmjs.org/os-paths cache-miss
945 silly fetch manifest xdg-portable@^7.2.0
946 silly packumentCache full:https://registry.npmjs.org/xdg-portable cache-miss
947 http fetch GET 200 https://registry.npmjs.org/os-paths 28ms (cache miss)
948 silly packumentCache full:https://registry.npmjs.org/os-paths set size:undefined disposed:false
949 http fetch GET 200 https://registry.npmjs.org/xdg-portable 240ms (cache miss)
950 silly packumentCache full:https://registry.npmjs.org/xdg-portable set size:undefined disposed:false
951 silly placeDep ROOT @vercel/static-config@3.3.0 OK for: @vercel/elysia@0.1.80 want: 3.3.0
952 silly fetch manifest ajv@8.6.3
953 silly packumentCache full:https://registry.npmjs.org/ajv cache-miss
954 silly fetch manifest json-schema-to-ts@1.6.4
955 silly packumentCache full:https://registry.npmjs.org/json-schema-to-ts cache-miss
956 http fetch GET 200 https://registry.npmjs.org/json-schema-to-ts 36ms (cache miss)
957 silly packumentCache full:https://registry.npmjs.org/json-schema-to-ts set size:undefined disposed:false
958 http fetch GET 200 https://registry.npmjs.org/ajv 44ms (cache miss)
959 silly packumentCache full:https://registry.npmjs.org/ajv set size:undefined disposed:false
960 silly placeDep ROOT @vercel/cervel@0.1.7 OK for: @vercel/express@0.1.90 want: 0.1.7
961 silly placeDep ROOT ts-morph@12.0.0 OK for: @vercel/express@0.1.90 want: 12.0.0
962 silly placeDep node_modules/@vercel/express zod@3.22.4 OK for: @vercel/express@0.1.90 want: 3.22.4
963 silly fetch manifest @ts-morph/common@~0.11.0
964 silly packumentCache full:https://registry.npmjs.org/@ts-morph%2fcommon cache-miss
965 silly fetch manifest code-block-writer@^10.1.1
966 silly packumentCache full:https://registry.npmjs.org/code-block-writer cache-miss
967 http fetch GET 200 https://registry.npmjs.org/code-block-writer 26ms (cache miss)
968 silly packumentCache full:https://registry.npmjs.org/code-block-writer set size:undefined disposed:false
969 http fetch GET 200 https://registry.npmjs.org/@ts-morph%2fcommon 283ms (cache miss)
970 silly packumentCache full:https://registry.npmjs.org/@ts-morph%2fcommon set size:undefined disposed:false
971 silly fetch manifest encoding@^0.1.0
972 silly packumentCache full:https://registry.npmjs.org/encoding cache-miss
973 http fetch GET 200 https://registry.npmjs.org/encoding 26ms (cache miss)
974 silly packumentCache full:https://registry.npmjs.org/encoding set size:undefined disposed:false
975 silly placeDep ROOT @tootallnate/once@2.0.0 OK for: @vercel/fun@1.3.0 want: 2.0.0
976 silly placeDep ROOT async-listen@1.2.0 OK for: @vercel/fun@1.3.0 want: 1.2.0
977 silly placeDep ROOT debug@4.3.4 OK for: @vercel/fun@1.3.0 want: 4.3.4
978 silly placeDep ROOT generic-pool@3.4.2 OK for: @vercel/fun@1.3.0 want: 3.4.2
979 silly placeDep ROOT micro@9.3.5-canary.3 OK for: @vercel/fun@1.3.0 want: 9.3.5-canary.3
980 silly placeDep ROOT ms@2.1.1 OK for: @vercel/fun@1.3.0 want: 2.1.1
981 silly placeDep ROOT node-fetch@2.6.7 OK for: @vercel/fun@1.3.0 want: 2.6.7
982 silly placeDep node_modules/@vercel/fun path-to-regexp@8.2.0 OK for: @vercel/fun@1.3.0 want: 8.2.0
983 silly placeDep ROOT promisepipe@3.0.0 OK for: @vercel/fun@1.3.0 want: 3.0.0
984 silly placeDep ROOT semver@7.5.4 OK for: @vercel/fun@1.3.0 want: 7.5.4
985 silly placeDep ROOT stat-mode@0.3.0 OK for: @vercel/fun@1.3.0 want: 0.3.0
986 silly placeDep ROOT stream-to-promise@2.2.0 OK for: @vercel/fun@1.3.0 want: 2.2.0
987 silly placeDep ROOT tar@7.5.7 OK for: @vercel/fun@1.3.0 want: 7.5.7
988 silly placeDep ROOT tinyexec@0.3.2 OK for: @vercel/fun@1.3.0 want: 0.3.2
989 silly placeDep ROOT tree-kill@1.2.2 OK for: @vercel/fun@1.3.0 want: 1.2.2
990 silly placeDep ROOT uid-promise@1.0.0 OK for: @vercel/fun@1.3.0 want: 1.0.0
991 silly placeDep node_modules/@vercel/fun xdg-app-paths@5.1.0 OK for: @vercel/fun@1.3.0 want: 5.1.0
992 silly placeDep ROOT yauzl-promise@2.1.3 OK for: @vercel/fun@1.3.0 want: 2.1.3
993 silly fetch manifest ms@2.1.2
994 silly packumentCache full:https://registry.npmjs.org/ms cache-miss
995 silly fetch manifest arg@4.1.0
996 silly packumentCache full:https://registry.npmjs.org/arg cache-miss
997 silly fetch manifest raw-body@2.4.1
998 silly packumentCache full:https://registry.npmjs.org/raw-body cache-miss
999 silly fetch manifest content-type@1.0.4
1000 silly packumentCache full:https://registry.npmjs.org/content-type cache-miss
1001 silly fetch manifest whatwg-url@^5.0.0
1002 silly packumentCache full:https://registry.npmjs.org/whatwg-url cache-miss
1003 silly fetch manifest lru-cache@^6.0.0
1004 silly packumentCache full:https://registry.npmjs.org/lru-cache cache-miss
1005 silly fetch manifest any-promise@~1.3.0
1006 silly packumentCache full:https://registry.npmjs.org/any-promise cache-miss
1007 silly fetch manifest end-of-stream@~1.1.0
1008 silly packumentCache full:https://registry.npmjs.org/end-of-stream cache-miss
1009 silly fetch manifest stream-to-array@~2.3.0
1010 silly packumentCache full:https://registry.npmjs.org/stream-to-array cache-miss
1011 silly fetch manifest chownr@^3.0.0
1012 silly packumentCache full:https://registry.npmjs.org/chownr cache-miss
1013 silly fetch manifest yallist@^5.0.0
1014 silly packumentCache full:https://registry.npmjs.org/yallist cache-miss
1015 silly fetch manifest minipass@^7.1.2
1016 silly packumentCache full:https://registry.npmjs.org/minipass cache-miss
1017 silly fetch manifest minizlib@^3.1.0
1018 silly packumentCache full:https://registry.npmjs.org/minizlib cache-miss
1019 silly fetch manifest @isaacs/fs-minipass@^4.0.0
1020 silly packumentCache full:https://registry.npmjs.org/@isaacs%2ffs-minipass cache-miss
1021 silly fetch manifest xdg-portable@^7.0.0
1022 silly packumentCache full:https://registry.npmjs.org/xdg-portable cache-miss
1023 http cache https://registry.npmjs.org/xdg-portable 8ms (cache hit)
1024 silly packumentCache full:https://registry.npmjs.org/xdg-portable set size:329210 disposed:false
1025 silly fetch manifest yauzl@^2.9.1
1026 silly packumentCache full:https://registry.npmjs.org/yauzl cache-miss
1027 http cache https://registry.npmjs.org/lru-cache 11ms (cache hit)
1028 silly packumentCache full:https://registry.npmjs.org/lru-cache set size:451987 disposed:false
1029 silly fetch manifest yauzl-clone@^1.0.4
1030 silly packumentCache full:https://registry.npmjs.org/yauzl-clone cache-miss
1031 http cache https://registry.npmjs.org/ms 15ms (cache hit)
1032 silly packumentCache full:https://registry.npmjs.org/ms set size:92208 disposed:false
1033 http fetch GET 200 https://registry.npmjs.org/any-promise 33ms (cache miss)
1034 silly packumentCache full:https://registry.npmjs.org/any-promise set size:undefined disposed:false
1035 http fetch GET 200 https://registry.npmjs.org/stream-to-array 34ms (cache miss)
1036 silly packumentCache full:https://registry.npmjs.org/stream-to-array set size:undefined disposed:false
1037 http fetch GET 200 https://registry.npmjs.org/content-type 62ms (cache miss)
1038 silly packumentCache full:https://registry.npmjs.org/content-type set size:undefined disposed:false
1039 http fetch GET 200 https://registry.npmjs.org/end-of-stream 62ms (cache miss)
1040 silly packumentCache full:https://registry.npmjs.org/end-of-stream set size:undefined disposed:false
1041 http fetch GET 200 https://registry.npmjs.org/chownr 63ms (cache miss)
1042 silly packumentCache full:https://registry.npmjs.org/chownr set size:undefined disposed:false
1043 http fetch GET 200 https://registry.npmjs.org/arg 65ms (cache miss)
1044 silly packumentCache full:https://registry.npmjs.org/arg set size:undefined disposed:false
1045 http fetch GET 200 https://registry.npmjs.org/yallist 63ms (cache miss)
1046 silly packumentCache full:https://registry.npmjs.org/yallist set size:undefined disposed:false
1047 http fetch GET 200 https://registry.npmjs.org/minizlib 64ms (cache miss)
1048 silly packumentCache full:https://registry.npmjs.org/minizlib set size:undefined disposed:false
1049 http fetch GET 200 https://registry.npmjs.org/raw-body 67ms (cache miss)
1050 silly packumentCache full:https://registry.npmjs.org/raw-body set size:undefined disposed:false
1051 http fetch GET 200 https://registry.npmjs.org/whatwg-url 68ms (cache miss)
1052 silly packumentCache full:https://registry.npmjs.org/whatwg-url set size:undefined disposed:false
1053 http fetch GET 200 https://registry.npmjs.org/@isaacs%2ffs-minipass 69ms (cache miss)
1054 silly packumentCache full:https://registry.npmjs.org/@isaacs%2ffs-minipass set size:undefined disposed:false
1055 http fetch GET 200 https://registry.npmjs.org/minipass 70ms (cache miss)
1056 silly packumentCache full:https://registry.npmjs.org/minipass set size:undefined disposed:false
1057 http fetch GET 200 https://registry.npmjs.org/yauzl 64ms (cache miss)
1058 silly packumentCache full:https://registry.npmjs.org/yauzl set size:undefined disposed:false
1059 http fetch GET 200 https://registry.npmjs.org/yauzl-clone 190ms (cache miss)
1060 silly packumentCache full:https://registry.npmjs.org/yauzl-clone set size:undefined disposed:false
1061 silly placeDep node_modules/@vercel/hono zod@3.22.4 OK for: @vercel/hono@0.2.83 want: 3.22.4
1062 silly fetch manifest rollup@^1.20.0||^2.0.0||^3.0.0||^4.0.0
1063 silly packumentCache full:https://registry.npmjs.org/rollup cache-miss
1064 http fetch GET 200 https://registry.npmjs.org/rollup 129ms (cache miss)
1065 silly packumentCache full:https://registry.npmjs.org/rollup set size:undefined disposed:false
1066 silly placeDep ROOT @mapbox/node-pre-gyp@2.0.3 OK for: @vercel/nft@1.5.0 want: ^2.0.0
1067 silly placeDep ROOT @rollup/pluginutils@5.3.0 OK for: @vercel/nft@1.5.0 want: ^5.1.3
1068 silly placeDep ROOT acorn@8.16.0 OK for: @vercel/nft@1.5.0 want: ^8.6.0
1069 silly placeDep ROOT acorn-import-attributes@1.9.5 OK for: @vercel/nft@1.5.0 want: ^1.9.5
1070 silly placeDep ROOT async-sema@3.1.1 OK for: @vercel/nft@1.5.0 want: ^3.1.1
1071 silly placeDep ROOT bindings@1.5.0 OK for: @vercel/nft@1.5.0 want: ^1.4.0
1072 silly placeDep ROOT estree-walker@2.0.2 OK for: @vercel/nft@1.5.0 want: 2.0.2
1073 silly placeDep ROOT glob@13.0.6 OK for: @vercel/nft@1.5.0 want: ^13.0.0
1074 silly placeDep ROOT graceful-fs@4.2.11 OK for: @vercel/nft@1.5.0 want: ^4.2.9
1075 silly placeDep ROOT node-gyp-build@4.8.4 OK for: @vercel/nft@1.5.0 want: ^4.2.2
1076 silly placeDep ROOT picomatch@4.0.4 OK for: @vercel/nft@1.5.0 want: ^4.0.2
1077 silly placeDep ROOT resolve-from@5.0.0 OK for: @vercel/nft@1.5.0 want: ^5.0.0
1078 silly fetch manifest nopt@^8.0.0
1079 silly packumentCache full:https://registry.npmjs.org/nopt cache-miss
1080 silly fetch manifest consola@^3.2.3
1081 silly packumentCache full:https://registry.npmjs.org/consola cache-miss
1082 silly fetch manifest detect-libc@^2.0.0
1083 silly packumentCache full:https://registry.npmjs.org/detect-libc cache-miss
1084 silly fetch manifest https-proxy-agent@^7.0.5
1085 silly packumentCache full:https://registry.npmjs.org/https-proxy-agent cache-miss
1086 silly fetch manifest @types/estree@^1.0.0
1087 silly packumentCache full:https://registry.npmjs.org/@types%2festree cache-miss
1088 silly fetch manifest estree-walker@^2.0.2
1089 silly packumentCache full:https://registry.npmjs.org/estree-walker cache-miss
1090 silly fetch manifest file-uri-to-path@1.0.0
1091 silly packumentCache full:https://registry.npmjs.org/file-uri-to-path cache-miss
1092 silly fetch manifest minimatch@^10.2.2
1093 silly packumentCache full:https://registry.npmjs.org/minimatch cache-miss
1094 silly fetch manifest minipass@^7.1.3
1095 silly packumentCache full:https://registry.npmjs.org/minipass cache-miss
1096 silly fetch manifest path-scurry@^2.0.2
1097 silly packumentCache full:https://registry.npmjs.org/path-scurry cache-miss
1098 http cache https://registry.npmjs.org/https-proxy-agent 12ms (cache hit)
1099 silly packumentCache full:https://registry.npmjs.org/https-proxy-agent set size:81258 disposed:false
1100 http cache https://registry.npmjs.org/minimatch 12ms (cache hit)
1101 silly packumentCache full:https://registry.npmjs.org/minimatch set size:375282 disposed:false
1102 http cache https://registry.npmjs.org/estree-walker 14ms (cache hit)
1103 silly packumentCache full:https://registry.npmjs.org/estree-walker set size:60887 disposed:false
1104 http cache https://registry.npmjs.org/minipass 15ms (cache hit)
1105 silly packumentCache full:https://registry.npmjs.org/minipass set size:276925 disposed:false
1106 http fetch GET 200 https://registry.npmjs.org/detect-libc 25ms (cache miss)
1107 silly packumentCache full:https://registry.npmjs.org/detect-libc set size:undefined disposed:false
1108 http fetch GET 200 https://registry.npmjs.org/nopt 27ms (cache miss)
1109 silly packumentCache full:https://registry.npmjs.org/nopt set size:undefined disposed:false
1110 http fetch GET 200 https://registry.npmjs.org/path-scurry 27ms (cache miss)
1111 silly packumentCache full:https://registry.npmjs.org/path-scurry set size:undefined disposed:false
1112 http fetch GET 200 https://registry.npmjs.org/file-uri-to-path 28ms (cache miss)
1113 silly packumentCache full:https://registry.npmjs.org/file-uri-to-path set size:undefined disposed:false
1114 http fetch GET 200 https://registry.npmjs.org/@types%2festree 32ms (cache miss)
1115 silly packumentCache full:https://registry.npmjs.org/@types%2festree set size:undefined disposed:false
1116 http fetch GET 200 https://registry.npmjs.org/consola 199ms (cache miss)
1117 silly packumentCache full:https://registry.npmjs.org/consola set size:undefined disposed:false
1118 silly placeDep ROOT consola@3.4.2 OK for: @mapbox/node-pre-gyp@2.0.3 want: ^3.2.3
1119 silly placeDep ROOT detect-libc@2.1.2 OK for: @mapbox/node-pre-gyp@2.0.3 want: ^2.0.0
1120 silly placeDep ROOT https-proxy-agent@7.0.6 OK for: @mapbox/node-pre-gyp@2.0.3 want: ^7.0.5
1121 silly placeDep ROOT nopt@8.1.0 OK for: @mapbox/node-pre-gyp@2.0.3 want: ^8.0.0
1122 silly fetch manifest agent-base@^7.1.2
1123 silly packumentCache full:https://registry.npmjs.org/agent-base cache-miss
1124 silly fetch manifest abbrev@^3.0.0
1125 silly packumentCache full:https://registry.npmjs.org/abbrev cache-miss
1126 http cache https://registry.npmjs.org/agent-base 4ms (cache hit)
1127 silly packumentCache full:https://registry.npmjs.org/agent-base set size:72085 disposed:false
1128 http fetch GET 200 https://registry.npmjs.org/abbrev 26ms (cache miss)
1129 silly packumentCache full:https://registry.npmjs.org/abbrev set size:undefined disposed:false
1130 silly placeDep ROOT @types/estree@1.0.9 OK for: @rollup/pluginutils@5.3.0 want: ^1.0.0
1131 silly placeDep ROOT @edge-runtime/node-utils@2.3.0 OK for: @vercel/node@5.8.4 want: 2.3.0
1132 silly placeDep ROOT @edge-runtime/primitives@4.1.0 OK for: @vercel/node@5.8.4 want: 4.1.0
1133 silly placeDep ROOT @edge-runtime/vm@3.2.0 OK for: @vercel/node@5.8.4 want: 3.2.0
1134 silly placeDep ROOT @types/node@20.11.0 OK for: @vercel/node@5.8.4 want: 20.11.0
1135 silly placeDep ROOT @vercel/error-utils@2.1.0 OK for: @vercel/node@5.8.4 want: 2.1.0
1136 silly placeDep node_modules/@vercel/node async-listen@3.0.0 OK for: @vercel/node@5.8.4 want: 3.0.0
1137 silly placeDep ROOT edge-runtime@2.5.9 OK for: @vercel/node@5.8.4 want: 2.5.9
1138 silly placeDep node_modules/@vercel/node es-module-lexer@1.4.1 OK for: @vercel/node@5.8.4 want: 1.4.1
1139 silly placeDep ROOT etag@1.8.1 OK for: @vercel/node@5.8.4 want: 1.8.1
1140 silly placeDep ROOT mime-types@2.1.35 OK for: @vercel/node@5.8.4 want: 2.1.35
1141 silly placeDep node_modules/@vercel/node node-fetch@2.6.9 OK for: @vercel/node@5.8.4 want: 2.6.9
1142 silly placeDep node_modules/@vercel/node path-to-regexp@6.1.0 OK for: @vercel/node@5.8.4 want: 6.1.0
1143 silly placeDep ROOT path-to-regexp-updated@6.3.0 OK for: @vercel/node@5.8.4 want: npm:path-to-regexp@6.3.0
1144 silly placeDep ROOT typescript@5.9.3 OK for: @vercel/node@5.8.4 want: npm:typescript@5.9.3
1145 silly placeDep node_modules/@vercel/node undici@5.28.4 OK for: @vercel/node@5.8.4 want: 5.28.4
1146 silly fetch manifest undici-types@~5.26.4
1147 silly packumentCache full:https://registry.npmjs.org/undici-types cache-miss
1148 silly fetch manifest mri@1.2.0
1149 silly packumentCache full:https://registry.npmjs.org/mri cache-miss
1150 silly fetch manifest pretty-ms@7.0.1
1151 silly packumentCache full:https://registry.npmjs.org/pretty-ms cache-miss
1152 silly fetch manifest time-span@4.0.0
1153 silly packumentCache full:https://registry.npmjs.org/time-span cache-miss
1154 silly fetch manifest picocolors@1.0.0
1155 silly packumentCache full:https://registry.npmjs.org/picocolors cache-miss
1156 silly fetch manifest signal-exit@4.0.2
1157 silly packumentCache full:https://registry.npmjs.org/signal-exit cache-miss
1158 silly fetch manifest async-listen@3.0.1
1159 silly packumentCache full:https://registry.npmjs.org/async-listen cache-hit
1160 silly fetch manifest @edge-runtime/format@2.2.1
1161 silly packumentCache full:https://registry.npmjs.org/@edge-runtime%2fformat cache-miss
1162 silly fetch manifest @edge-runtime/ponyfill@2.4.2
1163 silly packumentCache full:https://registry.npmjs.org/@edge-runtime%2fponyfill cache-miss
1164 silly fetch manifest mime-db@1.52.0
1165 silly packumentCache full:https://registry.npmjs.org/mime-db cache-miss
1166 silly fetch manifest @fastify/busboy@^2.0.0
1167 silly packumentCache full:https://registry.npmjs.org/@fastify%2fbusboy cache-miss
1168 http cache https://registry.npmjs.org/signal-exit 7ms (cache hit)
1169 silly packumentCache full:https://registry.npmjs.org/signal-exit set size:53489 disposed:false
1170 http fetch GET 200 https://registry.npmjs.org/time-span 26ms (cache miss)
1171 silly packumentCache full:https://registry.npmjs.org/time-span set size:undefined disposed:false
1172 http fetch GET 200 https://registry.npmjs.org/picocolors 27ms (cache miss)
1173 silly packumentCache full:https://registry.npmjs.org/picocolors set size:undefined disposed:false
1174 http fetch GET 200 https://registry.npmjs.org/pretty-ms 28ms (cache miss)
1175 silly packumentCache full:https://registry.npmjs.org/pretty-ms set size:undefined disposed:false
1176 http fetch GET 200 https://registry.npmjs.org/mime-db 28ms (cache miss)
1177 silly packumentCache full:https://registry.npmjs.org/mime-db set size:undefined disposed:false
1178 http fetch GET 200 https://registry.npmjs.org/undici-types 32ms (cache miss)
1179 silly packumentCache full:https://registry.npmjs.org/undici-types set size:undefined disposed:false
1180 http fetch GET 200 https://registry.npmjs.org/mri 194ms (cache miss)
1181 silly packumentCache full:https://registry.npmjs.org/mri set size:undefined disposed:false
1182 http fetch GET 200 https://registry.npmjs.org/@fastify%2fbusboy 206ms (cache miss)
1183 silly packumentCache full:https://registry.npmjs.org/@fastify%2fbusboy set size:undefined disposed:false
1184 http fetch GET 200 https://registry.npmjs.org/@edge-runtime%2fponyfill 448ms (cache miss)
1185 silly packumentCache full:https://registry.npmjs.org/@edge-runtime%2fponyfill set size:undefined disposed:false
1186 http fetch GET 200 https://registry.npmjs.org/@edge-runtime%2fformat 609ms (cache miss)
1187 silly packumentCache full:https://registry.npmjs.org/@edge-runtime%2fformat set size:undefined disposed:false
1188 silly placeDep ROOT undici-types@5.26.5 OK for: @types/node@20.11.0 want: ~5.26.4
1189 silly placeDep ROOT @bytecodealliance/preview2-shim@0.17.6 OK for: @vercel/python-analysis@0.11.1 want: 0.17.6
1190 silly placeDep ROOT @renovatebot/pep440@4.2.1 OK for: @vercel/python-analysis@0.11.1 want: 4.2.1
1191 silly placeDep node_modules/@vercel/python-analysis fs-extra@11.1.1 OK for: @vercel/python-analysis@0.11.1 want: 11.1.1
1192 silly placeDep ROOT js-yaml@4.1.1 OK for: @vercel/python-analysis@0.11.1 want: 4.1.1
1193 silly placeDep ROOT minimatch@10.1.1 OK for: @vercel/python-analysis@0.11.1 want: 10.1.1
1194 silly placeDep node_modules/@vercel/python-analysis zod@3.22.4 OK for: @vercel/python-analysis@0.11.1 want: 3.22.4
1195 silly fetch manifest argparse@^2.0.1
1196 silly packumentCache full:https://registry.npmjs.org/argparse cache-miss
1197 silly fetch manifest @isaacs/brace-expansion@^5.0.0
1198 silly packumentCache full:https://registry.npmjs.org/@isaacs%2fbrace-expansion cache-miss
1199 http fetch GET 200 https://registry.npmjs.org/argparse 24ms (cache miss)
1200 silly packumentCache full:https://registry.npmjs.org/argparse set size:undefined disposed:false
1201 http fetch GET 200 https://registry.npmjs.org/@isaacs%2fbrace-expansion 199ms (cache miss)
1202 silly packumentCache full:https://registry.npmjs.org/@isaacs%2fbrace-expansion set size:undefined disposed:false
1203 silly placeDep node_modules/@vercel/redwood semver@6.3.1 OK for: @vercel/redwood@2.4.13 want: 6.3.1
1204 silly placeDep node_modules/@vercel/remix-builder path-to-regexp@6.1.0 OK for: @vercel/remix-builder@5.8.2 want: 6.1.0
1205 silly placeDep node_modules/@vercel/rust execa@5.1.1 OK for: @vercel/rust@1.2.0 want: 5
1206 silly fetch manifest onetime@^5.1.2
1207 silly packumentCache full:https://registry.npmjs.org/onetime cache-miss
1208 silly fetch manifest get-stream@^6.0.0
1209 silly packumentCache full:https://registry.npmjs.org/get-stream cache-miss
1210 silly fetch manifest cross-spawn@^7.0.3
1211 silly packumentCache full:https://registry.npmjs.org/cross-spawn cache-miss
1212 silly fetch manifest signal-exit@^3.0.3
1213 silly packumentCache full:https://registry.npmjs.org/signal-exit cache-hit
1214 silly fetch manifest npm-run-path@^4.0.1
1215 silly packumentCache full:https://registry.npmjs.org/npm-run-path cache-miss
1216 silly fetch manifest human-signals@^2.1.0
1217 silly packumentCache full:https://registry.npmjs.org/human-signals cache-miss
1218 http cache https://registry.npmjs.org/onetime 6ms (cache hit)
1219 silly packumentCache full:https://registry.npmjs.org/onetime set size:32314 disposed:false
1220 http cache https://registry.npmjs.org/npm-run-path 6ms (cache hit)
1221 silly packumentCache full:https://registry.npmjs.org/npm-run-path set size:33596 disposed:false
1222 http cache https://registry.npmjs.org/cross-spawn 7ms (cache hit)
1223 silly packumentCache full:https://registry.npmjs.org/cross-spawn set size:109066 disposed:false
1224 http cache https://registry.npmjs.org/get-stream 8ms (cache hit)
1225 silly packumentCache full:https://registry.npmjs.org/get-stream set size:57536 disposed:false
1226 http cache https://registry.npmjs.org/human-signals 8ms (cache hit)
1227 silly packumentCache full:https://registry.npmjs.org/human-signals set size:47322 disposed:false
1228 silly placeDep ROOT @vercel/gatsby-plugin-vercel-analytics@1.0.11 OK for: @vercel/static-build@2.9.30 want: 1.0.11
1229 silly placeDep ROOT @vercel/gatsby-plugin-vercel-builder@2.2.7 OK for: @vercel/static-build@2.9.30 want: 2.2.7
1230 silly fetch manifest web-vitals@0.2.4
1231 silly packumentCache full:https://registry.npmjs.org/web-vitals cache-miss
1232 silly fetch manifest @sinclair/typebox@0.25.24
1233 silly packumentCache full:https://registry.npmjs.org/@sinclair%2ftypebox cache-miss
1234 http fetch GET 200 https://registry.npmjs.org/web-vitals 33ms (cache miss)
1235 silly packumentCache full:https://registry.npmjs.org/web-vitals set size:undefined disposed:false
1236 http fetch GET 200 https://registry.npmjs.org/@sinclair%2ftypebox 236ms (cache miss)
1237 silly packumentCache full:https://registry.npmjs.org/@sinclair%2ftypebox set size:undefined disposed:false
1238 silly placeDep ROOT web-vitals@0.2.4 OK for: @vercel/gatsby-plugin-vercel-analytics@1.0.11 want: 0.2.4
1239 silly placeDep ROOT @sinclair/typebox@0.25.24 OK for: @vercel/gatsby-plugin-vercel-builder@2.2.7 want: 0.25.24
1240 silly placeDep ROOT ajv@8.6.3 OK for: @vercel/static-config@3.3.0 want: 8.6.3
1241 silly placeDep ROOT json-schema-to-ts@1.6.4 OK for: @vercel/static-config@3.3.0 want: 1.6.4
1242 silly fetch manifest uri-js@^4.2.2
1243 silly packumentCache full:https://registry.npmjs.org/uri-js cache-miss
1244 silly fetch manifest fast-deep-equal@^3.1.1
1245 silly packumentCache full:https://registry.npmjs.org/fast-deep-equal cache-miss
1246 silly fetch manifest require-from-string@^2.0.2
1247 silly packumentCache full:https://registry.npmjs.org/require-from-string cache-miss
1248 silly fetch manifest json-schema-traverse@^1.0.0
1249 silly packumentCache full:https://registry.npmjs.org/json-schema-traverse cache-miss
1250 silly fetch manifest ts-toolbelt@^6.15.5
1251 silly packumentCache full:https://registry.npmjs.org/ts-toolbelt cache-miss
1252 silly fetch manifest @types/json-schema@^7.0.6
1253 silly packumentCache full:https://registry.npmjs.org/@types%2fjson-schema cache-miss
1254 http fetch GET 200 https://registry.npmjs.org/uri-js 24ms (cache miss)
1255 silly packumentCache full:https://registry.npmjs.org/uri-js set size:undefined disposed:false
1256 http fetch GET 200 https://registry.npmjs.org/require-from-string 24ms (cache miss)
1257 silly packumentCache full:https://registry.npmjs.org/require-from-string set size:undefined disposed:false
1258 http fetch GET 200 https://registry.npmjs.org/fast-deep-equal 27ms (cache miss)
1259 silly packumentCache full:https://registry.npmjs.org/fast-deep-equal set size:undefined disposed:false
1260 http fetch GET 200 https://registry.npmjs.org/json-schema-traverse 29ms (cache miss)
1261 silly packumentCache full:https://registry.npmjs.org/json-schema-traverse set size:undefined disposed:false
1262 http fetch GET 200 https://registry.npmjs.org/@types%2fjson-schema 34ms (cache miss)
1263 silly packumentCache full:https://registry.npmjs.org/@types%2fjson-schema set size:undefined disposed:false
1264 http fetch GET 200 https://registry.npmjs.org/ts-toolbelt 404ms (cache miss)
1265 silly packumentCache full:https://registry.npmjs.org/ts-toolbelt set size:undefined disposed:false
1266 silly placeDep ROOT fast-deep-equal@3.1.3 OK for: ajv@8.6.3 want: ^3.1.1
1267 silly placeDep ROOT json-schema-traverse@1.0.0 OK for: ajv@8.6.3 want: ^1.0.0
1268 silly placeDep ROOT require-from-string@2.0.2 OK for: ajv@8.6.3 want: ^2.0.2
1269 silly placeDep ROOT uri-js@4.4.1 OK for: ajv@8.6.3 want: ^4.2.2
1270 silly fetch manifest punycode@^2.1.0
1271 silly packumentCache full:https://registry.npmjs.org/punycode cache-miss
1272 http fetch GET 200 https://registry.npmjs.org/punycode 25ms (cache miss)
1273 silly packumentCache full:https://registry.npmjs.org/punycode set size:undefined disposed:false
1274 silly placeDep ROOT retry@0.13.1 OK for: async-retry@1.3.3 want: 0.13.1
1275 silly placeDep ROOT file-uri-to-path@1.0.0 OK for: bindings@1.5.0 want: 1.0.0
1276 silly placeDep ROOT readdirp@4.1.2 OK for: chokidar@4.0.0 want: ^4.0.1
1277 silly placeDep node_modules/debug ms@2.1.2 OK for: debug@4.3.4 want: 2.1.2
1278 silly placeDep ROOT @edge-runtime/format@2.2.1 OK for: edge-runtime@2.5.9 want: 2.2.1
1279 silly placeDep ROOT @edge-runtime/ponyfill@2.4.2 OK for: edge-runtime@2.5.9 want: 2.4.2
1280 silly placeDep node_modules/edge-runtime async-listen@3.0.1 OK for: edge-runtime@2.5.9 want: 3.0.1
1281 silly placeDep ROOT mri@1.2.0 OK for: edge-runtime@2.5.9 want: 1.2.0
1282 silly placeDep ROOT picocolors@1.0.0 OK for: edge-runtime@2.5.9 want: 1.0.0
1283 silly placeDep ROOT pretty-ms@7.0.1 OK for: edge-runtime@2.5.9 want: 7.0.1
1284 silly placeDep ROOT signal-exit@4.0.2 OK for: edge-runtime@2.5.9 want: 4.0.2
1285 silly placeDep ROOT time-span@4.0.0 OK for: edge-runtime@2.5.9 want: 4.0.0
1286 silly fetch manifest parse-ms@^2.1.0
1287 silly packumentCache full:https://registry.npmjs.org/parse-ms cache-miss
1288 silly fetch manifest convert-hrtime@^3.0.0
1289 silly packumentCache full:https://registry.npmjs.org/convert-hrtime cache-miss
1290 http fetch GET 200 https://registry.npmjs.org/convert-hrtime 26ms (cache miss)
1291 silly packumentCache full:https://registry.npmjs.org/convert-hrtime set size:undefined disposed:false
1292 http fetch GET 200 https://registry.npmjs.org/parse-ms 186ms (cache miss)
1293 silly packumentCache full:https://registry.npmjs.org/parse-ms set size:undefined disposed:false
1294 silly placeDep ROOT @esbuild/aix-ppc64@0.27.0 OK for: esbuild@0.27.0 want: 0.27.0
1295 silly placeDep ROOT @esbuild/android-arm@0.27.0 OK for: esbuild@0.27.0 want: 0.27.0
1296 silly placeDep ROOT @esbuild/android-arm64@0.27.0 OK for: esbuild@0.27.0 want: 0.27.0
1297 silly placeDep ROOT @esbuild/android-x64@0.27.0 OK for: esbuild@0.27.0 want: 0.27.0
1298 silly placeDep ROOT @esbuild/darwin-arm64@0.27.0 OK for: esbuild@0.27.0 want: 0.27.0
1299 silly placeDep ROOT @esbuild/darwin-x64@0.27.0 OK for: esbuild@0.27.0 want: 0.27.0
1300 silly placeDep ROOT @esbuild/freebsd-arm64@0.27.0 OK for: esbuild@0.27.0 want: 0.27.0
1301 silly placeDep ROOT @esbuild/freebsd-x64@0.27.0 OK for: esbuild@0.27.0 want: 0.27.0
1302 silly placeDep ROOT @esbuild/linux-arm@0.27.0 OK for: esbuild@0.27.0 want: 0.27.0
1303 silly placeDep ROOT @esbuild/linux-arm64@0.27.0 OK for: esbuild@0.27.0 want: 0.27.0
1304 silly placeDep ROOT @esbuild/linux-ia32@0.27.0 OK for: esbuild@0.27.0 want: 0.27.0
1305 silly placeDep ROOT @esbuild/linux-loong64@0.27.0 OK for: esbuild@0.27.0 want: 0.27.0
1306 silly placeDep ROOT @esbuild/linux-mips64el@0.27.0 OK for: esbuild@0.27.0 want: 0.27.0
1307 silly placeDep ROOT @esbuild/linux-ppc64@0.27.0 OK for: esbuild@0.27.0 want: 0.27.0
1308 silly placeDep ROOT @esbuild/linux-riscv64@0.27.0 OK for: esbuild@0.27.0 want: 0.27.0
1309 silly placeDep ROOT @esbuild/linux-s390x@0.27.0 OK for: esbuild@0.27.0 want: 0.27.0
1310 silly placeDep ROOT @esbuild/linux-x64@0.27.0 OK for: esbuild@0.27.0 want: 0.27.0
1311 silly placeDep ROOT @esbuild/netbsd-arm64@0.27.0 OK for: esbuild@0.27.0 want: 0.27.0
1312 silly placeDep ROOT @esbuild/netbsd-x64@0.27.0 OK for: esbuild@0.27.0 want: 0.27.0
1313 silly placeDep ROOT @esbuild/openbsd-arm64@0.27.0 OK for: esbuild@0.27.0 want: 0.27.0
1314 silly placeDep ROOT @esbuild/openbsd-x64@0.27.0 OK for: esbuild@0.27.0 want: 0.27.0
1315 silly placeDep ROOT @esbuild/openharmony-arm64@0.27.0 OK for: esbuild@0.27.0 want: 0.27.0
1316 silly placeDep ROOT @esbuild/sunos-x64@0.27.0 OK for: esbuild@0.27.0 want: 0.27.0
1317 silly placeDep ROOT @esbuild/win32-arm64@0.27.0 OK for: esbuild@0.27.0 want: 0.27.0
1318 silly placeDep ROOT @esbuild/win32-ia32@0.27.0 OK for: esbuild@0.27.0 want: 0.27.0
1319 silly placeDep ROOT @esbuild/win32-x64@0.27.0 OK for: esbuild@0.27.0 want: 0.27.0
1320 silly placeDep ROOT cross-spawn@7.0.6 OK for: execa@3.2.0 want: ^7.0.0
1321 silly placeDep ROOT get-stream@5.2.0 OK for: execa@3.2.0 want: ^5.0.0
1322 silly placeDep ROOT human-signals@1.1.1 OK for: execa@3.2.0 want: ^1.1.1
1323 silly placeDep ROOT is-stream@2.0.1 OK for: execa@3.2.0 want: ^2.0.0
1324 silly placeDep ROOT merge-stream@2.0.0 OK for: execa@3.2.0 want: ^2.0.0
1325 silly placeDep ROOT npm-run-path@4.0.1 OK for: execa@3.2.0 want: ^4.0.0
1326 silly placeDep ROOT onetime@5.1.2 OK for: execa@3.2.0 want: ^5.1.0
1327 silly placeDep ROOT p-finally@2.0.1 OK for: execa@3.2.0 want: ^2.0.0
1328 silly placeDep node_modules/execa signal-exit@3.0.7 OK for: execa@3.2.0 want: ^3.0.2
1329 silly placeDep ROOT strip-final-newline@2.0.0 OK for: execa@3.2.0 want: ^2.0.0
1330 silly fetch manifest which@^2.0.1
1331 silly packumentCache full:https://registry.npmjs.org/which cache-miss
1332 silly fetch manifest path-key@^3.1.0
1333 silly packumentCache full:https://registry.npmjs.org/path-key cache-miss
1334 silly fetch manifest shebang-command@^2.0.0
1335 silly packumentCache full:https://registry.npmjs.org/shebang-command cache-miss
1336 silly fetch manifest pump@^3.0.0
1337 silly packumentCache full:https://registry.npmjs.org/pump cache-miss
1338 silly fetch manifest path-key@^3.0.0
1339 silly packumentCache full:https://registry.npmjs.org/path-key cache-miss
1340 silly fetch manifest mimic-fn@^2.1.0
1341 silly packumentCache full:https://registry.npmjs.org/mimic-fn cache-miss
1342 http fetch GET 200 https://registry.npmjs.org/path-key 23ms (cache miss)
1343 silly packumentCache full:https://registry.npmjs.org/path-key set size:undefined disposed:false
1344 http fetch GET 200 https://registry.npmjs.org/shebang-command 25ms (cache miss)
1345 silly packumentCache full:https://registry.npmjs.org/shebang-command set size:undefined disposed:false
1346 http fetch GET 200 https://registry.npmjs.org/mimic-fn 26ms (cache miss)
1347 silly packumentCache full:https://registry.npmjs.org/mimic-fn set size:undefined disposed:false
1348 http fetch GET 200 https://registry.npmjs.org/path-key 28ms (cache miss)
1349 silly packumentCache full:https://registry.npmjs.org/path-key set size:undefined disposed:false
1350 http fetch GET 200 https://registry.npmjs.org/which 28ms (cache miss)
1351 silly packumentCache full:https://registry.npmjs.org/which set size:undefined disposed:false
1352 http fetch GET 200 https://registry.npmjs.org/pump 29ms (cache miss)
1353 silly packumentCache full:https://registry.npmjs.org/pump set size:undefined disposed:false
1354 silly placeDep ROOT path-key@3.1.1 OK for: cross-spawn@7.0.6 want: ^3.1.0
1355 silly placeDep ROOT shebang-command@2.0.0 OK for: cross-spawn@7.0.6 want: ^2.0.0
1356 silly placeDep ROOT which@2.0.2 OK for: cross-spawn@7.0.6 want: ^2.0.1
1357 silly fetch manifest shebang-regex@^3.0.0
1358 silly packumentCache full:https://registry.npmjs.org/shebang-regex cache-miss
1359 silly fetch manifest isexe@^2.0.0
1360 silly packumentCache full:https://registry.npmjs.org/isexe cache-miss
1361 http fetch GET 200 https://registry.npmjs.org/shebang-regex 21ms (cache miss)
1362 silly packumentCache full:https://registry.npmjs.org/shebang-regex set size:undefined disposed:false
1363 http fetch GET 200 https://registry.npmjs.org/isexe 22ms (cache miss)
1364 silly packumentCache full:https://registry.npmjs.org/isexe set size:undefined disposed:false
1365 silly placeDep ROOT asynckit@0.4.0 OK for: form-data@4.0.5 want: ^0.4.0
1366 silly placeDep ROOT combined-stream@1.0.8 OK for: form-data@4.0.5 want: ^1.0.8
1367 silly placeDep ROOT es-set-tostringtag@2.1.0 OK for: form-data@4.0.5 want: ^2.1.0
1368 silly placeDep ROOT hasown@2.0.3 OK for: form-data@4.0.5 want: ^2.0.2
1369 silly fetch manifest delayed-stream@~1.0.0
1370 silly packumentCache full:https://registry.npmjs.org/delayed-stream cache-miss
1371 silly fetch manifest es-errors@^1.3.0
1372 silly packumentCache full:https://registry.npmjs.org/es-errors cache-miss
1373 silly fetch manifest get-intrinsic@^1.2.6
1374 silly packumentCache full:https://registry.npmjs.org/get-intrinsic cache-miss
1375 silly fetch manifest has-tostringtag@^1.0.2
1376 silly packumentCache full:https://registry.npmjs.org/has-tostringtag cache-miss
1377 silly fetch manifest function-bind@^1.1.2
1378 silly packumentCache full:https://registry.npmjs.org/function-bind cache-miss
1379 http fetch GET 200 https://registry.npmjs.org/es-errors 24ms (cache miss)
1380 silly packumentCache full:https://registry.npmjs.org/es-errors set size:undefined disposed:false
1381 http fetch GET 200 https://registry.npmjs.org/delayed-stream 25ms (cache miss)
1382 silly packumentCache full:https://registry.npmjs.org/delayed-stream set size:undefined disposed:false
1383 http fetch GET 200 https://registry.npmjs.org/has-tostringtag 24ms (cache miss)
1384 silly packumentCache full:https://registry.npmjs.org/has-tostringtag set size:undefined disposed:false
1385 http fetch GET 200 https://registry.npmjs.org/function-bind 25ms (cache miss)
1386 silly packumentCache full:https://registry.npmjs.org/function-bind set size:undefined disposed:false
1387 http fetch GET 200 https://registry.npmjs.org/get-intrinsic 27ms (cache miss)
1388 silly packumentCache full:https://registry.npmjs.org/get-intrinsic set size:undefined disposed:false
1389 silly placeDep ROOT delayed-stream@1.0.0 OK for: combined-stream@1.0.8 want: ~1.0.0
1390 silly placeDep ROOT es-errors@1.3.0 OK for: es-set-tostringtag@2.1.0 want: ^1.3.0
1391 silly placeDep ROOT get-intrinsic@1.3.0 OK for: es-set-tostringtag@2.1.0 want: ^1.2.6
1392 silly placeDep ROOT has-tostringtag@1.0.2 OK for: es-set-tostringtag@2.1.0 want: ^1.0.2
1393 silly fetch manifest gopd@^1.2.0
1394 silly packumentCache full:https://registry.npmjs.org/gopd cache-miss
1395 silly fetch manifest get-proto@^1.0.1
1396 silly packumentCache full:https://registry.npmjs.org/get-proto cache-miss
1397 silly fetch manifest has-symbols@^1.1.0
1398 silly packumentCache full:https://registry.npmjs.org/has-symbols cache-miss
1399 silly fetch manifest es-object-atoms@^1.1.1
1400 silly packumentCache full:https://registry.npmjs.org/es-object-atoms cache-miss
1401 silly fetch manifest math-intrinsics@^1.1.0
1402 silly packumentCache full:https://registry.npmjs.org/math-intrinsics cache-miss
1403 silly fetch manifest es-define-property@^1.0.1
1404 silly packumentCache full:https://registry.npmjs.org/es-define-property cache-miss
1405 silly fetch manifest call-bind-apply-helpers@^1.0.2
1406 silly packumentCache full:https://registry.npmjs.org/call-bind-apply-helpers cache-miss
1407 silly fetch manifest has-symbols@^1.0.3
1408 silly packumentCache full:https://registry.npmjs.org/has-symbols cache-miss
1409 http fetch GET 200 https://registry.npmjs.org/es-define-property 25ms (cache miss)
1410 silly packumentCache full:https://registry.npmjs.org/es-define-property set size:undefined disposed:false
1411 http fetch GET 200 https://registry.npmjs.org/es-object-atoms 28ms (cache miss)
1412 silly packumentCache full:https://registry.npmjs.org/es-object-atoms set size:undefined disposed:false
1413 http fetch GET 200 https://registry.npmjs.org/call-bind-apply-helpers 27ms (cache miss)
1414 silly packumentCache full:https://registry.npmjs.org/call-bind-apply-helpers set size:undefined disposed:false
1415 http fetch GET 200 https://registry.npmjs.org/get-proto 29ms (cache miss)
1416 silly packumentCache full:https://registry.npmjs.org/get-proto set size:undefined disposed:false
1417 http fetch GET 200 https://registry.npmjs.org/gopd 29ms (cache miss)
1418 silly packumentCache full:https://registry.npmjs.org/gopd set size:undefined disposed:false
1419 http fetch GET 200 https://registry.npmjs.org/math-intrinsics 30ms (cache miss)
1420 silly packumentCache full:https://registry.npmjs.org/math-intrinsics set size:undefined disposed:false
1421 http fetch GET 200 https://registry.npmjs.org/has-symbols 29ms (cache miss)
1422 silly packumentCache full:https://registry.npmjs.org/has-symbols set size:undefined disposed:false
1423 http fetch GET 200 https://registry.npmjs.org/has-symbols 31ms (cache miss)
1424 silly packumentCache full:https://registry.npmjs.org/has-symbols set size:undefined disposed:false
1425 silly placeDep ROOT jsonfile@6.2.1 OK for: fs-extra@11.1.0 want: ^6.0.1
1426 silly placeDep ROOT universalify@2.0.1 OK for: fs-extra@11.1.0 want: ^2.0.0
1427 silly placeDep ROOT call-bind-apply-helpers@1.0.2 OK for: get-intrinsic@1.3.0 want: ^1.0.2
1428 silly placeDep ROOT es-define-property@1.0.1 OK for: get-intrinsic@1.3.0 want: ^1.0.1
1429 silly placeDep ROOT es-object-atoms@1.1.2 OK for: get-intrinsic@1.3.0 want: ^1.1.1
1430 silly placeDep ROOT function-bind@1.1.2 OK for: get-intrinsic@1.3.0 want: ^1.1.2
1431 silly placeDep ROOT get-proto@1.0.1 OK for: get-intrinsic@1.3.0 want: ^1.0.1
1432 silly placeDep ROOT gopd@1.2.0 OK for: get-intrinsic@1.3.0 want: ^1.2.0
1433 silly placeDep ROOT has-symbols@1.1.0 OK for: get-intrinsic@1.3.0 want: ^1.1.0
1434 silly placeDep ROOT math-intrinsics@1.1.0 OK for: get-intrinsic@1.3.0 want: ^1.1.0
1435 silly fetch manifest dunder-proto@^1.0.1
1436 silly packumentCache full:https://registry.npmjs.org/dunder-proto cache-miss
1437 http fetch GET 200 https://registry.npmjs.org/dunder-proto 21ms (cache miss)
1438 silly packumentCache full:https://registry.npmjs.org/dunder-proto set size:undefined disposed:false
1439 silly placeDep ROOT dunder-proto@1.0.1 OK for: get-proto@1.0.1 want: ^1.0.1
1440 silly placeDep ROOT pump@3.0.4 OK for: get-stream@5.2.0 want: ^3.0.0
1441 silly fetch manifest end-of-stream@^1.1.0
1442 silly packumentCache full:https://registry.npmjs.org/end-of-stream cache-miss
1443 silly fetch manifest once@^1.3.1
1444 silly packumentCache full:https://registry.npmjs.org/once cache-miss
1445 http cache https://registry.npmjs.org/end-of-stream 5ms (cache hit)
1446 silly packumentCache full:https://registry.npmjs.org/end-of-stream set size:27842 disposed:false
1447 http fetch GET 200 https://registry.npmjs.org/once 21ms (cache miss)
1448 silly packumentCache full:https://registry.npmjs.org/once set size:undefined disposed:false
1449 silly placeDep node_modules/glob minimatch@10.2.5 OK for: glob@13.0.6 want: ^10.2.2
1450 silly placeDep ROOT minipass@7.1.3 OK for: glob@13.0.6 want: ^7.1.3
1451 silly placeDep ROOT path-scurry@2.0.2 OK for: glob@13.0.6 want: ^2.0.2
1452 silly fetch manifest brace-expansion@^5.0.5
1453 silly packumentCache full:https://registry.npmjs.org/brace-expansion cache-miss
1454 silly fetch manifest lru-cache@^11.0.0
1455 silly packumentCache full:https://registry.npmjs.org/lru-cache cache-hit
1456 http fetch GET 200 https://registry.npmjs.org/brace-expansion 24ms (cache miss)
1457 silly packumentCache full:https://registry.npmjs.org/brace-expansion set size:undefined disposed:false
1458 silly placeDep ROOT agent-base@7.1.4 OK for: https-proxy-agent@7.0.6 want: ^7.1.2
1459 silly placeDep ROOT argparse@2.0.1 OK for: js-yaml@4.1.1 want: ^2.0.1
1460 silly placeDep ROOT @types/json-schema@7.0.15 OK for: json-schema-to-ts@1.6.4 want: ^7.0.6
1461 silly placeDep ROOT ts-toolbelt@6.15.5 OK for: json-schema-to-ts@1.6.4 want: ^6.15.5
1462 silly placeDep ROOT arg@4.1.0 OK for: micro@9.3.5-canary.3 want: 4.1.0
1463 silly placeDep ROOT content-type@1.0.4 OK for: micro@9.3.5-canary.3 want: 1.0.4
1464 silly placeDep ROOT raw-body@2.4.1 OK for: micro@9.3.5-canary.3 want: 2.4.1
1465 silly fetch manifest bytes@3.1.0
1466 silly packumentCache full:https://registry.npmjs.org/bytes cache-miss
1467 silly fetch manifest unpipe@1.0.0
1468 silly packumentCache full:https://registry.npmjs.org/unpipe cache-miss
1469 silly fetch manifest iconv-lite@0.4.24
1470 silly packumentCache full:https://registry.npmjs.org/iconv-lite cache-miss
1471 silly fetch manifest http-errors@1.7.3
1472 silly packumentCache full:https://registry.npmjs.org/http-errors cache-miss
1473 http fetch GET 200 https://registry.npmjs.org/bytes 24ms (cache miss)
1474 silly packumentCache full:https://registry.npmjs.org/bytes set size:undefined disposed:false
1475 http fetch GET 200 https://registry.npmjs.org/unpipe 25ms (cache miss)
1476 silly packumentCache full:https://registry.npmjs.org/unpipe set size:undefined disposed:false
1477 http fetch GET 200 https://registry.npmjs.org/http-errors 25ms (cache miss)
1478 silly packumentCache full:https://registry.npmjs.org/http-errors set size:undefined disposed:false
1479 http fetch GET 200 https://registry.npmjs.org/iconv-lite 27ms (cache miss)
1480 silly packumentCache full:https://registry.npmjs.org/iconv-lite set size:undefined disposed:false
1481 silly placeDep ROOT mime-db@1.52.0 OK for: mime-types@2.1.35 want: 1.52.0
1482 silly placeDep ROOT @isaacs/brace-expansion@5.0.1 OK for: minimatch@10.1.1 want: ^5.0.0
1483 silly fetch manifest @isaacs/balanced-match@^4.0.1
1484 silly packumentCache full:https://registry.npmjs.org/@isaacs%2fbalanced-match cache-miss
1485 http fetch GET 200 https://registry.npmjs.org/@isaacs%2fbalanced-match 627ms (cache miss)
1486 silly packumentCache full:https://registry.npmjs.org/@isaacs%2fbalanced-match set size:undefined disposed:false
1487 silly placeDep ROOT @isaacs/balanced-match@4.0.1 OK for: @isaacs/brace-expansion@5.0.1 want: ^4.0.1
1488 silly placeDep ROOT whatwg-url@5.0.0 OK for: node-fetch@2.6.7 want: ^5.0.0
1489 silly fetch manifest tr46@~0.0.3
1490 silly packumentCache full:https://registry.npmjs.org/tr46 cache-miss
1491 silly fetch manifest webidl-conversions@^3.0.0
1492 silly packumentCache full:https://registry.npmjs.org/webidl-conversions cache-miss
1493 http fetch GET 200 https://registry.npmjs.org/tr46 25ms (cache miss)
1494 silly packumentCache full:https://registry.npmjs.org/tr46 set size:undefined disposed:false
1495 http fetch GET 200 https://registry.npmjs.org/webidl-conversions 28ms (cache miss)
1496 silly packumentCache full:https://registry.npmjs.org/webidl-conversions set size:undefined disposed:false
1497 silly placeDep ROOT abbrev@3.0.1 OK for: nopt@8.1.0 want: ^3.0.0
1498 silly placeDep ROOT mimic-fn@2.1.0 OK for: onetime@5.1.2 want: ^2.1.0
1499 silly placeDep ROOT @oxc-transform/binding-android-arm-eabi@0.111.0 OK for: oxc-transform@0.111.0 want: 0.111.0
1500 silly placeDep ROOT @oxc-transform/binding-android-arm64@0.111.0 OK for: oxc-transform@0.111.0 want: 0.111.0
1501 silly placeDep ROOT @oxc-transform/binding-darwin-arm64@0.111.0 OK for: oxc-transform@0.111.0 want: 0.111.0
1502 silly placeDep ROOT @oxc-transform/binding-darwin-x64@0.111.0 OK for: oxc-transform@0.111.0 want: 0.111.0
1503 silly placeDep ROOT @oxc-transform/binding-freebsd-x64@0.111.0 OK for: oxc-transform@0.111.0 want: 0.111.0
1504 silly placeDep ROOT @oxc-transform/binding-linux-arm-gnueabihf@0.111.0 OK for: oxc-transform@0.111.0 want: 0.111.0
1505 silly placeDep ROOT @oxc-transform/binding-linux-arm-musleabihf@0.111.0 OK for: oxc-transform@0.111.0 want: 0.111.0
1506 silly placeDep ROOT @oxc-transform/binding-linux-arm64-gnu@0.111.0 OK for: oxc-transform@0.111.0 want: 0.111.0
1507 silly placeDep ROOT @oxc-transform/binding-linux-arm64-musl@0.111.0 OK for: oxc-transform@0.111.0 want: 0.111.0
1508 silly placeDep ROOT @oxc-transform/binding-linux-ppc64-gnu@0.111.0 OK for: oxc-transform@0.111.0 want: 0.111.0
1509 silly placeDep ROOT @oxc-transform/binding-linux-riscv64-gnu@0.111.0 OK for: oxc-transform@0.111.0 want: 0.111.0
1510 silly placeDep ROOT @oxc-transform/binding-linux-riscv64-musl@0.111.0 OK for: oxc-transform@0.111.0 want: 0.111.0
1511 silly placeDep ROOT @oxc-transform/binding-linux-s390x-gnu@0.111.0 OK for: oxc-transform@0.111.0 want: 0.111.0
1512 silly placeDep ROOT @oxc-transform/binding-linux-x64-gnu@0.111.0 OK for: oxc-transform@0.111.0 want: 0.111.0
1513 silly placeDep ROOT @oxc-transform/binding-linux-x64-musl@0.111.0 OK for: oxc-transform@0.111.0 want: 0.111.0
1514 silly placeDep ROOT @oxc-transform/binding-openharmony-arm64@0.111.0 OK for: oxc-transform@0.111.0 want: 0.111.0
1515 silly placeDep ROOT @oxc-transform/binding-wasm32-wasi@0.111.0 OK for: oxc-transform@0.111.0 want: 0.111.0
1516 silly placeDep ROOT @oxc-transform/binding-win32-arm64-msvc@0.111.0 OK for: oxc-transform@0.111.0 want: 0.111.0
1517 silly placeDep ROOT @oxc-transform/binding-win32-ia32-msvc@0.111.0 OK for: oxc-transform@0.111.0 want: 0.111.0
1518 silly placeDep ROOT @oxc-transform/binding-win32-x64-msvc@0.111.0 OK for: oxc-transform@0.111.0 want: 0.111.0
1519 silly fetch manifest @napi-rs/wasm-runtime@^1.1.1
1520 silly packumentCache full:https://registry.npmjs.org/@napi-rs%2fwasm-runtime cache-miss
1521 http fetch GET 200 https://registry.npmjs.org/@napi-rs%2fwasm-runtime 35ms (cache miss)
1522 silly packumentCache full:https://registry.npmjs.org/@napi-rs%2fwasm-runtime set size:undefined disposed:false
1523 silly fetch manifest @emnapi/core@^1.7.1
1524 silly packumentCache full:https://registry.npmjs.org/@emnapi%2fcore cache-miss
1525 http fetch GET 200 https://registry.npmjs.org/@emnapi%2fcore 33ms (cache miss)
1526 silly packumentCache full:https://registry.npmjs.org/@emnapi%2fcore set size:undefined disposed:false
1527 silly fetch manifest @emnapi/runtime@^1.7.1
1528 silly packumentCache full:https://registry.npmjs.org/@emnapi%2fruntime cache-miss
1529 http fetch GET 200 https://registry.npmjs.org/@emnapi%2fruntime 35ms (cache miss)
1530 silly packumentCache full:https://registry.npmjs.org/@emnapi%2fruntime set size:undefined disposed:false
1531 silly placeDep ROOT @napi-rs/wasm-runtime@1.1.4 OK for: @oxc-transform/binding-wasm32-wasi@0.111.0 want: ^1.1.1
1532 silly placeDep ROOT @emnapi/core@1.10.0 OK for: @napi-rs/wasm-runtime@1.1.4 want: ^1.7.1
1533 silly placeDep ROOT @emnapi/runtime@1.10.0 OK for: @napi-rs/wasm-runtime@1.1.4 want: ^1.7.1
1534 silly fetch manifest @tybys/wasm-util@^0.10.1
1535 silly packumentCache full:https://registry.npmjs.org/@tybys%2fwasm-util cache-miss
1536 silly fetch manifest tslib@^2.4.0
1537 silly packumentCache full:https://registry.npmjs.org/tslib cache-miss
1538 silly fetch manifest tslib@^2.4.0
1539 silly packumentCache full:https://registry.npmjs.org/tslib cache-miss
1540 silly fetch manifest @emnapi/wasi-threads@1.2.1
1541 silly packumentCache full:https://registry.npmjs.org/@emnapi%2fwasi-threads cache-miss
1542 http fetch GET 200 https://registry.npmjs.org/tslib 24ms (cache miss)
1543 silly packumentCache full:https://registry.npmjs.org/tslib set size:undefined disposed:false
1544 http fetch GET 200 https://registry.npmjs.org/tslib 25ms (cache miss)
1545 silly packumentCache full:https://registry.npmjs.org/tslib set size:undefined disposed:false
1546 http fetch GET 200 https://registry.npmjs.org/@emnapi%2fwasi-threads 34ms (cache miss)
1547 silly packumentCache full:https://registry.npmjs.org/@emnapi%2fwasi-threads set size:undefined disposed:false
1548 http fetch GET 200 https://registry.npmjs.org/@tybys%2fwasm-util 42ms (cache miss)
1549 silly packumentCache full:https://registry.npmjs.org/@tybys%2fwasm-util set size:undefined disposed:false
1550 silly placeDep ROOT @emnapi/wasi-threads@1.2.1 OK for: @emnapi/core@1.10.0 want: 1.2.1
1551 silly placeDep ROOT tslib@2.8.1 OK for: @emnapi/core@1.10.0 want: ^2.4.0
1552 silly placeDep ROOT @tybys/wasm-util@0.10.2 OK for: @napi-rs/wasm-runtime@1.1.4 want: ^0.10.1
1553 silly placeDep ROOT lru-cache@11.5.0 OK for: path-scurry@2.0.2 want: ^11.0.0
1554 silly placeDep ROOT parse-ms@2.1.0 OK for: pretty-ms@7.0.1 want: ^2.1.0
1555 silly placeDep ROOT http-proxy-agent@7.0.2 OK for: proxy-agent@6.4.0 want: ^7.0.1
1556 silly placeDep node_modules/proxy-agent lru-cache@7.18.3 OK for: proxy-agent@6.4.0 want: ^7.14.1
1557 silly placeDep ROOT pac-proxy-agent@7.2.0 OK for: proxy-agent@6.4.0 want: ^7.0.1
1558 silly placeDep ROOT proxy-from-env@1.1.0 OK for: proxy-agent@6.4.0 want: ^1.1.0
1559 silly placeDep ROOT socks-proxy-agent@8.0.5 OK for: proxy-agent@6.4.0 want: ^8.0.2
1560 silly fetch manifest get-uri@^6.0.1
1561 silly packumentCache full:https://registry.npmjs.org/get-uri cache-miss
1562 silly fetch manifest pac-resolver@^7.0.1
1563 silly packumentCache full:https://registry.npmjs.org/pac-resolver cache-miss
1564 silly fetch manifest socks-proxy-agent@^8.0.5
1565 silly packumentCache full:https://registry.npmjs.org/socks-proxy-agent cache-miss
1566 silly fetch manifest @tootallnate/quickjs-emscripten@^0.23.0
1567 silly packumentCache full:https://registry.npmjs.org/@tootallnate%2fquickjs-emscripten cache-miss
1568 silly fetch manifest socks@^2.8.3
1569 silly packumentCache full:https://registry.npmjs.org/socks cache-miss
1570 http cache https://registry.npmjs.org/socks-proxy-agent 5ms (cache hit)
1571 silly packumentCache full:https://registry.npmjs.org/socks-proxy-agent set size:104740 disposed:false
1572 http fetch GET 200 https://registry.npmjs.org/get-uri 27ms (cache miss)
1573 silly packumentCache full:https://registry.npmjs.org/get-uri set size:undefined disposed:false
1574 http fetch GET 200 https://registry.npmjs.org/pac-resolver 28ms (cache miss)
1575 silly packumentCache full:https://registry.npmjs.org/pac-resolver set size:undefined disposed:false
1576 http fetch GET 200 https://registry.npmjs.org/socks 34ms (cache miss)
1577 silly packumentCache full:https://registry.npmjs.org/socks set size:undefined disposed:false
1578 http fetch GET 200 https://registry.npmjs.org/@tootallnate%2fquickjs-emscripten 38ms (cache miss)
1579 silly packumentCache full:https://registry.npmjs.org/@tootallnate%2fquickjs-emscripten set size:undefined disposed:false
1580 silly placeDep ROOT @tootallnate/quickjs-emscripten@0.23.0 OK for: pac-proxy-agent@7.2.0 want: ^0.23.0
1581 silly placeDep ROOT get-uri@6.0.5 OK for: pac-proxy-agent@7.2.0 want: ^6.0.1
1582 silly placeDep ROOT pac-resolver@7.0.1 OK for: pac-proxy-agent@7.2.0 want: ^7.0.1
1583 silly fetch manifest basic-ftp@^5.0.2
1584 silly packumentCache full:https://registry.npmjs.org/basic-ftp cache-miss
1585 silly fetch manifest data-uri-to-buffer@^6.0.2
1586 silly packumentCache full:https://registry.npmjs.org/data-uri-to-buffer cache-miss
1587 silly fetch manifest netmask@^2.0.2
1588 silly packumentCache full:https://registry.npmjs.org/netmask cache-miss
1589 silly fetch manifest degenerator@^5.0.0
1590 silly packumentCache full:https://registry.npmjs.org/degenerator cache-miss
1591 http fetch GET 200 https://registry.npmjs.org/netmask 22ms (cache miss)
1592 silly packumentCache full:https://registry.npmjs.org/netmask set size:undefined disposed:false
1593 http fetch GET 200 https://registry.npmjs.org/data-uri-to-buffer 23ms (cache miss)
1594 silly packumentCache full:https://registry.npmjs.org/data-uri-to-buffer set size:undefined disposed:false
1595 http fetch GET 200 https://registry.npmjs.org/degenerator 25ms (cache miss)
1596 silly packumentCache full:https://registry.npmjs.org/degenerator set size:undefined disposed:false
1597 http fetch GET 200 https://registry.npmjs.org/basic-ftp 31ms (cache miss)
1598 silly packumentCache full:https://registry.npmjs.org/basic-ftp set size:undefined disposed:false
1599 silly placeDep ROOT basic-ftp@5.3.1 OK for: get-uri@6.0.5 want: ^5.0.2
1600 silly placeDep ROOT data-uri-to-buffer@6.0.2 OK for: get-uri@6.0.5 want: ^6.0.2
1601 silly placeDep ROOT degenerator@5.0.1 OK for: pac-resolver@7.0.1 want: ^5.0.0
1602 silly placeDep ROOT netmask@2.1.1 OK for: pac-resolver@7.0.1 want: ^2.0.2
1603 silly fetch manifest esprima@^4.0.1
1604 silly packumentCache full:https://registry.npmjs.org/esprima cache-miss
1605 silly fetch manifest ast-types@^0.13.4
1606 silly packumentCache full:https://registry.npmjs.org/ast-types cache-miss
1607 silly fetch manifest escodegen@^2.1.0
1608 silly packumentCache full:https://registry.npmjs.org/escodegen cache-miss
1609 http fetch GET 200 https://registry.npmjs.org/escodegen 24ms (cache miss)
1610 silly packumentCache full:https://registry.npmjs.org/escodegen set size:undefined disposed:false
1611 http fetch GET 200 https://registry.npmjs.org/esprima 25ms (cache miss)
1612 silly packumentCache full:https://registry.npmjs.org/esprima set size:undefined disposed:false
1613 http fetch GET 200 https://registry.npmjs.org/ast-types 32ms (cache miss)
1614 silly packumentCache full:https://registry.npmjs.org/ast-types set size:undefined disposed:false
1615 silly placeDep ROOT ast-types@0.13.4 OK for: degenerator@5.0.1 want: ^0.13.4
1616 silly placeDep ROOT escodegen@2.1.0 OK for: degenerator@5.0.1 want: ^2.1.0
1617 silly placeDep ROOT esprima@4.0.1 OK for: degenerator@5.0.1 want: ^4.0.1
1618 silly fetch manifest estraverse@^5.2.0
1619 silly packumentCache full:https://registry.npmjs.org/estraverse cache-miss
1620 silly fetch manifest esutils@^2.0.2
1621 silly packumentCache full:https://registry.npmjs.org/esutils cache-miss
1622 silly fetch manifest source-map@~0.6.1
1623 silly packumentCache full:https://registry.npmjs.org/source-map cache-miss
1624 http fetch GET 200 https://registry.npmjs.org/estraverse 23ms (cache miss)
1625 silly packumentCache full:https://registry.npmjs.org/estraverse set size:undefined disposed:false
1626 http fetch GET 200 https://registry.npmjs.org/esutils 24ms (cache miss)
1627 silly packumentCache full:https://registry.npmjs.org/esutils set size:undefined disposed:false
1628 http fetch GET 200 https://registry.npmjs.org/source-map 194ms (cache miss)
1629 silly packumentCache full:https://registry.npmjs.org/source-map set size:undefined disposed:false
1630 silly placeDep ROOT estraverse@5.3.0 OK for: escodegen@2.1.0 want: ^5.2.0
1631 silly placeDep ROOT esutils@2.0.3 OK for: escodegen@2.1.0 want: ^2.0.2
1632 silly placeDep ROOT source-map@0.6.1 OK for: escodegen@2.1.0 want: ~0.6.1
1633 silly placeDep ROOT end-of-stream@1.4.5 OK for: pump@3.0.4 want: ^1.1.0
1634 silly placeDep ROOT once@1.4.0 OK for: pump@3.0.4 want: ^1.3.1
1635 silly fetch manifest once@^1.4.0
1636 silly packumentCache full:https://registry.npmjs.org/once cache-miss
1637 silly fetch manifest wrappy@1
1638 silly packumentCache full:https://registry.npmjs.org/wrappy cache-miss
1639 http cache https://registry.npmjs.org/once 4ms (cache hit)
1640 silly packumentCache full:https://registry.npmjs.org/once set size:11752 disposed:false
1641 http fetch GET 200 https://registry.npmjs.org/wrappy 27ms (cache miss)
1642 silly packumentCache full:https://registry.npmjs.org/wrappy set size:undefined disposed:false
1643 silly placeDep ROOT wrappy@1.0.2 OK for: once@1.4.0 want: 1
1644 silly placeDep ROOT bytes@3.1.0 OK for: raw-body@2.4.1 want: 3.1.0
1645 silly placeDep ROOT http-errors@1.7.3 OK for: raw-body@2.4.1 want: 1.7.3
1646 silly placeDep ROOT iconv-lite@0.4.24 OK for: raw-body@2.4.1 want: 0.4.24
1647 silly placeDep ROOT unpipe@1.0.0 OK for: raw-body@2.4.1 want: 1.0.0
1648 silly fetch manifest depd@~1.1.2
1649 silly packumentCache full:https://registry.npmjs.org/depd cache-miss
1650 silly fetch manifest inherits@2.0.4
1651 silly packumentCache full:https://registry.npmjs.org/inherits cache-miss
1652 silly fetch manifest statuses@>= 1.5.0 < 2
1653 silly packumentCache full:https://registry.npmjs.org/statuses cache-miss
1654 silly fetch manifest toidentifier@1.0.0
1655 silly packumentCache full:https://registry.npmjs.org/toidentifier cache-miss
1656 silly fetch manifest setprototypeof@1.1.1
1657 silly packumentCache full:https://registry.npmjs.org/setprototypeof cache-miss
1658 silly fetch manifest safer-buffer@>= 2.1.2 < 3
1659 silly packumentCache full:https://registry.npmjs.org/safer-buffer cache-miss
1660 http fetch GET 200 https://registry.npmjs.org/toidentifier 26ms (cache miss)
1661 silly packumentCache full:https://registry.npmjs.org/toidentifier set size:undefined disposed:false
1662 http fetch GET 200 https://registry.npmjs.org/setprototypeof 27ms (cache miss)
1663 silly packumentCache full:https://registry.npmjs.org/setprototypeof set size:undefined disposed:false
1664 http fetch GET 200 https://registry.npmjs.org/depd 27ms (cache miss)
1665 silly packumentCache full:https://registry.npmjs.org/depd set size:undefined disposed:false
1666 http fetch GET 200 https://registry.npmjs.org/statuses 28ms (cache miss)
1667 silly packumentCache full:https://registry.npmjs.org/statuses set size:undefined disposed:false
1668 http fetch GET 200 https://registry.npmjs.org/safer-buffer 28ms (cache miss)
1669 silly packumentCache full:https://registry.npmjs.org/safer-buffer set size:undefined disposed:false
1670 http fetch GET 200 https://registry.npmjs.org/inherits 29ms (cache miss)
1671 silly packumentCache full:https://registry.npmjs.org/inherits set size:undefined disposed:false
1672 silly placeDep ROOT depd@1.1.2 OK for: http-errors@1.7.3 want: ~1.1.2
1673 silly placeDep ROOT inherits@2.0.4 OK for: http-errors@1.7.3 want: 2.0.4
1674 silly placeDep ROOT setprototypeof@1.1.1 OK for: http-errors@1.7.3 want: 1.1.1
1675 silly placeDep ROOT statuses@1.5.0 OK for: http-errors@1.7.3 want: >= 1.5.0 < 2
1676 silly placeDep ROOT toidentifier@1.0.0 OK for: http-errors@1.7.3 want: 1.0.0
1677 silly placeDep ROOT safer-buffer@2.1.2 OK for: iconv-lite@0.4.24 want: >= 2.1.2 < 3
1678 silly placeDep ROOT @oxc-project/types@0.110.0 OK for: rolldown@1.0.0-rc.1 want: =0.110.0
1679 silly placeDep ROOT @rolldown/binding-android-arm64@1.0.0-rc.1 OK for: rolldown@1.0.0-rc.1 want: 1.0.0-rc.1
1680 silly placeDep ROOT @rolldown/binding-darwin-arm64@1.0.0-rc.1 OK for: rolldown@1.0.0-rc.1 want: 1.0.0-rc.1
1681 silly placeDep ROOT @rolldown/binding-darwin-x64@1.0.0-rc.1 OK for: rolldown@1.0.0-rc.1 want: 1.0.0-rc.1
1682 silly placeDep ROOT @rolldown/binding-freebsd-x64@1.0.0-rc.1 OK for: rolldown@1.0.0-rc.1 want: 1.0.0-rc.1
1683 silly placeDep ROOT @rolldown/binding-linux-arm-gnueabihf@1.0.0-rc.1 OK for: rolldown@1.0.0-rc.1 want: 1.0.0-rc.1
1684 silly placeDep ROOT @rolldown/binding-linux-arm64-gnu@1.0.0-rc.1 OK for: rolldown@1.0.0-rc.1 want: 1.0.0-rc.1
1685 silly placeDep ROOT @rolldown/binding-linux-arm64-musl@1.0.0-rc.1 OK for: rolldown@1.0.0-rc.1 want: 1.0.0-rc.1
1686 silly placeDep ROOT @rolldown/binding-linux-x64-gnu@1.0.0-rc.1 OK for: rolldown@1.0.0-rc.1 want: 1.0.0-rc.1
1687 silly placeDep ROOT @rolldown/binding-linux-x64-musl@1.0.0-rc.1 OK for: rolldown@1.0.0-rc.1 want: 1.0.0-rc.1
1688 silly placeDep ROOT @rolldown/binding-openharmony-arm64@1.0.0-rc.1 OK for: rolldown@1.0.0-rc.1 want: 1.0.0-rc.1
1689 silly placeDep ROOT @rolldown/binding-wasm32-wasi@1.0.0-rc.1 OK for: rolldown@1.0.0-rc.1 want: 1.0.0-rc.1
1690 silly placeDep ROOT @rolldown/binding-win32-arm64-msvc@1.0.0-rc.1 OK for: rolldown@1.0.0-rc.1 want: 1.0.0-rc.1
1691 silly placeDep ROOT @rolldown/binding-win32-x64-msvc@1.0.0-rc.1 OK for: rolldown@1.0.0-rc.1 want: 1.0.0-rc.1
1692 silly placeDep ROOT @rolldown/pluginutils@1.0.0-rc.1 OK for: rolldown@1.0.0-rc.1 want: 1.0.0-rc.1
1693 silly placeDep ROOT @vercel/sandbox@1.9.0 OK for: sandbox@2.5.6 want: 1.9.0
1694 silly placeDep node_modules/sandbox debug@4.4.3 OK for: sandbox@2.5.6 want: ^4.4.1
1695 silly fetch manifest ms@2.1.3
1696 silly packumentCache full:https://registry.npmjs.org/ms cache-hit
1697 silly fetch manifest zod@3.24.4
1698 silly packumentCache full:https://registry.npmjs.org/zod cache-miss
1699 silly fetch manifest undici@^7.16.0
1700 silly packumentCache full:https://registry.npmjs.org/undici cache-miss
1701 silly fetch manifest jsonlines@0.1.1
1702 silly packumentCache full:https://registry.npmjs.org/jsonlines cache-miss
1703 silly fetch manifest picocolors@^1.1.1
1704 silly packumentCache full:https://registry.npmjs.org/picocolors cache-miss
1705 silly fetch manifest tar-stream@3.1.7
1706 silly packumentCache full:https://registry.npmjs.org/tar-stream cache-miss
1707 silly fetch manifest @vercel/oidc@3.2.0
1708 silly packumentCache full:https://registry.npmjs.org/@vercel%2foidc cache-miss
1709 silly fetch manifest ms@^2.1.3
1710 silly packumentCache full:https://registry.npmjs.org/ms cache-hit
1711 http cache https://registry.npmjs.org/picocolors 6ms (cache hit)
1712 silly packumentCache full:https://registry.npmjs.org/picocolors set size:16648 disposed:false
1713 http cache https://registry.npmjs.org/undici 8ms (cache hit)
1714 silly packumentCache full:https://registry.npmjs.org/undici set size:1412963 disposed:false
1715 http cache https://registry.npmjs.org/zod 17ms (cache hit)
1716 silly packumentCache full:https://registry.npmjs.org/zod set size:3552562 disposed:false
1717 http fetch GET 200 https://registry.npmjs.org/tar-stream 35ms (cache miss)
1718 silly packumentCache full:https://registry.npmjs.org/tar-stream set size:undefined disposed:false
1719 http fetch GET 200 https://registry.npmjs.org/jsonlines 188ms (cache miss)
1720 silly packumentCache full:https://registry.npmjs.org/jsonlines set size:undefined disposed:false
1721 http fetch GET 200 https://registry.npmjs.org/@vercel%2foidc 215ms (cache miss)
1722 silly packumentCache full:https://registry.npmjs.org/@vercel%2foidc set size:undefined disposed:false
1723 silly placeDep ROOT @vercel/oidc@3.2.0 OK for: @vercel/sandbox@1.9.0 want: 3.2.0
1724 silly placeDep ROOT jsonlines@0.1.1 OK for: @vercel/sandbox@1.9.0 want: 0.1.1
1725 silly placeDep node_modules/@vercel/sandbox ms@2.1.3 OK for: @vercel/sandbox@1.9.0 want: 2.1.3
1726 silly placeDep node_modules/@vercel/sandbox picocolors@1.1.1 OK for: @vercel/sandbox@1.9.0 want: ^1.1.1
1727 silly placeDep ROOT tar-stream@3.1.7 OK for: @vercel/sandbox@1.9.0 want: 3.1.7
1728 silly placeDep node_modules/@vercel/sandbox undici@7.25.0 OK for: @vercel/sandbox@1.9.0 want: ^7.16.0
1729 silly placeDep node_modules/@vercel/sandbox xdg-app-paths@5.1.0 OK for: @vercel/sandbox@1.9.0 want: 5.1.0
1730 silly placeDep node_modules/@vercel/sandbox zod@3.24.4 OK for: @vercel/sandbox@1.9.0 want: 3.24.4
1731 silly fetch manifest b4a@^1.6.4
1732 silly packumentCache full:https://registry.npmjs.org/b4a cache-miss
1733 silly fetch manifest streamx@^2.15.0
1734 silly packumentCache full:https://registry.npmjs.org/streamx cache-miss
1735 silly fetch manifest fast-fifo@^1.2.0
1736 silly packumentCache full:https://registry.npmjs.org/fast-fifo cache-miss
1737 http fetch GET 200 https://registry.npmjs.org/fast-fifo 23ms (cache miss)
1738 silly packumentCache full:https://registry.npmjs.org/fast-fifo set size:undefined disposed:false
1739 http fetch GET 200 https://registry.npmjs.org/b4a 25ms (cache miss)
1740 silly packumentCache full:https://registry.npmjs.org/b4a set size:undefined disposed:false
1741 http fetch GET 200 https://registry.npmjs.org/streamx 27ms (cache miss)
1742 silly packumentCache full:https://registry.npmjs.org/streamx set size:undefined disposed:false
1743 silly placeDep node_modules/semver lru-cache@6.0.0 OK for: semver@7.5.4 want: ^6.0.0
1744 silly fetch manifest yallist@^4.0.0
1745 silly packumentCache full:https://registry.npmjs.org/yallist cache-miss
1746 http cache https://registry.npmjs.org/yallist 3ms (cache hit)
1747 silly packumentCache full:https://registry.npmjs.org/yallist set size:34610 disposed:false
1748 silly placeDep ROOT shebang-regex@3.0.0 OK for: shebang-command@2.0.0 want: ^3.0.0
1749 silly placeDep ROOT socks@2.8.9 OK for: socks-proxy-agent@8.0.5 want: ^2.8.3
1750 silly fetch manifest ip-address@^10.1.1
1751 silly packumentCache full:https://registry.npmjs.org/ip-address cache-miss
1752 silly fetch manifest smart-buffer@^4.2.0
1753 silly packumentCache full:https://registry.npmjs.org/smart-buffer cache-miss
1754 http fetch GET 200 https://registry.npmjs.org/smart-buffer 25ms (cache miss)
1755 silly packumentCache full:https://registry.npmjs.org/smart-buffer set size:undefined disposed:false
1756 http fetch GET 200 https://registry.npmjs.org/ip-address 28ms (cache miss)
1757 silly packumentCache full:https://registry.npmjs.org/ip-address set size:undefined disposed:false
1758 silly placeDep ROOT ip-address@10.2.0 OK for: socks@2.8.9 want: ^10.1.1
1759 silly placeDep ROOT smart-buffer@4.2.0 OK for: socks@2.8.9 want: ^4.2.0
1760 silly placeDep ROOT cookie-es@2.0.1 OK for: srvx@0.8.9 want: ^2.0.0
1761 silly placeDep ROOT any-promise@1.3.0 OK for: stream-to-promise@2.2.0 want: ~1.3.0
1762 silly placeDep node_modules/stream-to-promise end-of-stream@1.1.0 OK for: stream-to-promise@2.2.0 want: ~1.1.0
1763 silly placeDep ROOT stream-to-array@2.3.0 OK for: stream-to-promise@2.2.0 want: ~2.3.0
1764 silly fetch manifest once@~1.3.0
1765 silly packumentCache full:https://registry.npmjs.org/once cache-hit
1766 silly placeDep ROOT @isaacs/fs-minipass@4.0.1 OK for: tar@7.5.7 want: ^4.0.0
1767 silly placeDep ROOT chownr@3.0.0 OK for: tar@7.5.7 want: ^3.0.0
1768 silly placeDep ROOT minizlib@3.1.0 OK for: tar@7.5.7 want: ^3.1.0
1769 silly placeDep ROOT yallist@5.0.0 OK for: tar@7.5.7 want: ^5.0.0
1770 silly fetch manifest react-native-b4a@*
1771 silly packumentCache full:https://registry.npmjs.org/react-native-b4a cache-miss
1772 http fetch GET 200 https://registry.npmjs.org/react-native-b4a 24ms (cache miss)
1773 silly packumentCache full:https://registry.npmjs.org/react-native-b4a set size:undefined disposed:false
1774 silly fetch manifest react@*
1775 silly packumentCache full:https://registry.npmjs.org/react cache-miss
1776 http fetch GET 200 https://registry.npmjs.org/react 142ms (cache miss)
1777 silly packumentCache full:https://registry.npmjs.org/react set size:undefined disposed:false
1778 silly fetch manifest react-native@*
1779 silly packumentCache full:https://registry.npmjs.org/react-native cache-miss
1780 http fetch GET 200 https://registry.npmjs.org/react-native 227ms (cache miss)
1781 silly packumentCache full:https://registry.npmjs.org/react-native set size:undefined disposed:false
1782 silly fetch manifest @react-native/jest-preset@0.85.3
1783 silly packumentCache full:https://registry.npmjs.org/@react-native%2fjest-preset cache-miss
1784 http fetch GET 200 https://registry.npmjs.org/@react-native%2fjest-preset 40ms (cache miss)
1785 silly packumentCache full:https://registry.npmjs.org/@react-native%2fjest-preset set size:undefined disposed:false
1786 silly fetch manifest @types/react@^19.1.1
1787 silly packumentCache full:https://registry.npmjs.org/@types%2freact cache-miss
1788 http fetch GET 200 https://registry.npmjs.org/@types%2freact 76ms (cache miss)
1789 silly packumentCache full:https://registry.npmjs.org/@types%2freact set size:undefined disposed:false
1790 silly placeDep ROOT b4a@1.8.1 OK for: tar-stream@3.1.7 want: ^1.6.4
1791 silly placeDep ROOT fast-fifo@1.3.2 OK for: tar-stream@3.1.7 want: ^1.2.0
1792 silly placeDep ROOT streamx@2.25.0 OK for: tar-stream@3.1.7 want: ^2.15.0
1793 silly fetch manifest events-universal@^1.0.0
1794 silly packumentCache full:https://registry.npmjs.org/events-universal cache-miss
1795 silly fetch manifest text-decoder@^1.1.0
1796 silly packumentCache full:https://registry.npmjs.org/text-decoder cache-miss
1797 http fetch GET 200 https://registry.npmjs.org/events-universal 24ms (cache miss)
1798 silly packumentCache full:https://registry.npmjs.org/events-universal set size:undefined disposed:false
1799 http fetch GET 200 https://registry.npmjs.org/text-decoder 25ms (cache miss)
1800 silly packumentCache full:https://registry.npmjs.org/text-decoder set size:undefined disposed:false
1801 silly placeDep ROOT events-universal@1.0.1 OK for: streamx@2.25.0 want: ^1.0.0
1802 silly placeDep ROOT text-decoder@1.2.7 OK for: streamx@2.25.0 want: ^1.1.0
1803 silly fetch manifest bare-events@^2.7.0
1804 silly packumentCache full:https://registry.npmjs.org/bare-events cache-miss
1805 http fetch GET 200 https://registry.npmjs.org/bare-events 24ms (cache miss)
1806 silly packumentCache full:https://registry.npmjs.org/bare-events set size:undefined disposed:false
1807 silly fetch manifest bare-abort-controller@*
1808 silly packumentCache full:https://registry.npmjs.org/bare-abort-controller cache-miss
1809 http fetch GET 200 https://registry.npmjs.org/bare-abort-controller 24ms (cache miss)
1810 silly packumentCache full:https://registry.npmjs.org/bare-abort-controller set size:undefined disposed:false
1811 silly placeDep ROOT bare-events@2.8.3 OK for: events-universal@1.0.1 want: ^2.7.0
1812 silly placeDep ROOT convert-hrtime@3.0.0 OK for: time-span@4.0.0 want: ^3.0.0
1813 silly placeDep ROOT @ts-morph/common@0.11.1 OK for: ts-morph@12.0.0 want: ~0.11.0
1814 silly placeDep ROOT code-block-writer@10.1.1 OK for: ts-morph@12.0.0 want: ^10.1.1
1815 silly fetch manifest mkdirp@^1.0.4
1816 silly packumentCache full:https://registry.npmjs.org/mkdirp cache-miss
1817 silly fetch manifest fast-glob@^3.2.7
1818 silly packumentCache full:https://registry.npmjs.org/fast-glob cache-miss
1819 silly fetch manifest minimatch@^3.0.4
1820 silly packumentCache full:https://registry.npmjs.org/minimatch cache-hit
1821 silly fetch manifest path-browserify@^1.0.1
1822 silly packumentCache full:https://registry.npmjs.org/path-browserify cache-miss
1823 http fetch GET 200 https://registry.npmjs.org/path-browserify 25ms (cache miss)
1824 silly packumentCache full:https://registry.npmjs.org/path-browserify set size:undefined disposed:false
1825 http fetch GET 200 https://registry.npmjs.org/mkdirp 27ms (cache miss)
1826 silly packumentCache full:https://registry.npmjs.org/mkdirp set size:undefined disposed:false
1827 http fetch GET 200 https://registry.npmjs.org/fast-glob 29ms (cache miss)
1828 silly packumentCache full:https://registry.npmjs.org/fast-glob set size:undefined disposed:false
1829 silly placeDep ROOT fast-glob@3.3.3 OK for: @ts-morph/common@0.11.1 want: ^3.2.7
1830 silly placeDep node_modules/@ts-morph/common minimatch@3.1.5 OK for: @ts-morph/common@0.11.1 want: ^3.0.4
1831 silly placeDep ROOT mkdirp@1.0.4 OK for: @ts-morph/common@0.11.1 want: ^1.0.4
1832 silly placeDep ROOT path-browserify@1.0.1 OK for: @ts-morph/common@0.11.1 want: ^1.0.1
1833 silly fetch manifest @nodelib/fs.stat@^2.0.2
1834 silly packumentCache full:https://registry.npmjs.org/@nodelib%2ffs.stat cache-miss
1835 silly fetch manifest @nodelib/fs.walk@^1.2.3
1836 silly packumentCache full:https://registry.npmjs.org/@nodelib%2ffs.walk cache-miss
1837 silly fetch manifest glob-parent@^5.1.2
1838 silly packumentCache full:https://registry.npmjs.org/glob-parent cache-miss
1839 silly fetch manifest merge2@^1.3.0
1840 silly packumentCache full:https://registry.npmjs.org/merge2 cache-miss
1841 silly fetch manifest micromatch@^4.0.8
1842 silly packumentCache full:https://registry.npmjs.org/micromatch cache-miss
1843 silly fetch manifest brace-expansion@^1.1.7
1844 silly packumentCache full:https://registry.npmjs.org/brace-expansion cache-miss
1845 http cache https://registry.npmjs.org/brace-expansion 4ms (cache hit)
1846 silly packumentCache full:https://registry.npmjs.org/brace-expansion set size:70127 disposed:false
1847 http fetch GET 200 https://registry.npmjs.org/glob-parent 22ms (cache miss)
1848 silly packumentCache full:https://registry.npmjs.org/glob-parent set size:undefined disposed:false
1849 http fetch GET 200 https://registry.npmjs.org/merge2 23ms (cache miss)
1850 silly packumentCache full:https://registry.npmjs.org/merge2 set size:undefined disposed:false
1851 http fetch GET 200 https://registry.npmjs.org/@nodelib%2ffs.walk 35ms (cache miss)
1852 silly packumentCache full:https://registry.npmjs.org/@nodelib%2ffs.walk set size:undefined disposed:false
1853 http fetch GET 200 https://registry.npmjs.org/@nodelib%2ffs.stat 37ms (cache miss)
1854 silly packumentCache full:https://registry.npmjs.org/@nodelib%2ffs.stat set size:undefined disposed:false
1855 http fetch GET 200 https://registry.npmjs.org/micromatch 37ms (cache miss)
1856 silly packumentCache full:https://registry.npmjs.org/micromatch set size:undefined disposed:false
1857 silly placeDep ROOT @nodelib/fs.stat@2.0.5 OK for: fast-glob@3.3.3 want: ^2.0.2
1858 silly placeDep ROOT @nodelib/fs.walk@1.2.8 OK for: fast-glob@3.3.3 want: ^1.2.3
1859 silly placeDep ROOT glob-parent@5.1.2 OK for: fast-glob@3.3.3 want: ^5.1.2
1860 silly placeDep ROOT merge2@1.4.1 OK for: fast-glob@3.3.3 want: ^1.3.0
1861 silly placeDep ROOT micromatch@4.0.8 OK for: fast-glob@3.3.3 want: ^4.0.8
1862 silly fetch manifest fastq@^1.6.0
1863 silly packumentCache full:https://registry.npmjs.org/fastq cache-miss
1864 silly fetch manifest @nodelib/fs.scandir@2.1.5
1865 silly packumentCache full:https://registry.npmjs.org/@nodelib%2ffs.scandir cache-miss
1866 silly fetch manifest is-glob@^4.0.1
1867 silly packumentCache full:https://registry.npmjs.org/is-glob cache-miss
1868 silly fetch manifest braces@^3.0.3
1869 silly packumentCache full:https://registry.npmjs.org/braces cache-miss
1870 silly fetch manifest picomatch@^2.3.1
1871 silly packumentCache full:https://registry.npmjs.org/picomatch cache-miss
1872 http cache https://registry.npmjs.org/picomatch 5ms (cache hit)
1873 silly packumentCache full:https://registry.npmjs.org/picomatch set size:126376 disposed:false
1874 http fetch GET 200 https://registry.npmjs.org/braces 26ms (cache miss)
1875 silly packumentCache full:https://registry.npmjs.org/braces set size:undefined disposed:false
1876 http fetch GET 200 https://registry.npmjs.org/fastq 28ms (cache miss)
1877 silly packumentCache full:https://registry.npmjs.org/fastq set size:undefined disposed:false
1878 http fetch GET 200 https://registry.npmjs.org/is-glob 28ms (cache miss)
1879 silly packumentCache full:https://registry.npmjs.org/is-glob set size:undefined disposed:false
1880 http fetch GET 200 https://registry.npmjs.org/@nodelib%2ffs.scandir 36ms (cache miss)
1881 silly packumentCache full:https://registry.npmjs.org/@nodelib%2ffs.scandir set size:undefined disposed:false
1882 silly placeDep ROOT @nodelib/fs.scandir@2.1.5 OK for: @nodelib/fs.walk@1.2.8 want: 2.1.5
1883 silly placeDep ROOT fastq@1.20.1 OK for: @nodelib/fs.walk@1.2.8 want: ^1.6.0
1884 silly fetch manifest run-parallel@^1.1.9
1885 silly packumentCache full:https://registry.npmjs.org/run-parallel cache-miss
1886 silly fetch manifest reusify@^1.0.4
1887 silly packumentCache full:https://registry.npmjs.org/reusify cache-miss
1888 http fetch GET 200 https://registry.npmjs.org/reusify 23ms (cache miss)
1889 silly packumentCache full:https://registry.npmjs.org/reusify set size:undefined disposed:false
1890 http fetch GET 200 https://registry.npmjs.org/run-parallel 25ms (cache miss)
1891 silly packumentCache full:https://registry.npmjs.org/run-parallel set size:undefined disposed:false
1892 silly placeDep ROOT run-parallel@1.2.0 OK for: @nodelib/fs.scandir@2.1.5 want: ^1.1.9
1893 silly fetch manifest queue-microtask@^1.2.2
1894 silly packumentCache full:https://registry.npmjs.org/queue-microtask cache-miss
1895 http fetch GET 200 https://registry.npmjs.org/queue-microtask 27ms (cache miss)
1896 silly packumentCache full:https://registry.npmjs.org/queue-microtask set size:undefined disposed:false
1897 silly placeDep ROOT reusify@1.1.0 OK for: fastq@1.20.1 want: ^1.0.4
1898 silly placeDep ROOT is-glob@4.0.3 OK for: glob-parent@5.1.2 want: ^4.0.1
1899 silly fetch manifest is-extglob@^2.1.1
1900 silly packumentCache full:https://registry.npmjs.org/is-extglob cache-miss
1901 http fetch GET 200 https://registry.npmjs.org/is-extglob 21ms (cache miss)
1902 silly packumentCache full:https://registry.npmjs.org/is-extglob set size:undefined disposed:false
1903 silly placeDep ROOT is-extglob@2.1.1 OK for: is-glob@4.0.3 want: ^2.1.1
1904 silly placeDep ROOT braces@3.0.3 OK for: micromatch@4.0.8 want: ^3.0.3
1905 silly placeDep node_modules/micromatch picomatch@2.3.2 OK for: micromatch@4.0.8 want: ^2.3.1
1906 silly fetch manifest fill-range@^7.1.1
1907 silly packumentCache full:https://registry.npmjs.org/fill-range cache-miss
1908 http fetch GET 200 https://registry.npmjs.org/fill-range 25ms (cache miss)
1909 silly packumentCache full:https://registry.npmjs.org/fill-range set size:undefined disposed:false
1910 silly placeDep ROOT fill-range@7.1.1 OK for: braces@3.0.3 want: ^7.1.1
1911 silly fetch manifest to-regex-range@^5.0.1
1912 silly packumentCache full:https://registry.npmjs.org/to-regex-range cache-miss
1913 http fetch GET 200 https://registry.npmjs.org/to-regex-range 22ms (cache miss)
1914 silly packumentCache full:https://registry.npmjs.org/to-regex-range set size:undefined disposed:false
1915 silly placeDep ROOT to-regex-range@5.0.1 OK for: fill-range@7.1.1 want: ^5.0.1
1916 silly fetch manifest is-number@^7.0.0
1917 silly packumentCache full:https://registry.npmjs.org/is-number cache-miss
1918 http fetch GET 200 https://registry.npmjs.org/is-number 24ms (cache miss)
1919 silly packumentCache full:https://registry.npmjs.org/is-number set size:undefined disposed:false
1920 silly placeDep ROOT queue-microtask@1.2.3 OK for: run-parallel@1.2.0 want: ^1.2.2
1921 silly placeDep ROOT is-number@7.0.0 OK for: to-regex-range@5.0.1 want: ^7.0.0
1922 silly placeDep ROOT fsevents@2.3.3 OK for: tsx@4.21.0 want: ~2.3.3
1923 silly placeDep ROOT get-tsconfig@4.14.0 OK for: tsx@4.21.0 want: ^4.7.5
1924 silly fetch manifest resolve-pkg-maps@^1.0.0
1925 silly packumentCache full:https://registry.npmjs.org/resolve-pkg-maps cache-miss
1926 http fetch GET 200 https://registry.npmjs.org/resolve-pkg-maps 22ms (cache miss)
1927 silly packumentCache full:https://registry.npmjs.org/resolve-pkg-maps set size:undefined disposed:false
1928 silly placeDep ROOT resolve-pkg-maps@1.0.0 OK for: get-tsconfig@4.14.0 want: ^1.0.0
1929 silly placeDep ROOT punycode@2.3.1 OK for: uri-js@4.4.1 want: ^2.1.0
1930 silly placeDep ROOT tr46@0.0.3 OK for: whatwg-url@5.0.0 want: ~0.0.3
1931 silly placeDep ROOT webidl-conversions@3.0.1 OK for: whatwg-url@5.0.0 want: ^3.0.0
1932 silly placeDep ROOT isexe@2.0.0 OK for: which@2.0.2 want: ^2.0.0
1933 silly placeDep ROOT os-paths@4.4.0 OK for: xdg-app-paths@5.5.1 want: ^4.0.1
1934 silly placeDep ROOT xdg-portable@7.3.0 OK for: xdg-app-paths@5.5.1 want: ^7.2.0
1935 silly placeDep ROOT yauzl@2.10.0 OK for: yauzl-promise@2.1.3 want: ^2.9.1
1936 silly placeDep ROOT yauzl-clone@1.0.4 OK for: yauzl-promise@2.1.3 want: ^1.0.4
1937 silly fetch manifest fd-slicer@~1.1.0
1938 silly packumentCache full:https://registry.npmjs.org/fd-slicer cache-miss
1939 silly fetch manifest buffer-crc32@~0.2.3
1940 silly packumentCache full:https://registry.npmjs.org/buffer-crc32 cache-miss
1941 silly fetch manifest events-intercept@^2.0.0
1942 silly packumentCache full:https://registry.npmjs.org/events-intercept cache-miss
1943 http fetch GET 200 https://registry.npmjs.org/fd-slicer 22ms (cache miss)
1944 silly packumentCache full:https://registry.npmjs.org/fd-slicer set size:undefined disposed:false
1945 http fetch GET 200 https://registry.npmjs.org/buffer-crc32 28ms (cache miss)
1946 silly packumentCache full:https://registry.npmjs.org/buffer-crc32 set size:undefined disposed:false
1947 http fetch GET 200 https://registry.npmjs.org/events-intercept 191ms (cache miss)
1948 silly packumentCache full:https://registry.npmjs.org/events-intercept set size:undefined disposed:false
1949 silly placeDep ROOT buffer-crc32@0.2.13 OK for: yauzl@2.10.0 want: ~0.2.3
1950 silly placeDep ROOT fd-slicer@1.1.0 OK for: yauzl@2.10.0 want: ~1.1.0
1951 silly fetch manifest pend@~1.2.0
1952 silly packumentCache full:https://registry.npmjs.org/pend cache-miss
1953 http fetch GET 200 https://registry.npmjs.org/pend 22ms (cache miss)
1954 silly packumentCache full:https://registry.npmjs.org/pend set size:undefined disposed:false
1955 silly placeDep ROOT pend@1.2.0 OK for: fd-slicer@1.1.0 want: ~1.2.0
1956 silly placeDep ROOT events-intercept@2.0.0 OK for: yauzl-clone@1.0.4 want: ^2.0.0
1957 silly placeDep ROOT brace-expansion@1.1.14 OK for: minimatch@3.1.5 want: ^1.1.7
1958 silly fetch manifest concat-map@0.0.1
1959 silly packumentCache full:https://registry.npmjs.org/concat-map cache-miss
1960 silly fetch manifest balanced-match@^1.0.0
1961 silly packumentCache full:https://registry.npmjs.org/balanced-match cache-miss
1962 http fetch GET 200 https://registry.npmjs.org/balanced-match 24ms (cache miss)
1963 silly packumentCache full:https://registry.npmjs.org/balanced-match set size:undefined disposed:false
1964 http fetch GET 200 https://registry.npmjs.org/concat-map 26ms (cache miss)
1965 silly packumentCache full:https://registry.npmjs.org/concat-map set size:undefined disposed:false
1966 silly placeDep ROOT balanced-match@1.0.2 OK for: brace-expansion@1.1.14 want: ^1.0.0
1967 silly placeDep ROOT concat-map@0.0.1 OK for: brace-expansion@1.1.14 want: 0.0.1
1968 silly placeDep ROOT @fastify/busboy@2.1.1 OK for: undici@5.28.4 want: ^2.0.0
1969 silly placeDep node_modules/@vercel/rust get-stream@6.0.1 OK for: execa@5.1.1 want: ^6.0.0
1970 silly placeDep node_modules/@vercel/rust human-signals@2.1.0 OK for: execa@5.1.1 want: ^2.1.0
1971 silly placeDep node_modules/@vercel/rust signal-exit@3.0.7 OK for: execa@5.1.1 want: ^3.0.3
1972 silly placeDep node_modules/glob brace-expansion@5.0.6 OK for: minimatch@10.2.5 want: ^5.0.5
1973 silly fetch manifest balanced-match@^4.0.2
1974 silly packumentCache full:https://registry.npmjs.org/balanced-match cache-miss
1975 http cache https://registry.npmjs.org/balanced-match 4ms (cache hit)
1976 silly packumentCache full:https://registry.npmjs.org/balanced-match set size:39082 disposed:false
1977 silly placeDep node_modules/glob balanced-match@4.0.4 OK for: brace-expansion@5.0.6 want: ^4.0.2
1978 silly placeDep node_modules/sandbox ms@2.1.3 OK for: debug@4.4.3 want: ^2.1.3
1979 silly placeDep node_modules/semver yallist@4.0.0 OK for: lru-cache@6.0.0 want: ^4.0.0
1980 silly placeDep node_modules/stream-to-promise once@1.3.3 OK for: end-of-stream@1.1.0 want: ~1.3.0
1981 silly reify moves {}
1982 silly audit bulk request {
1982 silly audit   vercel: [ '54.4.1' ],
1982 silly audit   '@vercel/backends': [ '0.7.2' ],
1982 silly audit   '@vercel/blob': [ '2.4.0' ],
1982 silly audit   '@vercel/build-utils': [ '13.26.1' ],
1982 silly audit   '@vercel/cli-config': [ '0.1.2' ],
1982 silly audit   '@vercel/detect-agent': [ '1.2.3' ],
1982 silly audit   '@vercel/elysia': [ '0.1.80' ],
1982 silly audit   '@vercel/express': [ '0.1.90' ],
1982 silly audit   '@vercel/fastify': [ '0.1.83' ],
1982 silly audit   '@vercel/fun': [ '1.3.0' ],
1982 silly audit   '@vercel/go': [ '3.7.1' ],
1982 silly audit   '@vercel/h3': [ '0.1.89' ],
1982 silly audit   '@vercel/hono': [ '0.2.83' ],
1982 silly audit   '@vercel/hydrogen': [ '1.3.7' ],
1982 silly audit   '@vercel/koa': [ '0.1.63' ],
1982 silly audit   '@vercel/nestjs': [ '0.2.84' ],
1982 silly audit   '@vercel/next': [ '4.17.4' ],
1982 silly audit   '@vercel/node': [ '5.8.4' ],
1982 silly audit   '@vercel/prepare-flags-definitions': [ '0.2.1' ],
1982 silly audit   '@vercel/python': [ '6.43.1' ],
1982 silly audit   '@vercel/redwood': [ '2.4.13' ],
1982 silly audit   '@vercel/remix-builder': [ '5.8.2' ],
1982 silly audit   '@vercel/ruby': [ '2.3.2' ],
1982 silly audit   '@vercel/rust': [ '1.2.0' ],
1982 silly audit   '@vercel/static-build': [ '2.9.30' ],
1982 silly audit   chokidar: [ '4.0.0' ],
1982 silly audit   esbuild: [ '0.27.0' ],
1982 silly audit   'form-data': [ '4.0.5' ],
1982 silly audit   jose: [ '5.9.6' ],
1982 silly audit   luxon: [ '3.7.2' ],
1982 silly audit   'proxy-agent': [ '6.4.0' ],
1982 silly audit   sandbox: [ '2.5.6' ],
1982 silly audit   'smol-toml': [ '1.5.2' ],
1982 silly audit   zod: [ '4.1.11', '3.22.4', '3.24.4' ],
1982 silly audit   '@vercel/nft': [ '1.5.0' ],
1982 silly audit   execa: [ '3.2.0', '5.1.1' ],
1982 silly audit   'fs-extra': [ '11.1.0', '11.1.1' ],
1982 silly audit   'oxc-transform': [ '0.111.0' ],
1982 silly audit   'path-to-regexp': [ '8.3.0', '8.2.0', '6.1.0', '6.3.0' ],
1982 silly audit   'resolve.exports': [ '2.0.3' ],
1982 silly audit   rolldown: [ '1.0.0-rc.1' ],
1982 silly audit   srvx: [ '0.8.9' ],
1982 silly audit   tsx: [ '4.21.0' ],
1982 silly audit   'async-retry': [ '1.3.3' ],
1982 silly audit   'is-buffer': [ '2.0.5' ],
1982 silly audit   'is-node-process': [ '1.2.0' ],
1982 silly audit   throttleit: [ '2.1.0' ],
1982 silly audit   undici: [ '6.25.0', '5.28.4', '7.25.0' ],
1982 silly audit   '@vercel/python-analysis': [ '0.11.1' ],
1982 silly audit   'cjs-module-lexer': [ '1.2.3' ],
1982 silly audit   'es-module-lexer': [ '1.5.0', '1.4.1' ],
1982 silly audit   'xdg-app-paths': [ '5.5.1', '5.1.0' ],
1982 silly audit   '@vercel/static-config': [ '3.3.0' ],
1982 silly audit   '@vercel/cervel': [ '0.1.7' ],
1982 silly audit   'ts-morph': [ '12.0.0' ],
1982 silly audit   '@tootallnate/once': [ '2.0.0' ],
1982 silly audit   'async-listen': [ '1.2.0', '3.0.0', '3.0.1' ],
1982 silly audit   debug: [ '4.3.4', '4.4.3' ],
1982 silly audit   'generic-pool': [ '3.4.2' ],
1982 silly audit   micro: [ '9.3.5-canary.3' ],
1982 silly audit   ms: [ '2.1.1', '2.1.2', '2.1.3' ],
1982 silly audit   'node-fetch': [ '2.6.7', '2.6.9' ],
1982 silly audit   promisepipe: [ '3.0.0' ],
1982 silly audit   semver: [ '7.5.4', '6.3.1' ],
1982 silly audit   'stat-mode': [ '0.3.0' ],
1982 silly audit   'stream-to-promise': [ '2.2.0' ],
1982 silly audit   tar: [ '7.5.7' ],
1982 silly audit   tinyexec: [ '0.3.2' ],
1982 silly audit   'tree-kill': [ '1.2.2' ],
1982 silly audit   'uid-promise': [ '1.0.0' ],
1982 silly audit   'yauzl-promise': [ '2.1.3' ],
1982 silly audit   '@mapbox/node-pre-gyp': [ '2.0.3' ],
1982 silly audit   '@rollup/pluginutils': [ '5.3.0' ],
1982 silly audit   acorn: [ '8.16.0' ],
1982 silly audit   'acorn-import-attributes': [ '1.9.5' ],
1982 silly audit   'async-sema': [ '3.1.1' ],
1982 silly audit   bindings: [ '1.5.0' ],
1982 silly audit   'estree-walker': [ '2.0.2' ],
1982 silly audit   glob: [ '13.0.6' ],
1982 silly audit   'graceful-fs': [ '4.2.11' ],
1982 silly audit   'node-gyp-build': [ '4.8.4' ],
1982 silly audit   picomatch: [ '4.0.4', '2.3.2' ],
1982 silly audit   'resolve-from': [ '5.0.0' ],
1982 silly audit   consola: [ '3.4.2' ],
1982 silly audit   'detect-libc': [ '2.1.2' ],
1982 silly audit   'https-proxy-agent': [ '7.0.6' ],
1982 silly audit   nopt: [ '8.1.0' ],
1982 silly audit   '@types/estree': [ '1.0.9' ],
1982 silly audit   '@edge-runtime/node-utils': [ '2.3.0' ],
1982 silly audit   '@edge-runtime/primitives': [ '4.1.0' ],
1982 silly audit   '@edge-runtime/vm': [ '3.2.0' ],
1982 silly audit   '@types/node': [ '20.11.0' ],
1982 silly audit   '@vercel/error-utils': [ '2.1.0' ],
1982 silly audit   'edge-runtime': [ '2.5.9' ],
1982 silly audit   etag: [ '1.8.1' ],
1982 silly audit   'mime-types': [ '2.1.35' ],
1982 silly audit   typescript: [ '5.9.3' ],
1982 silly audit   'undici-types': [ '5.26.5' ],
1982 silly audit   '@bytecodealliance/preview2-shim': [ '0.17.6' ],
1982 silly audit   '@renovatebot/pep440': [ '4.2.1' ],
1982 silly audit   'js-yaml': [ '4.1.1' ],
1982 silly audit   minimatch: [ '10.1.1', '10.2.5', '3.1.5' ],
1982 silly audit   '@vercel/gatsby-plugin-vercel-analytics': [ '1.0.11' ],
1982 silly audit   '@vercel/gatsby-plugin-vercel-builder': [ '2.2.7' ],
1982 silly audit   'web-vitals': [ '0.2.4' ],
1982 silly audit   '@sinclair/typebox': [ '0.25.24' ],
1982 silly audit   ajv: [ '8.6.3' ],
1982 silly audit   'json-schema-to-ts': [ '1.6.4' ],
1982 silly audit   'fast-deep-equal': [ '3.1.3' ],
1982 silly audit   'json-schema-traverse': [ '1.0.0' ],
1982 silly audit   'require-from-string': [ '2.0.2' ],
1982 silly audit   'uri-js': [ '4.4.1' ],
1982 silly audit   retry: [ '0.13.1' ],
1982 silly audit   'file-uri-to-path': [ '1.0.0' ],
1982 silly audit   readdirp: [ '4.1.2' ],
1982 silly audit   '@edge-runtime/format': [ '2.2.1' ],
1982 silly audit   '@edge-runtime/ponyfill': [ '2.4.2' ],
1982 silly audit   mri: [ '1.2.0' ],
1982 silly audit   picocolors: [ '1.0.0', '1.1.1' ],
1982 silly audit   'pretty-ms': [ '7.0.1' ],
1982 silly audit   'signal-exit': [ '4.0.2', '3.0.7' ],
1982 silly audit   'time-span': [ '4.0.0' ],
1982 silly audit   '@esbuild/aix-ppc64': [ '0.27.0' ],
1982 silly audit   '@esbuild/android-arm': [ '0.27.0' ],
1982 silly audit   '@esbuild/android-arm64': [ '0.27.0' ],
1982 silly audit   '@esbuild/android-x64': [ '0.27.0' ],
1982 silly audit   '@esbuild/darwin-arm64': [ '0.27.0' ],
1982 silly audit   '@esbuild/darwin-x64': [ '0.27.0' ],
1982 silly audit   '@esbuild/freebsd-arm64': [ '0.27.0' ],
1982 silly audit   '@esbuild/freebsd-x64': [ '0.27.0' ],
1982 silly audit   '@esbuild/linux-arm': [ '0.27.0' ],
1982 silly audit   '@esbuild/linux-arm64': [ '0.27.0' ],
1982 silly audit   '@esbuild/linux-ia32': [ '0.27.0' ],
1982 silly audit   '@esbuild/linux-loong64': [ '0.27.0' ],
1982 silly audit   '@esbuild/linux-mips64el': [ '0.27.0' ],
1982 silly audit   '@esbuild/linux-ppc64': [ '0.27.0' ],
1982 silly audit   '@esbuild/linux-riscv64': [ '0.27.0' ],
1982 silly audit   '@esbuild/linux-s390x': [ '0.27.0' ],
1982 silly audit   '@esbuild/linux-x64': [ '0.27.0' ],
1982 silly audit   '@esbuild/netbsd-arm64': [ '0.27.0' ],
1982 silly audit   '@esbuild/netbsd-x64': [ '0.27.0' ],
1982 silly audit   '@esbuild/openbsd-arm64': [ '0.27.0' ],
1982 silly audit   '@esbuild/openbsd-x64': [ '0.27.0' ],
1982 silly audit   '@esbuild/openharmony-arm64': [ '0.27.0' ],
1982 silly audit   '@esbuild/sunos-x64': [ '0.27.0' ],
1982 silly audit   '@esbuild/win32-arm64': [ '0.27.0' ],
1982 silly audit   '@esbuild/win32-ia32': [ '0.27.0' ],
1982 silly audit   '@esbuild/win32-x64': [ '0.27.0' ],
1982 silly audit   'cross-spawn': [ '7.0.6' ],
1982 silly audit   'get-stream': [ '5.2.0', '6.0.1' ],
1982 silly audit   'human-signals': [ '1.1.1', '2.1.0' ],
1982 silly audit   'is-stream': [ '2.0.1' ],
1982 silly audit   'merge-stream': [ '2.0.0' ],
1982 silly audit   'npm-run-path': [ '4.0.1' ],
1982 silly audit   onetime: [ '5.1.2' ],
1982 silly audit   'p-finally': [ '2.0.1' ],
1982 silly audit   'strip-final-newline': [ '2.0.0' ],
1982 silly audit   'path-key': [ '3.1.1' ],
1982 silly audit   'shebang-command': [ '2.0.0' ],
1982 silly audit   which: [ '2.0.2' ],
1982 silly audit   asynckit: [ '0.4.0' ],
1982 silly audit   'combined-stream': [ '1.0.8' ],
1982 silly audit   'es-set-tostringtag': [ '2.1.0' ],
1982 silly audit   hasown: [ '2.0.3' ],
1982 silly audit   'delayed-stream': [ '1.0.0' ],
1982 silly audit   'es-errors': [ '1.3.0' ],
1982 silly audit   'get-intrinsic': [ '1.3.0' ],
1982 silly audit   'has-tostringtag': [ '1.0.2' ],
1982 silly audit   jsonfile: [ '6.2.1' ],
1982 silly audit   universalify: [ '2.0.1' ],
1982 silly audit   'call-bind-apply-helpers': [ '1.0.2' ],
1982 silly audit   'es-define-property': [ '1.0.1' ],
1982 silly audit   'es-object-atoms': [ '1.1.2' ],
1982 silly audit   'function-bind': [ '1.1.2' ],
1982 silly audit   'get-proto': [ '1.0.1' ],
1982 silly audit   gopd: [ '1.2.0' ],
1982 silly audit   'has-symbols': [ '1.1.0' ],
1982 silly audit   'math-intrinsics': [ '1.1.0' ],
1982 silly audit   'dunder-proto': [ '1.0.1' ],
1982 silly audit   pump: [ '3.0.4' ],
1982 silly audit   minipass: [ '7.1.3' ],
1982 silly audit   'path-scurry': [ '2.0.2' ],
1982 silly audit   'agent-base': [ '7.1.4' ],
1982 silly audit   argparse: [ '2.0.1' ],
1982 silly audit   '@types/json-schema': [ '7.0.15' ],
1982 silly audit   'ts-toolbelt': [ '6.15.5' ],
1982 silly audit   arg: [ '4.1.0' ],
1982 silly audit   'content-type': [ '1.0.4' ],
1982 silly audit   'raw-body': [ '2.4.1' ],
1982 silly audit   'mime-db': [ '1.52.0' ],
1982 silly audit   '@isaacs/brace-expansion': [ '5.0.1' ],
1982 silly audit   '@isaacs/balanced-match': [ '4.0.1' ],
1982 silly audit   'whatwg-url': [ '5.0.0' ],
1982 silly audit   abbrev: [ '3.0.1' ],
1982 silly audit   'mimic-fn': [ '2.1.0' ],
1982 silly audit   '@oxc-transform/binding-android-arm-eabi': [ '0.111.0' ],
1982 silly audit   '@oxc-transform/binding-android-arm64': [ '0.111.0' ],
1982 silly audit   '@oxc-transform/binding-darwin-arm64': [ '0.111.0' ],
1982 silly audit   '@oxc-transform/binding-darwin-x64': [ '0.111.0' ],
1982 silly audit   '@oxc-transform/binding-freebsd-x64': [ '0.111.0' ],
1982 silly audit   '@oxc-transform/binding-linux-arm-gnueabihf': [ '0.111.0' ],
1982 silly audit   '@oxc-transform/binding-linux-arm-musleabihf': [ '0.111.0' ],
1982 silly audit   '@oxc-transform/binding-linux-arm64-gnu': [ '0.111.0' ],
1982 silly audit   '@oxc-transform/binding-linux-arm64-musl': [ '0.111.0' ],
1982 silly audit   '@oxc-transform/binding-linux-ppc64-gnu': [ '0.111.0' ],
1982 silly audit   '@oxc-transform/binding-linux-riscv64-gnu': [ '0.111.0' ],
1982 silly audit   '@oxc-transform/binding-linux-riscv64-musl': [ '0.111.0' ],
1982 silly audit   '@oxc-transform/binding-linux-s390x-gnu': [ '0.111.0' ],
1982 silly audit   '@oxc-transform/binding-linux-x64-gnu': [ '0.111.0' ],
1982 silly audit   '@oxc-transform/binding-linux-x64-musl': [ '0.111.0' ],
1982 silly audit   '@oxc-transform/binding-openharmony-arm64': [ '0.111.0' ],
1982 silly audit   '@oxc-transform/binding-wasm32-wasi': [ '0.111.0' ],
1982 silly audit   '@oxc-transform/binding-win32-arm64-msvc': [ '0.111.0' ],
1982 silly audit   '@oxc-transform/binding-win32-ia32-msvc': [ '0.111.0' ],
1982 silly audit   '@oxc-transform/binding-win32-x64-msvc': [ '0.111.0' ],
1982 silly audit   '@napi-rs/wasm-runtime': [ '1.1.4' ],
1982 silly audit   '@emnapi/core': [ '1.10.0' ],
1982 silly audit   '@emnapi/runtime': [ '1.10.0' ],
1982 silly audit   '@emnapi/wasi-threads': [ '1.2.1' ],
1982 silly audit   tslib: [ '2.8.1' ],
1982 silly audit   '@tybys/wasm-util': [ '0.10.2' ],
1982 silly audit   'lru-cache': [ '11.5.0', '7.18.3', '6.0.0' ],
1982 silly audit   'parse-ms': [ '2.1.0' ],
1982 silly audit   'http-proxy-agent': [ '7.0.2' ],
1982 silly audit   'pac-proxy-agent': [ '7.2.0' ],
1982 silly audit   'proxy-from-env': [ '1.1.0' ],
1982 silly audit   'socks-proxy-agent': [ '8.0.5' ],
1982 silly audit   '@tootallnate/quickjs-emscripten': [ '0.23.0' ],
1982 silly audit   'get-uri': [ '6.0.5' ],
1982 silly audit   'pac-resolver': [ '7.0.1' ],
1982 silly audit   'basic-ftp': [ '5.3.1' ],
1982 silly audit   'data-uri-to-buffer': [ '6.0.2' ],
1982 silly audit   degenerator: [ '5.0.1' ],
1982 silly audit   netmask: [ '2.1.1' ],
1982 silly audit   'ast-types': [ '0.13.4' ],
1982 silly audit   escodegen: [ '2.1.0' ],
1982 silly audit   esprima: [ '4.0.1' ],
1982 silly audit   estraverse: [ '5.3.0' ],
1982 silly audit   esutils: [ '2.0.3' ],
1982 silly audit   'source-map': [ '0.6.1' ],
1982 silly audit   'end-of-stream': [ '1.4.5', '1.1.0' ],
1982 silly audit   once: [ '1.4.0', '1.3.3' ],
1982 silly audit   wrappy: [ '1.0.2' ],
1982 silly audit   bytes: [ '3.1.0' ],
1982 silly audit   'http-errors': [ '1.7.3' ],
1982 silly audit   'iconv-lite': [ '0.4.24' ],
1982 silly audit   unpipe: [ '1.0.0' ],
1982 silly audit   depd: [ '1.1.2' ],
1982 silly audit   inherits: [ '2.0.4' ],
1982 silly audit   setprototypeof: [ '1.1.1' ],
1982 silly audit   statuses: [ '1.5.0' ],
1982 silly audit   toidentifier: [ '1.0.0' ],
1982 silly audit   'safer-buffer': [ '2.1.2' ],
1982 silly audit   '@oxc-project/types': [ '0.110.0' ],
1982 silly audit   '@rolldown/binding-android-arm64': [ '1.0.0-rc.1' ],
1982 silly audit   '@rolldown/binding-darwin-arm64': [ '1.0.0-rc.1' ],
1982 silly audit   '@rolldown/binding-darwin-x64': [ '1.0.0-rc.1' ],
1982 silly audit   '@rolldown/binding-freebsd-x64': [ '1.0.0-rc.1' ],
1982 silly audit   '@rolldown/binding-linux-arm-gnueabihf': [ '1.0.0-rc.1' ],
1982 silly audit   '@rolldown/binding-linux-arm64-gnu': [ '1.0.0-rc.1' ],
1982 silly audit   '@rolldown/binding-linux-arm64-musl': [ '1.0.0-rc.1' ],
1982 silly audit   '@rolldown/binding-linux-x64-gnu': [ '1.0.0-rc.1' ],
1982 silly audit   '@rolldown/binding-linux-x64-musl': [ '1.0.0-rc.1' ],
1982 silly audit   '@rolldown/binding-openharmony-arm64': [ '1.0.0-rc.1' ],
1982 silly audit   '@rolldown/binding-wasm32-wasi': [ '1.0.0-rc.1' ],
1982 silly audit   '@rolldown/binding-win32-arm64-msvc': [ '1.0.0-rc.1' ],
1982 silly audit   '@rolldown/binding-win32-x64-msvc': [ '1.0.0-rc.1' ],
1982 silly audit   '@rolldown/pluginutils': [ '1.0.0-rc.1' ],
1982 silly audit   '@vercel/sandbox': [ '1.9.0' ],
1982 silly audit   '@vercel/oidc': [ '3.2.0' ],
1982 silly audit   jsonlines: [ '0.1.1' ],
1982 silly audit   'tar-stream': [ '3.1.7' ],
1982 silly audit   'shebang-regex': [ '3.0.0' ],
1982 silly audit   socks: [ '2.8.9' ],
1982 silly audit   'ip-address': [ '10.2.0' ],
1982 silly audit   'smart-buffer': [ '4.2.0' ],
1982 silly audit   'cookie-es': [ '2.0.1' ],
1982 silly audit   'any-promise': [ '1.3.0' ],
1982 silly audit   'stream-to-array': [ '2.3.0' ],
1982 silly audit   '@isaacs/fs-minipass': [ '4.0.1' ],
1982 silly audit   chownr: [ '3.0.0' ],
1982 silly audit   minizlib: [ '3.1.0' ],
1982 silly audit   yallist: [ '5.0.0', '4.0.0' ],
1982 silly audit   b4a: [ '1.8.1' ],
1982 silly audit   'fast-fifo': [ '1.3.2' ],
1982 silly audit   streamx: [ '2.25.0' ],
1982 silly audit   'events-universal': [ '1.0.1' ],
1982 silly audit   'text-decoder': [ '1.2.7' ],
1982 silly audit   'bare-events': [ '2.8.3' ],
1982 silly audit   'convert-hrtime': [ '3.0.0' ],
1982 silly audit   '@ts-morph/common': [ '0.11.1' ],
1982 silly audit   'code-block-writer': [ '10.1.1' ],
1982 silly audit   'fast-glob': [ '3.3.3' ],
1982 silly audit   mkdirp: [ '1.0.4' ],
1982 silly audit   'path-browserify': [ '1.0.1' ],
1982 silly audit   '@nodelib/fs.stat': [ '2.0.5' ],
1982 silly audit   '@nodelib/fs.walk': [ '1.2.8' ],
1982 silly audit   'glob-parent': [ '5.1.2' ],
1982 silly audit   merge2: [ '1.4.1' ],
1982 silly audit   micromatch: [ '4.0.8' ],
1982 silly audit   '@nodelib/fs.scandir': [ '2.1.5' ],
1982 silly audit   fastq: [ '1.20.1' ],
1982 silly audit   'run-parallel': [ '1.2.0' ],
1982 silly audit   reusify: [ '1.1.0' ],
1982 silly audit   'is-glob': [ '4.0.3' ],
1982 silly audit   'is-extglob': [ '2.1.1' ],
1982 silly audit   braces: [ '3.0.3' ],
1982 silly audit   'fill-range': [ '7.1.1' ],
1982 silly audit   'to-regex-range': [ '5.0.1' ],
1982 silly audit   'queue-microtask': [ '1.2.3' ],
1982 silly audit   'is-number': [ '7.0.0' ],
1982 silly audit   fsevents: [ '2.3.3' ],
1982 silly audit   'get-tsconfig': [ '4.14.0' ],
1982 silly audit   'resolve-pkg-maps': [ '1.0.0' ],
1982 silly audit   punycode: [ '2.3.1' ],
1982 silly audit   tr46: [ '0.0.3' ],
1982 silly audit   'webidl-conversions': [ '3.0.1' ],
1982 silly audit   isexe: [ '2.0.0' ],
1982 silly audit   'os-paths': [ '4.4.0' ],
1982 silly audit   'xdg-portable': [ '7.3.0' ],
1982 silly audit   yauzl: [ '2.10.0' ],
1982 silly audit   'yauzl-clone': [ '1.0.4' ],
1982 silly audit   'buffer-crc32': [ '0.2.13' ],
1982 silly audit   'fd-slicer': [ '1.1.0' ],
1982 silly audit   pend: [ '1.2.0' ],
1982 silly audit   'events-intercept': [ '2.0.0' ],
1982 silly audit   'brace-expansion': [ '1.1.14', '5.0.6' ],
1982 silly audit   'balanced-match': [ '1.0.2', '4.0.4' ],
1982 silly audit   'concat-map': [ '0.0.1' ],
1982 silly audit   '@fastify/busboy': [ '2.1.1' ]
1982 silly audit }
1983 http cache @fastify/busboy@https://registry.npmjs.org/@fastify/busboy/-/busboy-2.1.1.tgz 0ms (cache hit)
1984 http cache concat-map@https://registry.npmjs.org/concat-map/-/concat-map-0.0.1.tgz 0ms (cache hit)
1985 http cache balanced-match@https://registry.npmjs.org/balanced-match/-/balanced-match-1.0.2.tgz 0ms (cache hit)
1986 http cache brace-expansion@https://registry.npmjs.org/brace-expansion/-/brace-expansion-1.1.14.tgz 0ms (cache hit)
1987 http cache events-intercept@https://registry.npmjs.org/events-intercept/-/events-intercept-2.0.0.tgz 0ms (cache hit)
1988 http cache pend@https://registry.npmjs.org/pend/-/pend-1.2.0.tgz 0ms (cache hit)
1989 http cache fd-slicer@https://registry.npmjs.org/fd-slicer/-/fd-slicer-1.1.0.tgz 0ms (cache hit)
1990 http cache yauzl-clone@https://registry.npmjs.org/yauzl-clone/-/yauzl-clone-1.0.4.tgz 0ms (cache hit)
1991 http cache buffer-crc32@https://registry.npmjs.org/buffer-crc32/-/buffer-crc32-0.2.13.tgz 0ms (cache hit)
1992 http cache yauzl@https://registry.npmjs.org/yauzl/-/yauzl-2.10.0.tgz 0ms (cache hit)
1993 http cache xdg-portable@https://registry.npmjs.org/xdg-portable/-/xdg-portable-7.3.0.tgz 0ms (cache hit)
1994 http cache os-paths@https://registry.npmjs.org/os-paths/-/os-paths-4.4.0.tgz 0ms (cache hit)
1995 http cache isexe@https://registry.npmjs.org/isexe/-/isexe-2.0.0.tgz 0ms (cache hit)
1996 http cache webidl-conversions@https://registry.npmjs.org/webidl-conversions/-/webidl-conversions-3.0.1.tgz 0ms (cache hit)
1997 http cache punycode@https://registry.npmjs.org/punycode/-/punycode-2.3.1.tgz 0ms (cache hit)
1998 http cache tr46@https://registry.npmjs.org/tr46/-/tr46-0.0.3.tgz 0ms (cache hit)
1999 http cache get-tsconfig@https://registry.npmjs.org/get-tsconfig/-/get-tsconfig-4.14.0.tgz 0ms (cache hit)
2000 http cache resolve-pkg-maps@https://registry.npmjs.org/resolve-pkg-maps/-/resolve-pkg-maps-1.0.0.tgz 0ms (cache hit)
2001 http cache is-number@https://registry.npmjs.org/is-number/-/is-number-7.0.0.tgz 1ms (cache hit)
2002 http cache to-regex-range@https://registry.npmjs.org/to-regex-range/-/to-regex-range-5.0.1.tgz 0ms (cache hit)
2003 http cache queue-microtask@https://registry.npmjs.org/queue-microtask/-/queue-microtask-1.2.3.tgz 0ms (cache hit)
2004 http cache braces@https://registry.npmjs.org/braces/-/braces-3.0.3.tgz 0ms (cache hit)
2005 http cache fill-range@https://registry.npmjs.org/fill-range/-/fill-range-7.1.1.tgz 0ms (cache hit)
2006 http cache is-extglob@https://registry.npmjs.org/is-extglob/-/is-extglob-2.1.1.tgz 0ms (cache hit)
2007 http cache is-glob@https://registry.npmjs.org/is-glob/-/is-glob-4.0.3.tgz 0ms (cache hit)
2008 http cache reusify@https://registry.npmjs.org/reusify/-/reusify-1.1.0.tgz 0ms (cache hit)
2009 http cache @nodelib/fs.scandir@https://registry.npmjs.org/@nodelib/fs.scandir/-/fs.scandir-2.1.5.tgz 0ms (cache hit)
2010 http cache fastq@https://registry.npmjs.org/fastq/-/fastq-1.20.1.tgz 0ms (cache hit)
2011 http cache merge2@https://registry.npmjs.org/merge2/-/merge2-1.4.1.tgz 0ms (cache hit)
2012 http cache run-parallel@https://registry.npmjs.org/run-parallel/-/run-parallel-1.2.0.tgz 0ms (cache hit)
2013 http cache glob-parent@https://registry.npmjs.org/glob-parent/-/glob-parent-5.1.2.tgz 0ms (cache hit)
2014 http cache micromatch@https://registry.npmjs.org/micromatch/-/micromatch-4.0.8.tgz 0ms (cache hit)
2015 http cache @nodelib/fs.walk@https://registry.npmjs.org/@nodelib/fs.walk/-/fs.walk-1.2.8.tgz 0ms (cache hit)
2016 http cache @nodelib/fs.stat@https://registry.npmjs.org/@nodelib/fs.stat/-/fs.stat-2.0.5.tgz 0ms (cache hit)
2017 http cache path-browserify@https://registry.npmjs.org/path-browserify/-/path-browserify-1.0.1.tgz 0ms (cache hit)
2018 http cache @ts-morph/common@https://registry.npmjs.org/@ts-morph/common/-/common-0.11.1.tgz 0ms (cache hit)
2019 http cache mkdirp@https://registry.npmjs.org/mkdirp/-/mkdirp-1.0.4.tgz 0ms (cache hit)
2020 http cache fast-glob@https://registry.npmjs.org/fast-glob/-/fast-glob-3.3.3.tgz 0ms (cache hit)
2021 http cache code-block-writer@https://registry.npmjs.org/code-block-writer/-/code-block-writer-10.1.1.tgz 0ms (cache hit)
2022 http cache convert-hrtime@https://registry.npmjs.org/convert-hrtime/-/convert-hrtime-3.0.0.tgz 0ms (cache hit)
2023 http cache bare-events@https://registry.npmjs.org/bare-events/-/bare-events-2.8.3.tgz 0ms (cache hit)
2024 http cache text-decoder@https://registry.npmjs.org/text-decoder/-/text-decoder-1.2.7.tgz 1ms (cache hit)
2025 http cache events-universal@https://registry.npmjs.org/events-universal/-/events-universal-1.0.1.tgz 0ms (cache hit)
2026 http cache b4a@https://registry.npmjs.org/b4a/-/b4a-1.8.1.tgz 0ms (cache hit)
2027 http cache streamx@https://registry.npmjs.org/streamx/-/streamx-2.25.0.tgz 0ms (cache hit)
2028 http cache fast-fifo@https://registry.npmjs.org/fast-fifo/-/fast-fifo-1.3.2.tgz 0ms (cache hit)
2029 http cache @isaacs/fs-minipass@https://registry.npmjs.org/@isaacs/fs-minipass/-/fs-minipass-4.0.1.tgz 0ms (cache hit)
2030 http cache minizlib@https://registry.npmjs.org/minizlib/-/minizlib-3.1.0.tgz 0ms (cache hit)
2031 http cache yallist@https://registry.npmjs.org/yallist/-/yallist-5.0.0.tgz 0ms (cache hit)
2032 http cache chownr@https://registry.npmjs.org/chownr/-/chownr-3.0.0.tgz 0ms (cache hit)
2033 http cache cookie-es@https://registry.npmjs.org/cookie-es/-/cookie-es-2.0.1.tgz 0ms (cache hit)
2034 http cache stream-to-array@https://registry.npmjs.org/stream-to-array/-/stream-to-array-2.3.0.tgz 0ms (cache hit)
2035 http cache any-promise@https://registry.npmjs.org/any-promise/-/any-promise-1.3.0.tgz 0ms (cache hit)
2036 http cache smart-buffer@https://registry.npmjs.org/smart-buffer/-/smart-buffer-4.2.0.tgz 0ms (cache hit)
2037 http cache ip-address@https://registry.npmjs.org/ip-address/-/ip-address-10.2.0.tgz 0ms (cache hit)
2038 http cache tar-stream@https://registry.npmjs.org/tar-stream/-/tar-stream-3.1.7.tgz 0ms (cache hit)
2039 http cache shebang-regex@https://registry.npmjs.org/shebang-regex/-/shebang-regex-3.0.0.tgz 0ms (cache hit)
2040 http cache socks@https://registry.npmjs.org/socks/-/socks-2.8.9.tgz 0ms (cache hit)
2041 http cache jsonlines@https://registry.npmjs.org/jsonlines/-/jsonlines-0.1.1.tgz 0ms (cache hit)
2042 http cache @vercel/oidc@https://registry.npmjs.org/@vercel/oidc/-/oidc-3.2.0.tgz 0ms (cache hit)
2043 http cache @vercel/sandbox@https://registry.npmjs.org/@vercel/sandbox/-/sandbox-1.9.0.tgz 0ms (cache hit)
2044 http cache @rolldown/pluginutils@https://registry.npmjs.org/@rolldown/pluginutils/-/pluginutils-1.0.0-rc.1.tgz 0ms (cache hit)
2045 http cache @oxc-project/types@https://registry.npmjs.org/@oxc-project/types/-/types-0.110.0.tgz 0ms (cache hit)
2046 http cache @rolldown/binding-win32-x64-msvc@https://registry.npmjs.org/@rolldown/binding-win32-x64-msvc/-/binding-win32-x64-msvc-1.0.0-rc.1.tgz 0ms (cache hit)
2047 http cache toidentifier@https://registry.npmjs.org/toidentifier/-/toidentifier-1.0.0.tgz 0ms (cache hit)
2048 http cache safer-buffer@https://registry.npmjs.org/safer-buffer/-/safer-buffer-2.1.2.tgz 0ms (cache hit)
2049 http cache statuses@https://registry.npmjs.org/statuses/-/statuses-1.5.0.tgz 0ms (cache hit)
2050 http cache setprototypeof@https://registry.npmjs.org/setprototypeof/-/setprototypeof-1.1.1.tgz 0ms (cache hit)
2051 http cache inherits@https://registry.npmjs.org/inherits/-/inherits-2.0.4.tgz 0ms (cache hit)
2052 http cache depd@https://registry.npmjs.org/depd/-/depd-1.1.2.tgz 0ms (cache hit)
2053 http cache bytes@https://registry.npmjs.org/bytes/-/bytes-3.1.0.tgz 0ms (cache hit)
2054 http cache unpipe@https://registry.npmjs.org/unpipe/-/unpipe-1.0.0.tgz 0ms (cache hit)
2055 http cache iconv-lite@https://registry.npmjs.org/iconv-lite/-/iconv-lite-0.4.24.tgz 0ms (cache hit)
2056 http cache http-errors@https://registry.npmjs.org/http-errors/-/http-errors-1.7.3.tgz 0ms (cache hit)
2057 http cache once@https://registry.npmjs.org/once/-/once-1.4.0.tgz 0ms (cache hit)
2058 http cache wrappy@https://registry.npmjs.org/wrappy/-/wrappy-1.0.2.tgz 0ms (cache hit)
2059 http cache end-of-stream@https://registry.npmjs.org/end-of-stream/-/end-of-stream-1.4.5.tgz 0ms (cache hit)
2060 http cache source-map@https://registry.npmjs.org/source-map/-/source-map-0.6.1.tgz 0ms (cache hit)
2061 http cache esutils@https://registry.npmjs.org/esutils/-/esutils-2.0.3.tgz 0ms (cache hit)
2062 http cache estraverse@https://registry.npmjs.org/estraverse/-/estraverse-5.3.0.tgz 0ms (cache hit)
2063 http cache esprima@https://registry.npmjs.org/esprima/-/esprima-4.0.1.tgz 0ms (cache hit)
2064 http cache ast-types@https://registry.npmjs.org/ast-types/-/ast-types-0.13.4.tgz 0ms (cache hit)
2065 http cache escodegen@https://registry.npmjs.org/escodegen/-/escodegen-2.1.0.tgz 0ms (cache hit)
2066 http cache netmask@https://registry.npmjs.org/netmask/-/netmask-2.1.1.tgz 0ms (cache hit)
2067 http cache basic-ftp@https://registry.npmjs.org/basic-ftp/-/basic-ftp-5.3.1.tgz 0ms (cache hit)
2068 http cache degenerator@https://registry.npmjs.org/degenerator/-/degenerator-5.0.1.tgz 0ms (cache hit)
2069 http cache pac-resolver@https://registry.npmjs.org/pac-resolver/-/pac-resolver-7.0.1.tgz 0ms (cache hit)
2070 http cache @tootallnate/quickjs-emscripten@https://registry.npmjs.org/@tootallnate/quickjs-emscripten/-/quickjs-emscripten-0.23.0.tgz 0ms (cache hit)
2071 http cache data-uri-to-buffer@https://registry.npmjs.org/data-uri-to-buffer/-/data-uri-to-buffer-6.0.2.tgz 0ms (cache hit)
2072 http cache get-uri@https://registry.npmjs.org/get-uri/-/get-uri-6.0.5.tgz 0ms (cache hit)
2073 http cache socks-proxy-agent@https://registry.npmjs.org/socks-proxy-agent/-/socks-proxy-agent-8.0.5.tgz 0ms (cache hit)
2074 http cache http-proxy-agent@https://registry.npmjs.org/http-proxy-agent/-/http-proxy-agent-7.0.2.tgz 0ms (cache hit)
2075 http cache proxy-from-env@https://registry.npmjs.org/proxy-from-env/-/proxy-from-env-1.1.0.tgz 0ms (cache hit)
2076 http cache pac-proxy-agent@https://registry.npmjs.org/pac-proxy-agent/-/pac-proxy-agent-7.2.0.tgz 0ms (cache hit)
2077 http cache lru-cache@https://registry.npmjs.org/lru-cache/-/lru-cache-11.5.0.tgz 0ms (cache hit)
2078 http cache @emnapi/wasi-threads@https://registry.npmjs.org/@emnapi/wasi-threads/-/wasi-threads-1.2.1.tgz 0ms (cache hit)
2079 http cache @tybys/wasm-util@https://registry.npmjs.org/@tybys/wasm-util/-/wasm-util-0.10.2.tgz 0ms (cache hit)
2080 http cache parse-ms@https://registry.npmjs.org/parse-ms/-/parse-ms-2.1.0.tgz 0ms (cache hit)
2081 http cache tslib@https://registry.npmjs.org/tslib/-/tslib-2.8.1.tgz 0ms (cache hit)
2082 http cache @emnapi/core@https://registry.npmjs.org/@emnapi/core/-/core-1.10.0.tgz 0ms (cache hit)
2083 http cache @emnapi/runtime@https://registry.npmjs.org/@emnapi/runtime/-/runtime-1.10.0.tgz 0ms (cache hit)
2084 http cache @napi-rs/wasm-runtime@https://registry.npmjs.org/@napi-rs/wasm-runtime/-/wasm-runtime-1.1.4.tgz 0ms (cache hit)
2085 http cache @oxc-transform/binding-win32-x64-msvc@https://registry.npmjs.org/@oxc-transform/binding-win32-x64-msvc/-/binding-win32-x64-msvc-0.111.0.tgz 0ms (cache hit)
2086 http cache mimic-fn@https://registry.npmjs.org/mimic-fn/-/mimic-fn-2.1.0.tgz 0ms (cache hit)
2087 http cache abbrev@https://registry.npmjs.org/abbrev/-/abbrev-3.0.1.tgz 0ms (cache hit)
2088 http cache whatwg-url@https://registry.npmjs.org/whatwg-url/-/whatwg-url-5.0.0.tgz 0ms (cache hit)
2089 http cache @isaacs/balanced-match@https://registry.npmjs.org/@isaacs/balanced-match/-/balanced-match-4.0.1.tgz 0ms (cache hit)
2090 http cache @isaacs/brace-expansion@https://registry.npmjs.org/@isaacs/brace-expansion/-/brace-expansion-5.0.1.tgz 0ms (cache hit)
2091 http cache mime-db@https://registry.npmjs.org/mime-db/-/mime-db-1.52.0.tgz 0ms (cache hit)
2092 http cache ts-toolbelt@https://registry.npmjs.org/ts-toolbelt/-/ts-toolbelt-6.15.5.tgz 0ms (cache hit)
2093 http cache content-type@https://registry.npmjs.org/content-type/-/content-type-1.0.4.tgz 0ms (cache hit)
2094 http cache raw-body@https://registry.npmjs.org/raw-body/-/raw-body-2.4.1.tgz 0ms (cache hit)
2095 http cache @types/json-schema@https://registry.npmjs.org/@types/json-schema/-/json-schema-7.0.15.tgz 0ms (cache hit)
2096 http cache arg@https://registry.npmjs.org/arg/-/arg-4.1.0.tgz 0ms (cache hit)
2097 http cache agent-base@https://registry.npmjs.org/agent-base/-/agent-base-7.1.4.tgz 0ms (cache hit)
2098 http cache argparse@https://registry.npmjs.org/argparse/-/argparse-2.0.1.tgz 0ms (cache hit)
2099 http cache minipass@https://registry.npmjs.org/minipass/-/minipass-7.1.3.tgz 0ms (cache hit)
2100 http cache pump@https://registry.npmjs.org/pump/-/pump-3.0.4.tgz 0ms (cache hit)
2101 http cache path-scurry@https://registry.npmjs.org/path-scurry/-/path-scurry-2.0.2.tgz 0ms (cache hit)
2102 http cache math-intrinsics@https://registry.npmjs.org/math-intrinsics/-/math-intrinsics-1.1.0.tgz 0ms (cache hit)
2103 http cache dunder-proto@https://registry.npmjs.org/dunder-proto/-/dunder-proto-1.0.1.tgz 0ms (cache hit)
2104 http cache has-symbols@https://registry.npmjs.org/has-symbols/-/has-symbols-1.1.0.tgz 0ms (cache hit)
2105 http cache gopd@https://registry.npmjs.org/gopd/-/gopd-1.2.0.tgz 0ms (cache hit)
2106 http cache function-bind@https://registry.npmjs.org/function-bind/-/function-bind-1.1.2.tgz 0ms (cache hit)
2107 http cache es-define-property@https://registry.npmjs.org/es-define-property/-/es-define-property-1.0.1.tgz 0ms (cache hit)
2108 http cache get-proto@https://registry.npmjs.org/get-proto/-/get-proto-1.0.1.tgz 0ms (cache hit)
2109 http cache call-bind-apply-helpers@https://registry.npmjs.org/call-bind-apply-helpers/-/call-bind-apply-helpers-1.0.2.tgz 0ms (cache hit)
2110 http cache jsonfile@https://registry.npmjs.org/jsonfile/-/jsonfile-6.2.1.tgz 0ms (cache hit)
2111 http cache universalify@https://registry.npmjs.org/universalify/-/universalify-2.0.1.tgz 0ms (cache hit)
2112 http cache has-tostringtag@https://registry.npmjs.org/has-tostringtag/-/has-tostringtag-1.0.2.tgz 0ms (cache hit)
2113 http cache es-errors@https://registry.npmjs.org/es-errors/-/es-errors-1.3.0.tgz 0ms (cache hit)
2114 http cache hasown@https://registry.npmjs.org/hasown/-/hasown-2.0.3.tgz 0ms (cache hit)
2115 http cache get-intrinsic@https://registry.npmjs.org/get-intrinsic/-/get-intrinsic-1.3.0.tgz 0ms (cache hit)
2116 http cache delayed-stream@https://registry.npmjs.org/delayed-stream/-/delayed-stream-1.0.0.tgz 0ms (cache hit)
2117 http cache combined-stream@https://registry.npmjs.org/combined-stream/-/combined-stream-1.0.8.tgz 0ms (cache hit)
2118 http cache es-set-tostringtag@https://registry.npmjs.org/es-set-tostringtag/-/es-set-tostringtag-2.1.0.tgz 0ms (cache hit)
2119 http cache es-object-atoms@https://registry.npmjs.org/es-object-atoms/-/es-object-atoms-1.1.2.tgz 0ms (cache hit)
2120 http cache which@https://registry.npmjs.org/which/-/which-2.0.2.tgz 0ms (cache hit)
2121 http cache path-key@https://registry.npmjs.org/path-key/-/path-key-3.1.1.tgz 0ms (cache hit)
2122 http cache shebang-command@https://registry.npmjs.org/shebang-command/-/shebang-command-2.0.0.tgz 0ms (cache hit)
2123 http cache asynckit@https://registry.npmjs.org/asynckit/-/asynckit-0.4.0.tgz 0ms (cache hit)
2124 http cache strip-final-newline@https://registry.npmjs.org/strip-final-newline/-/strip-final-newline-2.0.0.tgz 0ms (cache hit)
2125 http cache npm-run-path@https://registry.npmjs.org/npm-run-path/-/npm-run-path-4.0.1.tgz 0ms (cache hit)
2126 http cache p-finally@https://registry.npmjs.org/p-finally/-/p-finally-2.0.1.tgz 0ms (cache hit)
2127 http cache onetime@https://registry.npmjs.org/onetime/-/onetime-5.1.2.tgz 0ms (cache hit)
2128 http cache merge-stream@https://registry.npmjs.org/merge-stream/-/merge-stream-2.0.0.tgz 0ms (cache hit)
2129 http cache human-signals@https://registry.npmjs.org/human-signals/-/human-signals-1.1.1.tgz 0ms (cache hit)
2130 http cache @esbuild/win32-x64@https://registry.npmjs.org/@esbuild/win32-x64/-/win32-x64-0.27.0.tgz 0ms (cache hit)
2131 http cache is-stream@https://registry.npmjs.org/is-stream/-/is-stream-2.0.1.tgz 0ms (cache hit)
2132 http cache get-stream@https://registry.npmjs.org/get-stream/-/get-stream-5.2.0.tgz 0ms (cache hit)
2133 http cache cross-spawn@https://registry.npmjs.org/cross-spawn/-/cross-spawn-7.0.6.tgz 0ms (cache hit)
2134 http cache time-span@https://registry.npmjs.org/time-span/-/time-span-4.0.0.tgz 0ms (cache hit)
2135 http cache signal-exit@https://registry.npmjs.org/signal-exit/-/signal-exit-4.0.2.tgz 0ms (cache hit)
2136 http cache picocolors@https://registry.npmjs.org/picocolors/-/picocolors-1.0.0.tgz 0ms (cache hit)
2137 http cache pretty-ms@https://registry.npmjs.org/pretty-ms/-/pretty-ms-7.0.1.tgz 0ms (cache hit)
2138 http cache mri@https://registry.npmjs.org/mri/-/mri-1.2.0.tgz 0ms (cache hit)
2139 http cache readdirp@https://registry.npmjs.org/readdirp/-/readdirp-4.1.2.tgz 0ms (cache hit)
2140 http cache @edge-runtime/ponyfill@https://registry.npmjs.org/@edge-runtime/ponyfill/-/ponyfill-2.4.2.tgz 0ms (cache hit)
2141 http cache @edge-runtime/format@https://registry.npmjs.org/@edge-runtime/format/-/format-2.2.1.tgz 0ms (cache hit)
2142 http cache file-uri-to-path@https://registry.npmjs.org/file-uri-to-path/-/file-uri-to-path-1.0.0.tgz 0ms (cache hit)
2143 http cache uri-js@https://registry.npmjs.org/uri-js/-/uri-js-4.4.1.tgz 0ms (cache hit)
2144 http cache retry@https://registry.npmjs.org/retry/-/retry-0.13.1.tgz 0ms (cache hit)
2145 http cache require-from-string@https://registry.npmjs.org/require-from-string/-/require-from-string-2.0.2.tgz 0ms (cache hit)
2146 http cache json-schema-to-ts@https://registry.npmjs.org/json-schema-to-ts/-/json-schema-to-ts-1.6.4.tgz 0ms (cache hit)
2147 http cache json-schema-traverse@https://registry.npmjs.org/json-schema-traverse/-/json-schema-traverse-1.0.0.tgz 0ms (cache hit)
2148 http cache @sinclair/typebox@https://registry.npmjs.org/@sinclair/typebox/-/typebox-0.25.24.tgz 0ms (cache hit)
2149 http cache @vercel/gatsby-plugin-vercel-builder@https://registry.npmjs.org/@vercel/gatsby-plugin-vercel-builder/-/gatsby-plugin-vercel-builder-2.2.7.tgz 0ms (cache hit)
2150 http cache fast-deep-equal@https://registry.npmjs.org/fast-deep-equal/-/fast-deep-equal-3.1.3.tgz 0ms (cache hit)
2151 http cache ajv@https://registry.npmjs.org/ajv/-/ajv-8.6.3.tgz 0ms (cache hit)
2152 http cache web-vitals@https://registry.npmjs.org/web-vitals/-/web-vitals-0.2.4.tgz 0ms (cache hit)
2153 http cache @vercel/gatsby-plugin-vercel-analytics@https://registry.npmjs.org/@vercel/gatsby-plugin-vercel-analytics/-/gatsby-plugin-vercel-analytics-1.0.11.tgz 0ms (cache hit)
2154 http cache @renovatebot/pep440@https://registry.npmjs.org/@renovatebot/pep440/-/pep440-4.2.1.tgz 0ms (cache hit)
2155 http cache @bytecodealliance/preview2-shim@https://registry.npmjs.org/@bytecodealliance/preview2-shim/-/preview2-shim-0.17.6.tgz 0ms (cache hit)
2156 http cache minimatch@https://registry.npmjs.org/minimatch/-/minimatch-10.1.1.tgz 0ms (cache hit)
2157 http cache js-yaml@https://registry.npmjs.org/js-yaml/-/js-yaml-4.1.1.tgz 0ms (cache hit)
2158 http cache undici-types@https://registry.npmjs.org/undici-types/-/undici-types-5.26.5.tgz 0ms (cache hit)
2159 http cache typescript@https://registry.npmjs.org/typescript/-/typescript-5.9.3.tgz 0ms (cache hit)
2160 http cache path-to-regexp-updated@https://registry.npmjs.org/path-to-regexp/-/path-to-regexp-6.3.0.tgz 0ms (cache hit)
2161 http cache mime-types@https://registry.npmjs.org/mime-types/-/mime-types-2.1.35.tgz 0ms (cache hit)
2162 http cache etag@https://registry.npmjs.org/etag/-/etag-1.8.1.tgz 0ms (cache hit)
2163 http cache edge-runtime@https://registry.npmjs.org/edge-runtime/-/edge-runtime-2.5.9.tgz 0ms (cache hit)
2164 http cache @vercel/error-utils@https://registry.npmjs.org/@vercel/error-utils/-/error-utils-2.1.0.tgz 0ms (cache hit)
2165 http cache @types/node@https://registry.npmjs.org/@types/node/-/node-20.11.0.tgz 0ms (cache hit)
2166 http cache @types/estree@https://registry.npmjs.org/@types/estree/-/estree-1.0.9.tgz 0ms (cache hit)
2167 http cache @edge-runtime/primitives@https://registry.npmjs.org/@edge-runtime/primitives/-/primitives-4.1.0.tgz 0ms (cache hit)
2168 http cache @edge-runtime/vm@https://registry.npmjs.org/@edge-runtime/vm/-/vm-3.2.0.tgz 0ms (cache hit)
2169 http cache nopt@https://registry.npmjs.org/nopt/-/nopt-8.1.0.tgz 0ms (cache hit)
2170 http cache @edge-runtime/node-utils@https://registry.npmjs.org/@edge-runtime/node-utils/-/node-utils-2.3.0.tgz 0ms (cache hit)
2171 http cache https-proxy-agent@https://registry.npmjs.org/https-proxy-agent/-/https-proxy-agent-7.0.6.tgz 0ms (cache hit)
2172 http cache detect-libc@https://registry.npmjs.org/detect-libc/-/detect-libc-2.1.2.tgz 0ms (cache hit)
2173 http cache consola@https://registry.npmjs.org/consola/-/consola-3.4.2.tgz 0ms (cache hit)
2174 http cache node-gyp-build@https://registry.npmjs.org/node-gyp-build/-/node-gyp-build-4.8.4.tgz 0ms (cache hit)
2175 http cache picomatch@https://registry.npmjs.org/picomatch/-/picomatch-4.0.4.tgz 0ms (cache hit)
2176 http cache resolve-from@https://registry.npmjs.org/resolve-from/-/resolve-from-5.0.0.tgz 0ms (cache hit)
2177 http cache glob@https://registry.npmjs.org/glob/-/glob-13.0.6.tgz 0ms (cache hit)
2178 http cache graceful-fs@https://registry.npmjs.org/graceful-fs/-/graceful-fs-4.2.11.tgz 0ms (cache hit)
2179 http cache estree-walker@https://registry.npmjs.org/estree-walker/-/estree-walker-2.0.2.tgz 0ms (cache hit)
2180 http cache acorn-import-attributes@https://registry.npmjs.org/acorn-import-attributes/-/acorn-import-attributes-1.9.5.tgz 0ms (cache hit)
2181 http cache async-sema@https://registry.npmjs.org/async-sema/-/async-sema-3.1.1.tgz 0ms (cache hit)
2182 http cache bindings@https://registry.npmjs.org/bindings/-/bindings-1.5.0.tgz 0ms (cache hit)
2183 http cache @mapbox/node-pre-gyp@https://registry.npmjs.org/@mapbox/node-pre-gyp/-/node-pre-gyp-2.0.3.tgz 0ms (cache hit)
2184 http cache acorn@https://registry.npmjs.org/acorn/-/acorn-8.16.0.tgz 0ms (cache hit)
2185 http cache @rollup/pluginutils@https://registry.npmjs.org/@rollup/pluginutils/-/pluginutils-5.3.0.tgz 0ms (cache hit)
2186 http cache yauzl-promise@https://registry.npmjs.org/yauzl-promise/-/yauzl-promise-2.1.3.tgz 0ms (cache hit)
2187 http cache uid-promise@https://registry.npmjs.org/uid-promise/-/uid-promise-1.0.0.tgz 0ms (cache hit)
2188 http cache tree-kill@https://registry.npmjs.org/tree-kill/-/tree-kill-1.2.2.tgz 0ms (cache hit)
2189 http cache tinyexec@https://registry.npmjs.org/tinyexec/-/tinyexec-0.3.2.tgz 0ms (cache hit)
2190 http cache stream-to-promise@https://registry.npmjs.org/stream-to-promise/-/stream-to-promise-2.2.0.tgz 0ms (cache hit)
2191 http cache stat-mode@https://registry.npmjs.org/stat-mode/-/stat-mode-0.3.0.tgz 0ms (cache hit)
2192 http cache semver@https://registry.npmjs.org/semver/-/semver-7.5.4.tgz 0ms (cache hit)
2193 http cache tar@https://registry.npmjs.org/tar/-/tar-7.5.7.tgz 0ms (cache hit)
2194 http cache promisepipe@https://registry.npmjs.org/promisepipe/-/promisepipe-3.0.0.tgz 0ms (cache hit)
2195 http cache node-fetch@https://registry.npmjs.org/node-fetch/-/node-fetch-2.6.7.tgz 0ms (cache hit)
2196 http cache micro@https://registry.npmjs.org/micro/-/micro-9.3.5-canary.3.tgz 0ms (cache hit)
2197 http cache ms@https://registry.npmjs.org/ms/-/ms-2.1.1.tgz 0ms (cache hit)
2198 http cache generic-pool@https://registry.npmjs.org/generic-pool/-/generic-pool-3.4.2.tgz 0ms (cache hit)
2199 http cache @vercel/static-config@https://registry.npmjs.org/@vercel/static-config/-/static-config-3.3.0.tgz 0ms (cache hit)
2200 http cache debug@https://registry.npmjs.org/debug/-/debug-4.3.4.tgz 0ms (cache hit)
2201 http cache @tootallnate/once@https://registry.npmjs.org/@tootallnate/once/-/once-2.0.0.tgz 0ms (cache hit)
2202 http cache ts-morph@https://registry.npmjs.org/ts-morph/-/ts-morph-12.0.0.tgz 0ms (cache hit)
2203 http cache @vercel/cervel@https://registry.npmjs.org/@vercel/cervel/-/cervel-0.1.7.tgz 0ms (cache hit)
2204 http cache async-listen@https://registry.npmjs.org/async-listen/-/async-listen-1.2.0.tgz 0ms (cache hit)
2205 http cache @vercel/python-analysis@https://registry.npmjs.org/@vercel/python-analysis/-/python-analysis-0.11.1.tgz 0ms (cache hit)
2206 http cache es-module-lexer@https://registry.npmjs.org/es-module-lexer/-/es-module-lexer-1.5.0.tgz 0ms (cache hit)
2207 http cache xdg-app-paths@https://registry.npmjs.org/xdg-app-paths/-/xdg-app-paths-5.5.1.tgz 0ms (cache hit)
2208 http cache undici@https://registry.npmjs.org/undici/-/undici-6.25.0.tgz 0ms (cache hit)
2209 http cache cjs-module-lexer@https://registry.npmjs.org/cjs-module-lexer/-/cjs-module-lexer-1.2.3.tgz 0ms (cache hit)
2210 http cache throttleit@https://registry.npmjs.org/throttleit/-/throttleit-2.1.0.tgz 0ms (cache hit)
2211 http cache is-node-process@https://registry.npmjs.org/is-node-process/-/is-node-process-1.2.0.tgz 0ms (cache hit)
2212 http cache is-buffer@https://registry.npmjs.org/is-buffer/-/is-buffer-2.0.5.tgz 0ms (cache hit)
2213 http cache async-retry@https://registry.npmjs.org/async-retry/-/async-retry-1.3.3.tgz 0ms (cache hit)
2214 http cache tsx@https://registry.npmjs.org/tsx/-/tsx-4.21.0.tgz 0ms (cache hit)
2215 http cache resolve.exports@https://registry.npmjs.org/resolve.exports/-/resolve.exports-2.0.3.tgz 0ms (cache hit)
2216 http cache rolldown@https://registry.npmjs.org/rolldown/-/rolldown-1.0.0-rc.1.tgz 0ms (cache hit)
2217 http cache srvx@https://registry.npmjs.org/srvx/-/srvx-0.8.9.tgz 0ms (cache hit)
2218 http cache path-to-regexp@https://registry.npmjs.org/path-to-regexp/-/path-to-regexp-8.3.0.tgz 0ms (cache hit)
2219 http cache @vercel/nft@https://registry.npmjs.org/@vercel/nft/-/nft-1.5.0.tgz 0ms (cache hit)
2220 http cache fs-extra@https://registry.npmjs.org/fs-extra/-/fs-extra-11.1.0.tgz 0ms (cache hit)
2221 http cache oxc-transform@https://registry.npmjs.org/oxc-transform/-/oxc-transform-0.111.0.tgz 0ms (cache hit)
2222 http cache execa@https://registry.npmjs.org/execa/-/execa-3.2.0.tgz 0ms (cache hit)
2223 http cache zod@https://registry.npmjs.org/zod/-/zod-4.1.11.tgz 0ms (cache hit)
2224 http cache smol-toml@https://registry.npmjs.org/smol-toml/-/smol-toml-1.5.2.tgz 0ms (cache hit)
2225 http cache luxon@https://registry.npmjs.org/luxon/-/luxon-3.7.2.tgz 0ms (cache hit)
2226 http cache sandbox@https://registry.npmjs.org/sandbox/-/sandbox-2.5.6.tgz 0ms (cache hit)
2227 http cache proxy-agent@https://registry.npmjs.org/proxy-agent/-/proxy-agent-6.4.0.tgz 0ms (cache hit)
2228 http cache jose@https://registry.npmjs.org/jose/-/jose-5.9.6.tgz 0ms (cache hit)
2229 http cache esbuild@https://registry.npmjs.org/esbuild/-/esbuild-0.27.0.tgz 0ms (cache hit)
2230 http cache form-data@https://registry.npmjs.org/form-data/-/form-data-4.0.5.tgz 0ms (cache hit)
2231 http cache @vercel/static-build@https://registry.npmjs.org/@vercel/static-build/-/static-build-2.9.30.tgz 0ms (cache hit)
2232 http cache chokidar@https://registry.npmjs.org/chokidar/-/chokidar-4.0.0.tgz 0ms (cache hit)
2233 http cache @vercel/rust@https://registry.npmjs.org/@vercel/rust/-/rust-1.2.0.tgz 0ms (cache hit)
2234 http cache @vercel/ruby@https://registry.npmjs.org/@vercel/ruby/-/ruby-2.3.2.tgz 0ms (cache hit)
2235 http cache @vercel/python@https://registry.npmjs.org/@vercel/python/-/python-6.43.1.tgz 0ms (cache hit)
2236 http cache @vercel/remix-builder@https://registry.npmjs.org/@vercel/remix-builder/-/remix-builder-5.8.2.tgz 0ms (cache hit)
2237 http cache @vercel/next@https://registry.npmjs.org/@vercel/next/-/next-4.17.4.tgz 0ms (cache hit)
2238 http cache @vercel/redwood@https://registry.npmjs.org/@vercel/redwood/-/redwood-2.4.13.tgz 0ms (cache hit)
2239 http cache @vercel/nestjs@https://registry.npmjs.org/@vercel/nestjs/-/nestjs-0.2.84.tgz 0ms (cache hit)
2240 http cache @vercel/prepare-flags-definitions@https://registry.npmjs.org/@vercel/prepare-flags-definitions/-/prepare-flags-definitions-0.2.1.tgz 0ms (cache hit)
2241 http cache @vercel/node@https://registry.npmjs.org/@vercel/node/-/node-5.8.4.tgz 0ms (cache hit)
2242 http cache @vercel/koa@https://registry.npmjs.org/@vercel/koa/-/koa-0.1.63.tgz 0ms (cache hit)
2243 http cache @vercel/hydrogen@https://registry.npmjs.org/@vercel/hydrogen/-/hydrogen-1.3.7.tgz 0ms (cache hit)
2244 http cache @vercel/h3@https://registry.npmjs.org/@vercel/h3/-/h3-0.1.89.tgz 0ms (cache hit)
2245 http cache @vercel/hono@https://registry.npmjs.org/@vercel/hono/-/hono-0.2.83.tgz 0ms (cache hit)
2246 http cache @vercel/go@https://registry.npmjs.org/@vercel/go/-/go-3.7.1.tgz 0ms (cache hit)
2247 http cache @vercel/fun@https://registry.npmjs.org/@vercel/fun/-/fun-1.3.0.tgz 0ms (cache hit)
2248 http cache @vercel/cli-config@https://registry.npmjs.org/@vercel/cli-config/-/cli-config-0.1.2.tgz 0ms (cache hit)
2249 http cache @vercel/fastify@https://registry.npmjs.org/@vercel/fastify/-/fastify-0.1.83.tgz 0ms (cache hit)
2250 http cache @vercel/detect-agent@https://registry.npmjs.org/@vercel/detect-agent/-/detect-agent-1.2.3.tgz 0ms (cache hit)
2251 http cache @vercel/express@https://registry.npmjs.org/@vercel/express/-/express-0.1.90.tgz 0ms (cache hit)
2252 http cache vercel@https://registry.npmjs.org/vercel/-/vercel-54.4.1.tgz 0ms (cache hit)
2253 http cache @vercel/elysia@https://registry.npmjs.org/@vercel/elysia/-/elysia-0.1.80.tgz 0ms (cache hit)
2254 http cache @vercel/backends@https://registry.npmjs.org/@vercel/backends/-/backends-0.7.2.tgz 0ms (cache hit)
2255 http cache @vercel/blob@https://registry.npmjs.org/@vercel/blob/-/blob-2.4.0.tgz 0ms (cache hit)
2256 http cache picomatch@https://registry.npmjs.org/picomatch/-/picomatch-2.3.2.tgz 0ms (cache hit)
2257 http cache minimatch@https://registry.npmjs.org/minimatch/-/minimatch-3.1.5.tgz 0ms (cache hit)
2258 http cache @vercel/build-utils@https://registry.npmjs.org/@vercel/build-utils/-/build-utils-13.26.1.tgz 0ms (cache hit)
2259 http cache xdg-app-paths@https://registry.npmjs.org/xdg-app-paths/-/xdg-app-paths-5.1.0.tgz 0ms (cache hit)
2260 http cache undici@https://registry.npmjs.org/undici/-/undici-7.25.0.tgz 0ms (cache hit)
2261 http cache ms@https://registry.npmjs.org/ms/-/ms-2.1.3.tgz 0ms (cache hit)
2262 http cache picocolors@https://registry.npmjs.org/picocolors/-/picocolors-1.1.1.tgz 0ms (cache hit)
2263 http cache async-listen@https://registry.npmjs.org/async-listen/-/async-listen-3.0.1.tgz 0ms (cache hit)
2264 http cache balanced-match@https://registry.npmjs.org/balanced-match/-/balanced-match-4.0.4.tgz 0ms (cache hit)
2265 http cache zod@https://registry.npmjs.org/zod/-/zod-3.24.4.tgz 0ms (cache hit)
2266 http cache minimatch@https://registry.npmjs.org/minimatch/-/minimatch-10.2.5.tgz 0ms (cache hit)
2267 http cache yallist@https://registry.npmjs.org/yallist/-/yallist-4.0.0.tgz 0ms (cache hit)
2268 http cache once@https://registry.npmjs.org/once/-/once-1.3.3.tgz 0ms (cache hit)
2269 http cache lru-cache@https://registry.npmjs.org/lru-cache/-/lru-cache-6.0.0.tgz 0ms (cache hit)
2270 http cache end-of-stream@https://registry.npmjs.org/end-of-stream/-/end-of-stream-1.1.0.tgz 0ms (cache hit)
2271 http cache brace-expansion@https://registry.npmjs.org/brace-expansion/-/brace-expansion-5.0.6.tgz 0ms (cache hit)
2272 http cache ms@https://registry.npmjs.org/ms/-/ms-2.1.2.tgz 0ms (cache hit)
2273 http cache fs-extra@https://registry.npmjs.org/fs-extra/-/fs-extra-11.1.1.tgz 0ms (cache hit)
2274 http cache zod@https://registry.npmjs.org/zod/-/zod-3.22.4.tgz 0ms (cache hit)
2275 http cache ms@https://registry.npmjs.org/ms/-/ms-2.1.3.tgz 0ms (cache hit)
2276 http cache signal-exit@https://registry.npmjs.org/signal-exit/-/signal-exit-3.0.7.tgz 0ms (cache hit)
2277 http cache debug@https://registry.npmjs.org/debug/-/debug-4.4.3.tgz 0ms (cache hit)
2278 http cache signal-exit@https://registry.npmjs.org/signal-exit/-/signal-exit-3.0.7.tgz 0ms (cache hit)
2279 http cache lru-cache@https://registry.npmjs.org/lru-cache/-/lru-cache-7.18.3.tgz 0ms (cache hit)
2280 http cache undici@https://registry.npmjs.org/undici/-/undici-5.28.4.tgz 0ms (cache hit)
2281 http cache get-stream@https://registry.npmjs.org/get-stream/-/get-stream-6.0.1.tgz 0ms (cache hit)
2282 http cache human-signals@https://registry.npmjs.org/human-signals/-/human-signals-2.1.0.tgz 0ms (cache hit)
2283 http cache execa@https://registry.npmjs.org/execa/-/execa-5.1.1.tgz 0ms (cache hit)
2284 http cache path-to-regexp@https://registry.npmjs.org/path-to-regexp/-/path-to-regexp-6.1.0.tgz 0ms (cache hit)
2285 http cache path-to-regexp@https://registry.npmjs.org/path-to-regexp/-/path-to-regexp-6.1.0.tgz 0ms (cache hit)
2286 http cache semver@https://registry.npmjs.org/semver/-/semver-6.3.1.tgz 0ms (cache hit)
2287 http cache zod@https://registry.npmjs.org/zod/-/zod-3.22.4.tgz 0ms (cache hit)
2288 http cache node-fetch@https://registry.npmjs.org/node-fetch/-/node-fetch-2.6.9.tgz 0ms (cache hit)
2289 http cache es-module-lexer@https://registry.npmjs.org/es-module-lexer/-/es-module-lexer-1.4.1.tgz 0ms (cache hit)
2290 http cache async-listen@https://registry.npmjs.org/async-listen/-/async-listen-3.0.0.tgz 0ms (cache hit)
2291 http cache xdg-app-paths@https://registry.npmjs.org/xdg-app-paths/-/xdg-app-paths-5.1.0.tgz 0ms (cache hit)
2292 http cache path-to-regexp@https://registry.npmjs.org/path-to-regexp/-/path-to-regexp-8.2.0.tgz 0ms (cache hit)
2293 silly tarball no local data for @fastify/busboy@https://registry.npmjs.org/@fastify/busboy/-/busboy-2.1.1.tgz. Extracting by manifest.
2294 http cache zod@https://registry.npmjs.org/zod/-/zod-3.22.4.tgz 0ms (cache hit)
2295 silly tarball no local data for concat-map@https://registry.npmjs.org/concat-map/-/concat-map-0.0.1.tgz. Extracting by manifest.
2296 silly tarball no local data for balanced-match@https://registry.npmjs.org/balanced-match/-/balanced-match-1.0.2.tgz. Extracting by manifest.
2297 silly tarball no local data for brace-expansion@https://registry.npmjs.org/brace-expansion/-/brace-expansion-1.1.14.tgz. Extracting by manifest.
2298 http cache zod@https://registry.npmjs.org/zod/-/zod-3.22.4.tgz 0ms (cache hit)
2299 silly tarball no local data for events-intercept@https://registry.npmjs.org/events-intercept/-/events-intercept-2.0.0.tgz. Extracting by manifest.
2300 silly tarball no local data for pend@https://registry.npmjs.org/pend/-/pend-1.2.0.tgz. Extracting by manifest.
2301 silly tarball no local data for fd-slicer@https://registry.npmjs.org/fd-slicer/-/fd-slicer-1.1.0.tgz. Extracting by manifest.
2302 silly tarball no local data for buffer-crc32@https://registry.npmjs.org/buffer-crc32/-/buffer-crc32-0.2.13.tgz. Extracting by manifest.
2303 silly tarball no local data for yauzl-clone@https://registry.npmjs.org/yauzl-clone/-/yauzl-clone-1.0.4.tgz. Extracting by manifest.
2304 silly tarball no local data for yauzl@https://registry.npmjs.org/yauzl/-/yauzl-2.10.0.tgz. Extracting by manifest.
2305 silly tarball no local data for xdg-portable@https://registry.npmjs.org/xdg-portable/-/xdg-portable-7.3.0.tgz. Extracting by manifest.
2306 silly tarball no local data for os-paths@https://registry.npmjs.org/os-paths/-/os-paths-4.4.0.tgz. Extracting by manifest.
2307 silly tarball no local data for isexe@https://registry.npmjs.org/isexe/-/isexe-2.0.0.tgz. Extracting by manifest.
2308 silly tarball no local data for webidl-conversions@https://registry.npmjs.org/webidl-conversions/-/webidl-conversions-3.0.1.tgz. Extracting by manifest.
2309 silly tarball no local data for punycode@https://registry.npmjs.org/punycode/-/punycode-2.3.1.tgz. Extracting by manifest.
2310 silly tarball no local data for tr46@https://registry.npmjs.org/tr46/-/tr46-0.0.3.tgz. Extracting by manifest.
2311 silly tarball no local data for get-tsconfig@https://registry.npmjs.org/get-tsconfig/-/get-tsconfig-4.14.0.tgz. Extracting by manifest.
2312 silly tarball no local data for resolve-pkg-maps@https://registry.npmjs.org/resolve-pkg-maps/-/resolve-pkg-maps-1.0.0.tgz. Extracting by manifest.
2313 silly tarball no local data for is-number@https://registry.npmjs.org/is-number/-/is-number-7.0.0.tgz. Extracting by manifest.
2314 silly tarball no local data for to-regex-range@https://registry.npmjs.org/to-regex-range/-/to-regex-range-5.0.1.tgz. Extracting by manifest.
2315 silly tarball no local data for queue-microtask@https://registry.npmjs.org/queue-microtask/-/queue-microtask-1.2.3.tgz. Extracting by manifest.
2316 silly tarball no local data for fill-range@https://registry.npmjs.org/fill-range/-/fill-range-7.1.1.tgz. Extracting by manifest.
2317 silly tarball no local data for braces@https://registry.npmjs.org/braces/-/braces-3.0.3.tgz. Extracting by manifest.
2318 silly tarball no local data for is-extglob@https://registry.npmjs.org/is-extglob/-/is-extglob-2.1.1.tgz. Extracting by manifest.
2319 silly tarball no local data for is-glob@https://registry.npmjs.org/is-glob/-/is-glob-4.0.3.tgz. Extracting by manifest.
2320 silly tarball no local data for reusify@https://registry.npmjs.org/reusify/-/reusify-1.1.0.tgz. Extracting by manifest.
2321 silly tarball no local data for @nodelib/fs.scandir@https://registry.npmjs.org/@nodelib/fs.scandir/-/fs.scandir-2.1.5.tgz. Extracting by manifest.
2322 silly tarball no local data for fastq@https://registry.npmjs.org/fastq/-/fastq-1.20.1.tgz. Extracting by manifest.
2323 silly tarball no local data for merge2@https://registry.npmjs.org/merge2/-/merge2-1.4.1.tgz. Extracting by manifest.
2324 silly tarball no local data for run-parallel@https://registry.npmjs.org/run-parallel/-/run-parallel-1.2.0.tgz. Extracting by manifest.
2325 silly tarball no local data for glob-parent@https://registry.npmjs.org/glob-parent/-/glob-parent-5.1.2.tgz. Extracting by manifest.
2326 silly tarball no local data for micromatch@https://registry.npmjs.org/micromatch/-/micromatch-4.0.8.tgz. Extracting by manifest.
2327 silly tarball no local data for @nodelib/fs.walk@https://registry.npmjs.org/@nodelib/fs.walk/-/fs.walk-1.2.8.tgz. Extracting by manifest.
2328 silly tarball no local data for @nodelib/fs.stat@https://registry.npmjs.org/@nodelib/fs.stat/-/fs.stat-2.0.5.tgz. Extracting by manifest.
2329 silly tarball no local data for path-browserify@https://registry.npmjs.org/path-browserify/-/path-browserify-1.0.1.tgz. Extracting by manifest.
2330 silly tarball no local data for @ts-morph/common@https://registry.npmjs.org/@ts-morph/common/-/common-0.11.1.tgz. Extracting by manifest.
2331 silly tarball no local data for mkdirp@https://registry.npmjs.org/mkdirp/-/mkdirp-1.0.4.tgz. Extracting by manifest.
2332 silly tarball no local data for fast-glob@https://registry.npmjs.org/fast-glob/-/fast-glob-3.3.3.tgz. Extracting by manifest.
2333 silly tarball no local data for code-block-writer@https://registry.npmjs.org/code-block-writer/-/code-block-writer-10.1.1.tgz. Extracting by manifest.
2334 silly tarball no local data for convert-hrtime@https://registry.npmjs.org/convert-hrtime/-/convert-hrtime-3.0.0.tgz. Extracting by manifest.
2335 silly tarball no local data for bare-events@https://registry.npmjs.org/bare-events/-/bare-events-2.8.3.tgz. Extracting by manifest.
2336 silly tarball no local data for text-decoder@https://registry.npmjs.org/text-decoder/-/text-decoder-1.2.7.tgz. Extracting by manifest.
2337 silly tarball no local data for events-universal@https://registry.npmjs.org/events-universal/-/events-universal-1.0.1.tgz. Extracting by manifest.
2338 silly tarball no local data for b4a@https://registry.npmjs.org/b4a/-/b4a-1.8.1.tgz. Extracting by manifest.
2339 silly tarball no local data for streamx@https://registry.npmjs.org/streamx/-/streamx-2.25.0.tgz. Extracting by manifest.
2340 silly tarball no local data for fast-fifo@https://registry.npmjs.org/fast-fifo/-/fast-fifo-1.3.2.tgz. Extracting by manifest.
2341 silly tarball no local data for @isaacs/fs-minipass@https://registry.npmjs.org/@isaacs/fs-minipass/-/fs-minipass-4.0.1.tgz. Extracting by manifest.
2342 silly tarball no local data for minizlib@https://registry.npmjs.org/minizlib/-/minizlib-3.1.0.tgz. Extracting by manifest.
2343 silly tarball no local data for yallist@https://registry.npmjs.org/yallist/-/yallist-5.0.0.tgz. Extracting by manifest.
2344 silly tarball no local data for chownr@https://registry.npmjs.org/chownr/-/chownr-3.0.0.tgz. Extracting by manifest.
2345 silly tarball no local data for cookie-es@https://registry.npmjs.org/cookie-es/-/cookie-es-2.0.1.tgz. Extracting by manifest.
2346 silly tarball no local data for stream-to-array@https://registry.npmjs.org/stream-to-array/-/stream-to-array-2.3.0.tgz. Extracting by manifest.
2347 silly tarball no local data for any-promise@https://registry.npmjs.org/any-promise/-/any-promise-1.3.0.tgz. Extracting by manifest.
2348 silly tarball no local data for smart-buffer@https://registry.npmjs.org/smart-buffer/-/smart-buffer-4.2.0.tgz. Extracting by manifest.
2349 silly tarball no local data for ip-address@https://registry.npmjs.org/ip-address/-/ip-address-10.2.0.tgz. Extracting by manifest.
2350 silly tarball no local data for tar-stream@https://registry.npmjs.org/tar-stream/-/tar-stream-3.1.7.tgz. Extracting by manifest.
2351 silly tarball no local data for shebang-regex@https://registry.npmjs.org/shebang-regex/-/shebang-regex-3.0.0.tgz. Extracting by manifest.
2352 silly tarball no local data for socks@https://registry.npmjs.org/socks/-/socks-2.8.9.tgz. Extracting by manifest.
2353 silly tarball no local data for jsonlines@https://registry.npmjs.org/jsonlines/-/jsonlines-0.1.1.tgz. Extracting by manifest.
2354 silly tarball no local data for @vercel/oidc@https://registry.npmjs.org/@vercel/oidc/-/oidc-3.2.0.tgz. Extracting by manifest.
2355 silly tarball no local data for @vercel/sandbox@https://registry.npmjs.org/@vercel/sandbox/-/sandbox-1.9.0.tgz. Extracting by manifest.
2356 silly tarball no local data for @rolldown/pluginutils@https://registry.npmjs.org/@rolldown/pluginutils/-/pluginutils-1.0.0-rc.1.tgz. Extracting by manifest.
2357 silly tarball no local data for @oxc-project/types@https://registry.npmjs.org/@oxc-project/types/-/types-0.110.0.tgz. Extracting by manifest.
2358 silly tarball no local data for @rolldown/binding-win32-x64-msvc@https://registry.npmjs.org/@rolldown/binding-win32-x64-msvc/-/binding-win32-x64-msvc-1.0.0-rc.1.tgz. Extracting by manifest.
2359 silly tarball no local data for toidentifier@https://registry.npmjs.org/toidentifier/-/toidentifier-1.0.0.tgz. Extracting by manifest.
2360 silly tarball no local data for safer-buffer@https://registry.npmjs.org/safer-buffer/-/safer-buffer-2.1.2.tgz. Extracting by manifest.
2361 silly tarball no local data for statuses@https://registry.npmjs.org/statuses/-/statuses-1.5.0.tgz. Extracting by manifest.
2362 silly tarball no local data for setprototypeof@https://registry.npmjs.org/setprototypeof/-/setprototypeof-1.1.1.tgz. Extracting by manifest.
2363 silly tarball no local data for inherits@https://registry.npmjs.org/inherits/-/inherits-2.0.4.tgz. Extracting by manifest.
2364 silly tarball no local data for depd@https://registry.npmjs.org/depd/-/depd-1.1.2.tgz. Extracting by manifest.
2365 silly tarball no local data for bytes@https://registry.npmjs.org/bytes/-/bytes-3.1.0.tgz. Extracting by manifest.
2366 silly tarball no local data for unpipe@https://registry.npmjs.org/unpipe/-/unpipe-1.0.0.tgz. Extracting by manifest.
2367 silly tarball no local data for iconv-lite@https://registry.npmjs.org/iconv-lite/-/iconv-lite-0.4.24.tgz. Extracting by manifest.
2368 silly tarball no local data for http-errors@https://registry.npmjs.org/http-errors/-/http-errors-1.7.3.tgz. Extracting by manifest.
2369 silly tarball no local data for once@https://registry.npmjs.org/once/-/once-1.4.0.tgz. Extracting by manifest.
2370 silly tarball no local data for wrappy@https://registry.npmjs.org/wrappy/-/wrappy-1.0.2.tgz. Extracting by manifest.
2371 silly tarball no local data for end-of-stream@https://registry.npmjs.org/end-of-stream/-/end-of-stream-1.4.5.tgz. Extracting by manifest.
2372 silly tarball no local data for source-map@https://registry.npmjs.org/source-map/-/source-map-0.6.1.tgz. Extracting by manifest.
2373 silly tarball no local data for esutils@https://registry.npmjs.org/esutils/-/esutils-2.0.3.tgz. Extracting by manifest.
2374 silly tarball no local data for estraverse@https://registry.npmjs.org/estraverse/-/estraverse-5.3.0.tgz. Extracting by manifest.
2375 silly tarball no local data for esprima@https://registry.npmjs.org/esprima/-/esprima-4.0.1.tgz. Extracting by manifest.
2376 silly tarball no local data for ast-types@https://registry.npmjs.org/ast-types/-/ast-types-0.13.4.tgz. Extracting by manifest.
2377 silly tarball no local data for escodegen@https://registry.npmjs.org/escodegen/-/escodegen-2.1.0.tgz. Extracting by manifest.
2378 silly tarball no local data for netmask@https://registry.npmjs.org/netmask/-/netmask-2.1.1.tgz. Extracting by manifest.
2379 silly tarball no local data for basic-ftp@https://registry.npmjs.org/basic-ftp/-/basic-ftp-5.3.1.tgz. Extracting by manifest.
2380 silly tarball no local data for degenerator@https://registry.npmjs.org/degenerator/-/degenerator-5.0.1.tgz. Extracting by manifest.
2381 silly tarball no local data for pac-resolver@https://registry.npmjs.org/pac-resolver/-/pac-resolver-7.0.1.tgz. Extracting by manifest.
2382 silly tarball no local data for @tootallnate/quickjs-emscripten@https://registry.npmjs.org/@tootallnate/quickjs-emscripten/-/quickjs-emscripten-0.23.0.tgz. Extracting by manifest.
2383 silly tarball no local data for data-uri-to-buffer@https://registry.npmjs.org/data-uri-to-buffer/-/data-uri-to-buffer-6.0.2.tgz. Extracting by manifest.
2384 silly tarball no local data for get-uri@https://registry.npmjs.org/get-uri/-/get-uri-6.0.5.tgz. Extracting by manifest.
2385 silly tarball no local data for socks-proxy-agent@https://registry.npmjs.org/socks-proxy-agent/-/socks-proxy-agent-8.0.5.tgz. Extracting by manifest.
2386 silly tarball no local data for http-proxy-agent@https://registry.npmjs.org/http-proxy-agent/-/http-proxy-agent-7.0.2.tgz. Extracting by manifest.
2387 silly tarball no local data for proxy-from-env@https://registry.npmjs.org/proxy-from-env/-/proxy-from-env-1.1.0.tgz. Extracting by manifest.
2388 silly tarball no local data for pac-proxy-agent@https://registry.npmjs.org/pac-proxy-agent/-/pac-proxy-agent-7.2.0.tgz. Extracting by manifest.
2389 silly tarball no local data for lru-cache@https://registry.npmjs.org/lru-cache/-/lru-cache-11.5.0.tgz. Extracting by manifest.
2390 silly tarball no local data for @emnapi/wasi-threads@https://registry.npmjs.org/@emnapi/wasi-threads/-/wasi-threads-1.2.1.tgz. Extracting by manifest.
2391 silly tarball no local data for @tybys/wasm-util@https://registry.npmjs.org/@tybys/wasm-util/-/wasm-util-0.10.2.tgz. Extracting by manifest.
2392 silly tarball no local data for parse-ms@https://registry.npmjs.org/parse-ms/-/parse-ms-2.1.0.tgz. Extracting by manifest.
2393 silly tarball no local data for tslib@https://registry.npmjs.org/tslib/-/tslib-2.8.1.tgz. Extracting by manifest.
2394 silly tarball no local data for @emnapi/core@https://registry.npmjs.org/@emnapi/core/-/core-1.10.0.tgz. Extracting by manifest.
2395 silly tarball no local data for @emnapi/runtime@https://registry.npmjs.org/@emnapi/runtime/-/runtime-1.10.0.tgz. Extracting by manifest.
2396 silly tarball no local data for @napi-rs/wasm-runtime@https://registry.npmjs.org/@napi-rs/wasm-runtime/-/wasm-runtime-1.1.4.tgz. Extracting by manifest.
2397 silly tarball no local data for @oxc-transform/binding-win32-x64-msvc@https://registry.npmjs.org/@oxc-transform/binding-win32-x64-msvc/-/binding-win32-x64-msvc-0.111.0.tgz. Extracting by manifest.
2398 silly tarball no local data for mimic-fn@https://registry.npmjs.org/mimic-fn/-/mimic-fn-2.1.0.tgz. Extracting by manifest.
2399 silly tarball no local data for abbrev@https://registry.npmjs.org/abbrev/-/abbrev-3.0.1.tgz. Extracting by manifest.
2400 silly tarball no local data for whatwg-url@https://registry.npmjs.org/whatwg-url/-/whatwg-url-5.0.0.tgz. Extracting by manifest.
2401 silly tarball no local data for @isaacs/balanced-match@https://registry.npmjs.org/@isaacs/balanced-match/-/balanced-match-4.0.1.tgz. Extracting by manifest.
2402 silly tarball no local data for @isaacs/brace-expansion@https://registry.npmjs.org/@isaacs/brace-expansion/-/brace-expansion-5.0.1.tgz. Extracting by manifest.
2403 silly tarball no local data for mime-db@https://registry.npmjs.org/mime-db/-/mime-db-1.52.0.tgz. Extracting by manifest.
2404 silly tarball no local data for ts-toolbelt@https://registry.npmjs.org/ts-toolbelt/-/ts-toolbelt-6.15.5.tgz. Extracting by manifest.
2405 silly tarball no local data for content-type@https://registry.npmjs.org/content-type/-/content-type-1.0.4.tgz. Extracting by manifest.
2406 silly tarball no local data for raw-body@https://registry.npmjs.org/raw-body/-/raw-body-2.4.1.tgz. Extracting by manifest.
2407 silly tarball no local data for @types/json-schema@https://registry.npmjs.org/@types/json-schema/-/json-schema-7.0.15.tgz. Extracting by manifest.
2408 silly tarball no local data for arg@https://registry.npmjs.org/arg/-/arg-4.1.0.tgz. Extracting by manifest.
2409 silly tarball no local data for agent-base@https://registry.npmjs.org/agent-base/-/agent-base-7.1.4.tgz. Extracting by manifest.
2410 silly tarball no local data for argparse@https://registry.npmjs.org/argparse/-/argparse-2.0.1.tgz. Extracting by manifest.
2411 silly tarball no local data for minipass@https://registry.npmjs.org/minipass/-/minipass-7.1.3.tgz. Extracting by manifest.
2412 silly tarball no local data for pump@https://registry.npmjs.org/pump/-/pump-3.0.4.tgz. Extracting by manifest.
2413 silly tarball no local data for path-scurry@https://registry.npmjs.org/path-scurry/-/path-scurry-2.0.2.tgz. Extracting by manifest.
2414 silly tarball no local data for math-intrinsics@https://registry.npmjs.org/math-intrinsics/-/math-intrinsics-1.1.0.tgz. Extracting by manifest.
2415 silly tarball no local data for dunder-proto@https://registry.npmjs.org/dunder-proto/-/dunder-proto-1.0.1.tgz. Extracting by manifest.
2416 silly tarball no local data for has-symbols@https://registry.npmjs.org/has-symbols/-/has-symbols-1.1.0.tgz. Extracting by manifest.
2417 silly tarball no local data for gopd@https://registry.npmjs.org/gopd/-/gopd-1.2.0.tgz. Extracting by manifest.
2418 silly tarball no local data for function-bind@https://registry.npmjs.org/function-bind/-/function-bind-1.1.2.tgz. Extracting by manifest.
2419 silly tarball no local data for es-define-property@https://registry.npmjs.org/es-define-property/-/es-define-property-1.0.1.tgz. Extracting by manifest.
2420 silly tarball no local data for get-proto@https://registry.npmjs.org/get-proto/-/get-proto-1.0.1.tgz. Extracting by manifest.
2421 silly tarball no local data for call-bind-apply-helpers@https://registry.npmjs.org/call-bind-apply-helpers/-/call-bind-apply-helpers-1.0.2.tgz. Extracting by manifest.
2422 silly tarball no local data for jsonfile@https://registry.npmjs.org/jsonfile/-/jsonfile-6.2.1.tgz. Extracting by manifest.
2423 silly tarball no local data for universalify@https://registry.npmjs.org/universalify/-/universalify-2.0.1.tgz. Extracting by manifest.
2424 silly tarball no local data for has-tostringtag@https://registry.npmjs.org/has-tostringtag/-/has-tostringtag-1.0.2.tgz. Extracting by manifest.
2425 silly tarball no local data for es-errors@https://registry.npmjs.org/es-errors/-/es-errors-1.3.0.tgz. Extracting by manifest.
2426 silly tarball no local data for hasown@https://registry.npmjs.org/hasown/-/hasown-2.0.3.tgz. Extracting by manifest.
2427 silly tarball no local data for get-intrinsic@https://registry.npmjs.org/get-intrinsic/-/get-intrinsic-1.3.0.tgz. Extracting by manifest.
2428 silly tarball no local data for delayed-stream@https://registry.npmjs.org/delayed-stream/-/delayed-stream-1.0.0.tgz. Extracting by manifest.
2429 silly tarball no local data for combined-stream@https://registry.npmjs.org/combined-stream/-/combined-stream-1.0.8.tgz. Extracting by manifest.
2430 silly tarball no local data for es-set-tostringtag@https://registry.npmjs.org/es-set-tostringtag/-/es-set-tostringtag-2.1.0.tgz. Extracting by manifest.
2431 silly tarball no local data for es-object-atoms@https://registry.npmjs.org/es-object-atoms/-/es-object-atoms-1.1.2.tgz. Extracting by manifest.
2432 silly tarball no local data for which@https://registry.npmjs.org/which/-/which-2.0.2.tgz. Extracting by manifest.
2433 silly tarball no local data for path-key@https://registry.npmjs.org/path-key/-/path-key-3.1.1.tgz. Extracting by manifest.
2434 silly tarball no local data for shebang-command@https://registry.npmjs.org/shebang-command/-/shebang-command-2.0.0.tgz. Extracting by manifest.
2435 silly tarball no local data for asynckit@https://registry.npmjs.org/asynckit/-/asynckit-0.4.0.tgz. Extracting by manifest.
2436 silly tarball no local data for strip-final-newline@https://registry.npmjs.org/strip-final-newline/-/strip-final-newline-2.0.0.tgz. Extracting by manifest.
2437 silly tarball no local data for npm-run-path@https://registry.npmjs.org/npm-run-path/-/npm-run-path-4.0.1.tgz. Extracting by manifest.
2438 silly tarball no local data for p-finally@https://registry.npmjs.org/p-finally/-/p-finally-2.0.1.tgz. Extracting by manifest.
2439 silly tarball no local data for onetime@https://registry.npmjs.org/onetime/-/onetime-5.1.2.tgz. Extracting by manifest.
2440 silly tarball no local data for merge-stream@https://registry.npmjs.org/merge-stream/-/merge-stream-2.0.0.tgz. Extracting by manifest.
2441 silly tarball no local data for human-signals@https://registry.npmjs.org/human-signals/-/human-signals-1.1.1.tgz. Extracting by manifest.
2442 silly tarball no local data for @esbuild/win32-x64@https://registry.npmjs.org/@esbuild/win32-x64/-/win32-x64-0.27.0.tgz. Extracting by manifest.
2443 silly tarball no local data for is-stream@https://registry.npmjs.org/is-stream/-/is-stream-2.0.1.tgz. Extracting by manifest.
2444 silly tarball no local data for get-stream@https://registry.npmjs.org/get-stream/-/get-stream-5.2.0.tgz. Extracting by manifest.
2445 silly tarball no local data for cross-spawn@https://registry.npmjs.org/cross-spawn/-/cross-spawn-7.0.6.tgz. Extracting by manifest.
2446 silly tarball no local data for time-span@https://registry.npmjs.org/time-span/-/time-span-4.0.0.tgz. Extracting by manifest.
2447 silly tarball no local data for signal-exit@https://registry.npmjs.org/signal-exit/-/signal-exit-4.0.2.tgz. Extracting by manifest.
2448 silly tarball no local data for picocolors@https://registry.npmjs.org/picocolors/-/picocolors-1.0.0.tgz. Extracting by manifest.
2449 silly tarball no local data for pretty-ms@https://registry.npmjs.org/pretty-ms/-/pretty-ms-7.0.1.tgz. Extracting by manifest.
2450 silly tarball no local data for mri@https://registry.npmjs.org/mri/-/mri-1.2.0.tgz. Extracting by manifest.
2451 silly tarball no local data for readdirp@https://registry.npmjs.org/readdirp/-/readdirp-4.1.2.tgz. Extracting by manifest.
2452 silly tarball no local data for @edge-runtime/ponyfill@https://registry.npmjs.org/@edge-runtime/ponyfill/-/ponyfill-2.4.2.tgz. Extracting by manifest.
2453 silly tarball no local data for @edge-runtime/format@https://registry.npmjs.org/@edge-runtime/format/-/format-2.2.1.tgz. Extracting by manifest.
2454 silly tarball no local data for file-uri-to-path@https://registry.npmjs.org/file-uri-to-path/-/file-uri-to-path-1.0.0.tgz. Extracting by manifest.
2455 silly tarball no local data for uri-js@https://registry.npmjs.org/uri-js/-/uri-js-4.4.1.tgz. Extracting by manifest.
2456 silly tarball no local data for retry@https://registry.npmjs.org/retry/-/retry-0.13.1.tgz. Extracting by manifest.
2457 silly tarball no local data for require-from-string@https://registry.npmjs.org/require-from-string/-/require-from-string-2.0.2.tgz. Extracting by manifest.
2458 silly tarball no local data for json-schema-to-ts@https://registry.npmjs.org/json-schema-to-ts/-/json-schema-to-ts-1.6.4.tgz. Extracting by manifest.
2459 silly tarball no local data for json-schema-traverse@https://registry.npmjs.org/json-schema-traverse/-/json-schema-traverse-1.0.0.tgz. Extracting by manifest.
2460 silly tarball no local data for @sinclair/typebox@https://registry.npmjs.org/@sinclair/typebox/-/typebox-0.25.24.tgz. Extracting by manifest.
2461 silly tarball no local data for @vercel/gatsby-plugin-vercel-builder@https://registry.npmjs.org/@vercel/gatsby-plugin-vercel-builder/-/gatsby-plugin-vercel-builder-2.2.7.tgz. Extracting by manifest.
2462 silly tarball no local data for fast-deep-equal@https://registry.npmjs.org/fast-deep-equal/-/fast-deep-equal-3.1.3.tgz. Extracting by manifest.
2463 silly tarball no local data for ajv@https://registry.npmjs.org/ajv/-/ajv-8.6.3.tgz. Extracting by manifest.
2464 silly tarball no local data for web-vitals@https://registry.npmjs.org/web-vitals/-/web-vitals-0.2.4.tgz. Extracting by manifest.
2465 silly tarball no local data for @vercel/gatsby-plugin-vercel-analytics@https://registry.npmjs.org/@vercel/gatsby-plugin-vercel-analytics/-/gatsby-plugin-vercel-analytics-1.0.11.tgz. Extracting by manifest.
2466 silly tarball no local data for @renovatebot/pep440@https://registry.npmjs.org/@renovatebot/pep440/-/pep440-4.2.1.tgz. Extracting by manifest.
2467 silly tarball no local data for @bytecodealliance/preview2-shim@https://registry.npmjs.org/@bytecodealliance/preview2-shim/-/preview2-shim-0.17.6.tgz. Extracting by manifest.
2468 silly tarball no local data for minimatch@https://registry.npmjs.org/minimatch/-/minimatch-10.1.1.tgz. Extracting by manifest.
2469 silly tarball no local data for js-yaml@https://registry.npmjs.org/js-yaml/-/js-yaml-4.1.1.tgz. Extracting by manifest.
2470 silly tarball no local data for undici-types@https://registry.npmjs.org/undici-types/-/undici-types-5.26.5.tgz. Extracting by manifest.
2471 silly tarball no local data for typescript@https://registry.npmjs.org/typescript/-/typescript-5.9.3.tgz. Extracting by manifest.
2472 silly tarball no local data for path-to-regexp-updated@https://registry.npmjs.org/path-to-regexp/-/path-to-regexp-6.3.0.tgz. Extracting by manifest.
2473 silly tarball no local data for mime-types@https://registry.npmjs.org/mime-types/-/mime-types-2.1.35.tgz. Extracting by manifest.
2474 silly tarball no local data for etag@https://registry.npmjs.org/etag/-/etag-1.8.1.tgz. Extracting by manifest.
2475 silly tarball no local data for edge-runtime@https://registry.npmjs.org/edge-runtime/-/edge-runtime-2.5.9.tgz. Extracting by manifest.
2476 silly tarball no local data for @vercel/error-utils@https://registry.npmjs.org/@vercel/error-utils/-/error-utils-2.1.0.tgz. Extracting by manifest.
2477 silly tarball no local data for @types/node@https://registry.npmjs.org/@types/node/-/node-20.11.0.tgz. Extracting by manifest.
2478 silly tarball no local data for @types/estree@https://registry.npmjs.org/@types/estree/-/estree-1.0.9.tgz. Extracting by manifest.
2479 silly tarball no local data for @edge-runtime/primitives@https://registry.npmjs.org/@edge-runtime/primitives/-/primitives-4.1.0.tgz. Extracting by manifest.
2480 silly tarball no local data for @edge-runtime/vm@https://registry.npmjs.org/@edge-runtime/vm/-/vm-3.2.0.tgz. Extracting by manifest.
2481 silly tarball no local data for nopt@https://registry.npmjs.org/nopt/-/nopt-8.1.0.tgz. Extracting by manifest.
2482 silly tarball no local data for @edge-runtime/node-utils@https://registry.npmjs.org/@edge-runtime/node-utils/-/node-utils-2.3.0.tgz. Extracting by manifest.
2483 silly tarball no local data for https-proxy-agent@https://registry.npmjs.org/https-proxy-agent/-/https-proxy-agent-7.0.6.tgz. Extracting by manifest.
2484 silly tarball no local data for detect-libc@https://registry.npmjs.org/detect-libc/-/detect-libc-2.1.2.tgz. Extracting by manifest.
2485 silly tarball no local data for consola@https://registry.npmjs.org/consola/-/consola-3.4.2.tgz. Extracting by manifest.
2486 silly tarball no local data for node-gyp-build@https://registry.npmjs.org/node-gyp-build/-/node-gyp-build-4.8.4.tgz. Extracting by manifest.
2487 silly tarball no local data for picomatch@https://registry.npmjs.org/picomatch/-/picomatch-4.0.4.tgz. Extracting by manifest.
2488 silly tarball no local data for resolve-from@https://registry.npmjs.org/resolve-from/-/resolve-from-5.0.0.tgz. Extracting by manifest.
2489 silly tarball no local data for glob@https://registry.npmjs.org/glob/-/glob-13.0.6.tgz. Extracting by manifest.
2490 silly tarball no local data for graceful-fs@https://registry.npmjs.org/graceful-fs/-/graceful-fs-4.2.11.tgz. Extracting by manifest.
2491 silly tarball no local data for estree-walker@https://registry.npmjs.org/estree-walker/-/estree-walker-2.0.2.tgz. Extracting by manifest.
2492 silly tarball no local data for acorn-import-attributes@https://registry.npmjs.org/acorn-import-attributes/-/acorn-import-attributes-1.9.5.tgz. Extracting by manifest.
2493 silly tarball no local data for async-sema@https://registry.npmjs.org/async-sema/-/async-sema-3.1.1.tgz. Extracting by manifest.
2494 silly tarball no local data for bindings@https://registry.npmjs.org/bindings/-/bindings-1.5.0.tgz. Extracting by manifest.
2495 silly tarball no local data for @mapbox/node-pre-gyp@https://registry.npmjs.org/@mapbox/node-pre-gyp/-/node-pre-gyp-2.0.3.tgz. Extracting by manifest.
2496 silly tarball no local data for acorn@https://registry.npmjs.org/acorn/-/acorn-8.16.0.tgz. Extracting by manifest.
2497 silly tarball no local data for @rollup/pluginutils@https://registry.npmjs.org/@rollup/pluginutils/-/pluginutils-5.3.0.tgz. Extracting by manifest.
2498 silly tarball no local data for yauzl-promise@https://registry.npmjs.org/yauzl-promise/-/yauzl-promise-2.1.3.tgz. Extracting by manifest.
2499 silly tarball no local data for uid-promise@https://registry.npmjs.org/uid-promise/-/uid-promise-1.0.0.tgz. Extracting by manifest.
2500 silly tarball no local data for tree-kill@https://registry.npmjs.org/tree-kill/-/tree-kill-1.2.2.tgz. Extracting by manifest.
2501 silly tarball no local data for tinyexec@https://registry.npmjs.org/tinyexec/-/tinyexec-0.3.2.tgz. Extracting by manifest.
2502 silly tarball no local data for stream-to-promise@https://registry.npmjs.org/stream-to-promise/-/stream-to-promise-2.2.0.tgz. Extracting by manifest.
2503 silly tarball no local data for stat-mode@https://registry.npmjs.org/stat-mode/-/stat-mode-0.3.0.tgz. Extracting by manifest.
2504 silly tarball no local data for semver@https://registry.npmjs.org/semver/-/semver-7.5.4.tgz. Extracting by manifest.
2505 silly tarball no local data for tar@https://registry.npmjs.org/tar/-/tar-7.5.7.tgz. Extracting by manifest.
2506 silly tarball no local data for promisepipe@https://registry.npmjs.org/promisepipe/-/promisepipe-3.0.0.tgz. Extracting by manifest.
2507 silly tarball no local data for node-fetch@https://registry.npmjs.org/node-fetch/-/node-fetch-2.6.7.tgz. Extracting by manifest.
2508 silly tarball no local data for micro@https://registry.npmjs.org/micro/-/micro-9.3.5-canary.3.tgz. Extracting by manifest.
2509 silly tarball no local data for ms@https://registry.npmjs.org/ms/-/ms-2.1.1.tgz. Extracting by manifest.
2510 silly tarball no local data for generic-pool@https://registry.npmjs.org/generic-pool/-/generic-pool-3.4.2.tgz. Extracting by manifest.
2511 silly tarball no local data for @vercel/static-config@https://registry.npmjs.org/@vercel/static-config/-/static-config-3.3.0.tgz. Extracting by manifest.
2512 silly tarball no local data for debug@https://registry.npmjs.org/debug/-/debug-4.3.4.tgz. Extracting by manifest.
2513 silly tarball no local data for @tootallnate/once@https://registry.npmjs.org/@tootallnate/once/-/once-2.0.0.tgz. Extracting by manifest.
2514 silly tarball no local data for ts-morph@https://registry.npmjs.org/ts-morph/-/ts-morph-12.0.0.tgz. Extracting by manifest.
2515 silly tarball no local data for @vercel/cervel@https://registry.npmjs.org/@vercel/cervel/-/cervel-0.1.7.tgz. Extracting by manifest.
2516 silly tarball no local data for async-listen@https://registry.npmjs.org/async-listen/-/async-listen-1.2.0.tgz. Extracting by manifest.
2517 silly tarball no local data for @vercel/python-analysis@https://registry.npmjs.org/@vercel/python-analysis/-/python-analysis-0.11.1.tgz. Extracting by manifest.
2518 silly tarball no local data for es-module-lexer@https://registry.npmjs.org/es-module-lexer/-/es-module-lexer-1.5.0.tgz. Extracting by manifest.
2519 silly tarball no local data for xdg-app-paths@https://registry.npmjs.org/xdg-app-paths/-/xdg-app-paths-5.5.1.tgz. Extracting by manifest.
2520 silly tarball no local data for undici@https://registry.npmjs.org/undici/-/undici-6.25.0.tgz. Extracting by manifest.
2521 silly tarball no local data for cjs-module-lexer@https://registry.npmjs.org/cjs-module-lexer/-/cjs-module-lexer-1.2.3.tgz. Extracting by manifest.
2522 silly tarball no local data for throttleit@https://registry.npmjs.org/throttleit/-/throttleit-2.1.0.tgz. Extracting by manifest.
2523 silly tarball no local data for is-node-process@https://registry.npmjs.org/is-node-process/-/is-node-process-1.2.0.tgz. Extracting by manifest.
2524 silly tarball no local data for is-buffer@https://registry.npmjs.org/is-buffer/-/is-buffer-2.0.5.tgz. Extracting by manifest.
2525 silly tarball no local data for async-retry@https://registry.npmjs.org/async-retry/-/async-retry-1.3.3.tgz. Extracting by manifest.
2526 silly tarball no local data for tsx@https://registry.npmjs.org/tsx/-/tsx-4.21.0.tgz. Extracting by manifest.
2527 silly tarball no local data for resolve.exports@https://registry.npmjs.org/resolve.exports/-/resolve.exports-2.0.3.tgz. Extracting by manifest.
2528 silly tarball no local data for rolldown@https://registry.npmjs.org/rolldown/-/rolldown-1.0.0-rc.1.tgz. Extracting by manifest.
2529 silly tarball no local data for srvx@https://registry.npmjs.org/srvx/-/srvx-0.8.9.tgz. Extracting by manifest.
2530 silly tarball no local data for path-to-regexp@https://registry.npmjs.org/path-to-regexp/-/path-to-regexp-8.3.0.tgz. Extracting by manifest.
2531 silly tarball no local data for @vercel/nft@https://registry.npmjs.org/@vercel/nft/-/nft-1.5.0.tgz. Extracting by manifest.
2532 silly tarball no local data for fs-extra@https://registry.npmjs.org/fs-extra/-/fs-extra-11.1.0.tgz. Extracting by manifest.
2533 silly tarball no local data for oxc-transform@https://registry.npmjs.org/oxc-transform/-/oxc-transform-0.111.0.tgz. Extracting by manifest.
2534 silly tarball no local data for execa@https://registry.npmjs.org/execa/-/execa-3.2.0.tgz. Extracting by manifest.
2535 silly tarball no local data for zod@https://registry.npmjs.org/zod/-/zod-4.1.11.tgz. Extracting by manifest.
2536 silly tarball no local data for smol-toml@https://registry.npmjs.org/smol-toml/-/smol-toml-1.5.2.tgz. Extracting by manifest.
2537 silly tarball no local data for luxon@https://registry.npmjs.org/luxon/-/luxon-3.7.2.tgz. Extracting by manifest.
2538 silly tarball no local data for sandbox@https://registry.npmjs.org/sandbox/-/sandbox-2.5.6.tgz. Extracting by manifest.
2539 silly tarball no local data for proxy-agent@https://registry.npmjs.org/proxy-agent/-/proxy-agent-6.4.0.tgz. Extracting by manifest.
2540 silly tarball no local data for jose@https://registry.npmjs.org/jose/-/jose-5.9.6.tgz. Extracting by manifest.
2541 silly tarball no local data for esbuild@https://registry.npmjs.org/esbuild/-/esbuild-0.27.0.tgz. Extracting by manifest.
2542 silly tarball no local data for form-data@https://registry.npmjs.org/form-data/-/form-data-4.0.5.tgz. Extracting by manifest.
2543 silly tarball no local data for @vercel/static-build@https://registry.npmjs.org/@vercel/static-build/-/static-build-2.9.30.tgz. Extracting by manifest.
2544 silly tarball no local data for chokidar@https://registry.npmjs.org/chokidar/-/chokidar-4.0.0.tgz. Extracting by manifest.
2545 silly tarball no local data for @vercel/rust@https://registry.npmjs.org/@vercel/rust/-/rust-1.2.0.tgz. Extracting by manifest.
2546 silly tarball no local data for @vercel/ruby@https://registry.npmjs.org/@vercel/ruby/-/ruby-2.3.2.tgz. Extracting by manifest.
2547 silly tarball no local data for @vercel/python@https://registry.npmjs.org/@vercel/python/-/python-6.43.1.tgz. Extracting by manifest.
2548 silly tarball no local data for @vercel/remix-builder@https://registry.npmjs.org/@vercel/remix-builder/-/remix-builder-5.8.2.tgz. Extracting by manifest.
2549 silly tarball no local data for @vercel/next@https://registry.npmjs.org/@vercel/next/-/next-4.17.4.tgz. Extracting by manifest.
2550 silly tarball no local data for @vercel/redwood@https://registry.npmjs.org/@vercel/redwood/-/redwood-2.4.13.tgz. Extracting by manifest.
2551 silly tarball no local data for @vercel/nestjs@https://registry.npmjs.org/@vercel/nestjs/-/nestjs-0.2.84.tgz. Extracting by manifest.
2552 silly tarball no local data for @vercel/prepare-flags-definitions@https://registry.npmjs.org/@vercel/prepare-flags-definitions/-/prepare-flags-definitions-0.2.1.tgz. Extracting by manifest.
2553 silly tarball no local data for @vercel/node@https://registry.npmjs.org/@vercel/node/-/node-5.8.4.tgz. Extracting by manifest.
2554 silly tarball no local data for @vercel/koa@https://registry.npmjs.org/@vercel/koa/-/koa-0.1.63.tgz. Extracting by manifest.
2555 silly tarball no local data for @vercel/hydrogen@https://registry.npmjs.org/@vercel/hydrogen/-/hydrogen-1.3.7.tgz. Extracting by manifest.
2556 silly tarball no local data for @vercel/h3@https://registry.npmjs.org/@vercel/h3/-/h3-0.1.89.tgz. Extracting by manifest.
2557 silly tarball no local data for @vercel/hono@https://registry.npmjs.org/@vercel/hono/-/hono-0.2.83.tgz. Extracting by manifest.
2558 silly tarball no local data for @vercel/go@https://registry.npmjs.org/@vercel/go/-/go-3.7.1.tgz. Extracting by manifest.
2559 silly tarball no local data for @vercel/fun@https://registry.npmjs.org/@vercel/fun/-/fun-1.3.0.tgz. Extracting by manifest.
2560 silly tarball no local data for @vercel/cli-config@https://registry.npmjs.org/@vercel/cli-config/-/cli-config-0.1.2.tgz. Extracting by manifest.
2561 silly tarball no local data for @vercel/fastify@https://registry.npmjs.org/@vercel/fastify/-/fastify-0.1.83.tgz. Extracting by manifest.
2562 silly tarball no local data for @vercel/detect-agent@https://registry.npmjs.org/@vercel/detect-agent/-/detect-agent-1.2.3.tgz. Extracting by manifest.
2563 silly tarball no local data for @vercel/express@https://registry.npmjs.org/@vercel/express/-/express-0.1.90.tgz. Extracting by manifest.
2564 silly tarball no local data for vercel@https://registry.npmjs.org/vercel/-/vercel-54.4.1.tgz. Extracting by manifest.
2565 silly tarball no local data for @vercel/elysia@https://registry.npmjs.org/@vercel/elysia/-/elysia-0.1.80.tgz. Extracting by manifest.
2566 silly tarball no local data for @vercel/backends@https://registry.npmjs.org/@vercel/backends/-/backends-0.7.2.tgz. Extracting by manifest.
2567 silly tarball no local data for @vercel/blob@https://registry.npmjs.org/@vercel/blob/-/blob-2.4.0.tgz. Extracting by manifest.
2568 silly tarball no local data for picomatch@https://registry.npmjs.org/picomatch/-/picomatch-2.3.2.tgz. Extracting by manifest.
2569 silly tarball no local data for minimatch@https://registry.npmjs.org/minimatch/-/minimatch-3.1.5.tgz. Extracting by manifest.
2570 silly tarball no local data for @vercel/build-utils@https://registry.npmjs.org/@vercel/build-utils/-/build-utils-13.26.1.tgz. Extracting by manifest.
2571 silly tarball no local data for xdg-app-paths@https://registry.npmjs.org/xdg-app-paths/-/xdg-app-paths-5.1.0.tgz. Extracting by manifest.
2572 silly tarball no local data for undici@https://registry.npmjs.org/undici/-/undici-7.25.0.tgz. Extracting by manifest.
2573 silly tarball no local data for ms@https://registry.npmjs.org/ms/-/ms-2.1.3.tgz. Extracting by manifest.
2574 silly tarball no local data for picocolors@https://registry.npmjs.org/picocolors/-/picocolors-1.1.1.tgz. Extracting by manifest.
2575 silly tarball no local data for async-listen@https://registry.npmjs.org/async-listen/-/async-listen-3.0.1.tgz. Extracting by manifest.
2576 silly tarball no local data for balanced-match@https://registry.npmjs.org/balanced-match/-/balanced-match-4.0.4.tgz. Extracting by manifest.
2577 silly tarball no local data for zod@https://registry.npmjs.org/zod/-/zod-3.24.4.tgz. Extracting by manifest.
2578 silly tarball no local data for minimatch@https://registry.npmjs.org/minimatch/-/minimatch-10.2.5.tgz. Extracting by manifest.
2579 silly tarball no local data for yallist@https://registry.npmjs.org/yallist/-/yallist-4.0.0.tgz. Extracting by manifest.
2580 silly tarball no local data for once@https://registry.npmjs.org/once/-/once-1.3.3.tgz. Extracting by manifest.
2581 silly tarball no local data for lru-cache@https://registry.npmjs.org/lru-cache/-/lru-cache-6.0.0.tgz. Extracting by manifest.
2582 silly tarball no local data for end-of-stream@https://registry.npmjs.org/end-of-stream/-/end-of-stream-1.1.0.tgz. Extracting by manifest.
2583 silly tarball no local data for brace-expansion@https://registry.npmjs.org/brace-expansion/-/brace-expansion-5.0.6.tgz. Extracting by manifest.
2584 silly tarball no local data for ms@https://registry.npmjs.org/ms/-/ms-2.1.2.tgz. Extracting by manifest.
2585 silly tarball no local data for fs-extra@https://registry.npmjs.org/fs-extra/-/fs-extra-11.1.1.tgz. Extracting by manifest.
2586 silly tarball no local data for zod@https://registry.npmjs.org/zod/-/zod-3.22.4.tgz. Extracting by manifest.
2587 silly tarball no local data for ms@https://registry.npmjs.org/ms/-/ms-2.1.3.tgz. Extracting by manifest.
2588 silly tarball no local data for signal-exit@https://registry.npmjs.org/signal-exit/-/signal-exit-3.0.7.tgz. Extracting by manifest.
2589 silly tarball no local data for debug@https://registry.npmjs.org/debug/-/debug-4.4.3.tgz. Extracting by manifest.
2590 silly tarball no local data for signal-exit@https://registry.npmjs.org/signal-exit/-/signal-exit-3.0.7.tgz. Extracting by manifest.
2591 silly tarball no local data for lru-cache@https://registry.npmjs.org/lru-cache/-/lru-cache-7.18.3.tgz. Extracting by manifest.
2592 silly tarball no local data for undici@https://registry.npmjs.org/undici/-/undici-5.28.4.tgz. Extracting by manifest.
2593 silly tarball no local data for get-stream@https://registry.npmjs.org/get-stream/-/get-stream-6.0.1.tgz. Extracting by manifest.
2594 silly tarball no local data for human-signals@https://registry.npmjs.org/human-signals/-/human-signals-2.1.0.tgz. Extracting by manifest.
2595 silly tarball no local data for execa@https://registry.npmjs.org/execa/-/execa-5.1.1.tgz. Extracting by manifest.
2596 silly tarball no local data for path-to-regexp@https://registry.npmjs.org/path-to-regexp/-/path-to-regexp-6.1.0.tgz. Extracting by manifest.
2597 silly tarball no local data for path-to-regexp@https://registry.npmjs.org/path-to-regexp/-/path-to-regexp-6.1.0.tgz. Extracting by manifest.
2598 silly tarball no local data for semver@https://registry.npmjs.org/semver/-/semver-6.3.1.tgz. Extracting by manifest.
2599 silly tarball no local data for zod@https://registry.npmjs.org/zod/-/zod-3.22.4.tgz. Extracting by manifest.
2600 silly tarball no local data for node-fetch@https://registry.npmjs.org/node-fetch/-/node-fetch-2.6.9.tgz. Extracting by manifest.
2601 silly tarball no local data for es-module-lexer@https://registry.npmjs.org/es-module-lexer/-/es-module-lexer-1.4.1.tgz. Extracting by manifest.
2602 silly tarball no local data for async-listen@https://registry.npmjs.org/async-listen/-/async-listen-3.0.0.tgz. Extracting by manifest.
2603 silly tarball no local data for xdg-app-paths@https://registry.npmjs.org/xdg-app-paths/-/xdg-app-paths-5.1.0.tgz. Extracting by manifest.
2604 silly tarball no local data for path-to-regexp@https://registry.npmjs.org/path-to-regexp/-/path-to-regexp-8.2.0.tgz. Extracting by manifest.
2605 silly tarball no local data for zod@https://registry.npmjs.org/zod/-/zod-3.22.4.tgz. Extracting by manifest.
2606 silly tarball no local data for zod@https://registry.npmjs.org/zod/-/zod-3.22.4.tgz. Extracting by manifest.
2607 http fetch POST 200 https://registry.npmjs.org/-/npm/v1/security/advisories/bulk 587ms
2608 silly audit report {
2608 silly audit report   'smol-toml': [
2608 silly audit report     {
2608 silly audit report       id: 1115393,
2608 silly audit report       url: 'https://github.com/advisories/GHSA-v3rj-xjv7-4jmq',
2608 silly audit report       title: 'smol-toml: Denial of Service via TOML documents containing thousands of consecutive commented lines',
2608 silly audit report       severity: 'moderate',
2608 silly audit report       vulnerable_versions: '<1.6.1',
2608 silly audit report       cwe: [Array],
2608 silly audit report       cvss: [Object]
2608 silly audit report     }
2608 silly audit report   ],
2608 silly audit report   'path-to-regexp': [
2608 silly audit report     {
2608 silly audit report       id: 1101846,
2608 silly audit report       url: 'https://github.com/advisories/GHSA-9wv6-86v2-598j',
2608 silly audit report       title: 'path-to-regexp outputs backtracking regular expressions',
2608 silly audit report       severity: 'high',
2608 silly audit report       vulnerable_versions: '>=4.0.0 <6.3.0',
2608 silly audit report       cwe: [Array],
2608 silly audit report       cvss: [Object]
2608 silly audit report     },
2608 silly audit report     {
2608 silly audit report       id: 1115573,
2608 silly audit report       url: 'https://github.com/advisories/GHSA-j3q9-mxjg-w52f',
2608 silly audit report       title: 'path-to-regexp vulnerable to Denial of Service via sequential optional groups',
2608 silly audit report       severity: 'high',
2608 silly audit report       vulnerable_versions: '>=8.0.0 <8.4.0',
2608 silly audit report       cwe: [Array],
2608 silly audit report       cvss: [Object]
2608 silly audit report     },
2608 silly audit report     {
2608 silly audit report       id: 1115582,
2608 silly audit report       url: 'https://github.com/advisories/GHSA-27v5-c462-wpq7',
2608 silly audit report       title: 'path-to-regexp vulnerable to Regular Expression Denial of Service via multiple wildcards',
2608 silly audit report       severity: 'moderate',
2608 silly audit report       vulnerable_versions: '>=8.0.0 <8.4.0',
2608 silly audit report       cwe: [Array],
2608 silly audit report       cvss: [Object]
2608 silly audit report     }
2608 silly audit report   ],
2608 silly audit report   srvx: [
2608 silly audit report     {
2608 silly audit report       id: 1115537,
2608 silly audit report       url: 'https://github.com/advisories/GHSA-p36q-q72m-gchr',
2608 silly audit report       title: 'srvx is vulnerable to middleware bypass via absolute URI in request line ',
2608 silly audit report       severity: 'moderate',
2608 silly audit report       vulnerable_versions: '<0.11.13',
2608 silly audit report       cwe: [Array],
2608 silly audit report       cvss: [Object]
2608 silly audit report     }
2608 silly audit report   ],
2608 silly audit report   undici: [
2608 silly audit report     {
2608 silly audit report       id: 1101610,
2608 silly audit report       url: 'https://github.com/advisories/GHSA-c76h-2ccp-4975',
2608 silly audit report       title: 'Use of Insufficiently Random Values in undici',
2608 silly audit report       severity: 'moderate',
2608 silly audit report       vulnerable_versions: '>=4.5.0 <5.28.5',
2608 silly audit report       cwe: [Array],
2608 silly audit report       cvss: [Object]
2608 silly audit report     },
2608 silly audit report     {
2608 silly audit report       id: 1112496,
2608 silly audit report       url: 'https://github.com/advisories/GHSA-g9mf-h72j-4rw9',
2608 silly audit report       title: 'Undici has an unbounded decompression chain in HTTP responses on Node.js Fetch API via Content-Encoding leads to resource exhaustion',
2608 silly audit report       severity: 'moderate',
2608 silly audit report       vulnerable_versions: '<6.23.0',
2608 silly audit report       cwe: [Array],
2608 silly audit report       cvss: [Object]
2608 silly audit report     },
2608 silly audit report     {
2608 silly audit report       id: 1113069,
2608 silly audit report       url: 'https://github.com/advisories/GHSA-cxrh-j4jr-qwg3',
2608 silly audit report       title: 'undici Denial of Service attack via bad certificate data',
2608 silly audit report       severity: 'low',
2608 silly audit report       vulnerable_versions: '<5.29.0',
2608 silly audit report       cwe: [Array],
2608 silly audit report       cvss: [Object]
2608 silly audit report     },
2608 silly audit report     {
2608 silly audit report       id: 1114594,
2608 silly audit report       url: 'https://github.com/advisories/GHSA-2mjp-6q6p-2qxm',
2608 silly audit report       title: 'Undici has an HTTP Request/Response Smuggling issue',
2608 silly audit report       severity: 'moderate',
2608 silly audit report       vulnerable_versions: '<6.24.0',
2608 silly audit report       cwe: [Array],
2608 silly audit report       cvss: [Object]
2608 silly audit report     },
2608 silly audit report     {
2608 silly audit report       id: 1114638,
2608 silly audit report       url: 'https://github.com/advisories/GHSA-vrm6-8vpv-qv8q',
2608 silly audit report       title: 'Undici has Unbounded Memory Consumption in WebSocket permessage-deflate Decompression',
2608 silly audit report       severity: 'high',
2608 silly audit report       vulnerable_versions: '<6.24.0',
2608 silly audit report       cwe: [Array],
2608 silly audit report       cvss: [Object]
2608 silly audit report     },
2608 silly audit report     {
2608 silly audit report       id: 1114640,
2608 silly audit report       url: 'https://github.com/advisories/GHSA-v9p9-hfj2-hcw8',
2608 silly audit report       title: 'Undici has Unhandled Exception in WebSocket Client Due to Invalid server_max_window_bits Validation',
2608 silly audit report       severity: 'high',
2608 silly audit report       vulnerable_versions: '<6.24.0',
2608 silly audit report       cwe: [Array],
2608 silly audit report       cvss: [Object]
2608 silly audit report     },
2608 silly audit report     {
2608 silly audit report       id: 1114642,
2608 silly audit report       url: 'https://github.com/advisories/GHSA-4992-7rv2-5pvq',
2608 silly audit report       title: 'Undici has CRLF Injection in undici via `upgrade` option',
2608 silly audit report       severity: 'moderate',
2608 silly audit report       vulnerable_versions: '<6.24.0',
2608 silly audit report       cwe: [Array],
2608 silly audit report       cvss: [Object]
2608 silly audit report     }
2608 silly audit report   ],
2608 silly audit report   '@tootallnate/once': [
2608 silly audit report     {
2608 silly audit report       id: 1119438,
2608 silly audit report       url: 'https://github.com/advisories/GHSA-vpq2-c234-7xj6',
2608 silly audit report       title: '@tootallnate/once vulnerable to Incorrect Control Flow Scoping',
2608 silly audit report       severity: 'low',
2608 silly audit report       vulnerable_versions: '<2.0.1',
2608 silly audit report       cwe: [Array],
2608 silly audit report       cvss: [Object]
2608 silly audit report     }
2608 silly audit report   ],
2608 silly audit report   tar: [
2608 silly audit report     {
2608 silly audit report       id: 1113375,
2608 silly audit report       url: 'https://github.com/advisories/GHSA-83g3-92jg-28cx',
2608 silly audit report       title: 'Arbitrary File Read/Write via Hardlink Target Escape Through Symlink Chain in node-tar Extraction',
2608 silly audit report       severity: 'high',
2608 silly audit report       vulnerable_versions: '<7.5.8',
2608 silly audit report       cwe: [Array],
2608 silly audit report       cvss: [Object]
2608 silly audit report     },
2608 silly audit report     {
2608 silly audit report       id: 1114200,
2608 silly audit report       url: 'https://github.com/advisories/GHSA-qffp-2rhf-9h96',
2608 silly audit report       title: 'tar has Hardlink Path Traversal via Drive-Relative Linkpath',
2608 silly audit report       severity: 'high',
2608 silly audit report       vulnerable_versions: '<=7.5.9',
2608 silly audit report       cwe: [Array],
2608 silly audit report       cvss: [Object]
2608 silly audit report     },
2608 silly audit report     {
2608 silly audit report       id: 1114302,
2608 silly audit report       url: 'https://github.com/advisories/GHSA-9ppj-qmqm-q256',
2608 silly audit report       title: 'node-tar Symlink Path Traversal via Drive-Relative Linkpath',
2608 silly audit report       severity: 'high',
2608 silly audit report       vulnerable_versions: '<=7.5.10',
2608 silly audit report       cwe: [Array],
2608 silly audit report       cvss: [Object]
2608 silly audit report     }
2608 silly audit report   ],
2608 silly audit report   minimatch: [
2608 silly audit report     {
2608 silly audit report       id: 1113466,
2608 silly audit report       url: 'https://github.com/advisories/GHSA-3ppc-4f35-3m26',
2608 silly audit report       title: 'minimatch has a ReDoS via repeated wildcards with non-matching literal in pattern',
2608 silly audit report       severity: 'high',
2608 silly audit report       vulnerable_versions: '>=10.0.0 <10.2.1',
2608 silly audit report       cwe: [Array],
2608 silly audit report       cvss: [Object]
2608 silly audit report     },
2608 silly audit report     {
2608 silly audit report       id: 1113545,
2608 silly audit report       url: 'https://github.com/advisories/GHSA-7r86-cg39-jmmj',
2608 silly audit report       title: 'minimatch has ReDoS: matchOne() combinatorial backtracking via multiple non-adjacent GLOBSTAR segments',
2608 silly audit report       severity: 'high',
2608 silly audit report       vulnerable_versions: '>=10.0.0 <10.2.3',
2608 silly audit report       cwe: [Array],
2608 silly audit report       cvss: [Object]
2608 silly audit report     },
2608 silly audit report     {
2608 silly audit report       id: 1113553,
2608 silly audit report       url: 'https://github.com/advisories/GHSA-23c5-xmqv-rm74',
2608 silly audit report       title: 'minimatch ReDoS: nested *() extglobs generate catastrophically backtracking regular expressions',
2608 silly audit report       severity: 'high',
2608 silly audit report       vulnerable_versions: '>=10.0.0 <10.2.3',
2608 silly audit report       cwe: [Array],
2608 silly audit report       cvss: [Object]
2608 silly audit report     }
2608 silly audit report   ],
2608 silly audit report   ajv: [
2608 silly audit report     {
2608 silly audit report       id: 1113715,
2608 silly audit report       url: 'https://github.com/advisories/GHSA-2g4f-4pwh-qvx6',
2608 silly audit report       title: 'ajv has ReDoS when using `$data` option',
2608 silly audit report       severity: 'moderate',
2608 silly audit report       vulnerable_versions: '>=7.0.0-alpha.0 <8.18.0',
2608 silly audit report       cwe: [Array],
2608 silly audit report       cvss: [Object]
2608 silly audit report     }
2608 silly audit report   ]
2608 silly audit report }
2609 silly packumentCache corgi:https://registry.npmjs.org/smol-toml cache-miss
2610 silly packumentCache corgi:https://registry.npmjs.org/path-to-regexp cache-miss
2611 silly packumentCache corgi:https://registry.npmjs.org/srvx cache-miss
2612 silly packumentCache corgi:https://registry.npmjs.org/undici cache-miss
2613 silly packumentCache corgi:https://registry.npmjs.org/@tootallnate%2fonce cache-miss
2614 silly packumentCache corgi:https://registry.npmjs.org/tar cache-miss
2615 silly packumentCache corgi:https://registry.npmjs.org/minimatch cache-miss
2616 silly packumentCache corgi:https://registry.npmjs.org/ajv cache-miss
2617 http fetch GET 200 https://registry.npmjs.org/brace-expansion/-/brace-expansion-1.1.14.tgz 638ms (cache miss)
2618 http fetch GET 200 https://registry.npmjs.org/concat-map/-/concat-map-0.0.1.tgz 639ms (cache miss)
2619 http fetch GET 200 https://registry.npmjs.org/yauzl-clone/-/yauzl-clone-1.0.4.tgz 636ms (cache miss)
2620 http fetch GET 200 https://registry.npmjs.org/webidl-conversions/-/webidl-conversions-3.0.1.tgz 635ms (cache miss)
2621 http fetch GET 200 https://registry.npmjs.org/resolve-pkg-maps/-/resolve-pkg-maps-1.0.0.tgz 645ms (cache miss)
2622 http fetch GET 200 https://registry.npmjs.org/to-regex-range/-/to-regex-range-5.0.1.tgz 645ms (cache miss)
2623 http fetch GET 200 https://registry.npmjs.org/balanced-match/-/balanced-match-1.0.2.tgz 673ms (cache miss)
2624 http fetch GET 200 https://registry.npmjs.org/events-intercept/-/events-intercept-2.0.0.tgz 673ms (cache miss)
2625 http fetch GET 200 https://registry.npmjs.org/isexe/-/isexe-2.0.0.tgz 671ms (cache miss)
2626 http fetch GET 200 https://registry.npmjs.org/buffer-crc32/-/buffer-crc32-0.2.13.tgz 673ms (cache miss)
2627 http fetch GET 200 https://registry.npmjs.org/pend/-/pend-1.2.0.tgz 673ms (cache miss)
2628 http fetch GET 200 https://registry.npmjs.org/fd-slicer/-/fd-slicer-1.1.0.tgz 676ms (cache miss)
2629 http fetch GET 200 https://registry.npmjs.org/reusify/-/reusify-1.1.0.tgz 670ms (cache miss)
2630 http fetch GET 200 https://registry.npmjs.org/is-glob/-/is-glob-4.0.3.tgz 670ms (cache miss)
2631 http fetch GET 200 https://registry.npmjs.org/yauzl/-/yauzl-2.10.0.tgz 692ms (cache miss)
2632 http fetch GET 200 https://registry.npmjs.org/is-extglob/-/is-extglob-2.1.1.tgz 688ms (cache miss)
2633 http fetch GET 200 https://registry.npmjs.org/fill-range/-/fill-range-7.1.1.tgz 690ms (cache miss)
2634 http fetch GET 200 https://registry.npmjs.org/queue-microtask/-/queue-microtask-1.2.3.tgz 691ms (cache miss)
2635 http fetch GET 200 https://registry.npmjs.org/glob-parent/-/glob-parent-5.1.2.tgz 688ms (cache miss)
2636 http fetch GET 200 https://registry.npmjs.org/xdg-portable/-/xdg-portable-7.3.0.tgz 706ms (cache miss)
2637 http fetch GET 200 https://registry.npmjs.org/fastq/-/fastq-1.20.1.tgz 702ms (cache miss)
2638 http fetch GET 200 https://registry.npmjs.org/run-parallel/-/run-parallel-1.2.0.tgz 702ms (cache miss)
2639 http fetch GET 200 https://registry.npmjs.org/merge2/-/merge2-1.4.1.tgz 703ms (cache miss)
2640 http fetch GET 200 https://registry.npmjs.org/is-number/-/is-number-7.0.0.tgz 717ms (cache miss)
2641 http fetch GET 200 https://registry.npmjs.org/punycode/-/punycode-2.3.1.tgz 720ms (cache miss)
2642 http fetch GET 200 https://registry.npmjs.org/@nodelib/fs.scandir/-/fs.scandir-2.1.5.tgz 717ms (cache miss)
2643 http fetch GET 200 https://registry.npmjs.org/text-decoder/-/text-decoder-1.2.7.tgz 710ms (cache miss)
2644 http fetch GET 200 https://registry.npmjs.org/@nodelib/fs.stat/-/fs.stat-2.0.5.tgz 714ms (cache miss)
2645 http fetch GET 200 https://registry.npmjs.org/events-universal/-/events-universal-1.0.1.tgz 713ms (cache miss)
2646 http fetch GET 200 https://registry.npmjs.org/micromatch/-/micromatch-4.0.8.tgz 729ms (cache miss)
2647 http fetch GET 200 https://registry.npmjs.org/code-block-writer/-/code-block-writer-10.1.1.tgz 727ms (cache miss)
2648 http fetch GET 200 https://registry.npmjs.org/fast-fifo/-/fast-fifo-1.3.2.tgz 726ms (cache miss)
2649 http fetch GET 200 https://registry.npmjs.org/streamx/-/streamx-2.25.0.tgz 727ms (cache miss)
2650 http fetch GET 200 https://registry.npmjs.org/stream-to-array/-/stream-to-array-2.3.0.tgz 744ms (cache miss)
2651 http fetch GET 200 https://registry.npmjs.org/any-promise/-/any-promise-1.3.0.tgz 745ms (cache miss)
2652 http fetch GET 200 https://registry.npmjs.org/tar-stream/-/tar-stream-3.1.7.tgz 769ms (cache miss)
2653 http fetch GET 200 https://registry.npmjs.org/shebang-regex/-/shebang-regex-3.0.0.tgz 770ms (cache miss)
2654 http fetch GET 200 https://registry.npmjs.org/convert-hrtime/-/convert-hrtime-3.0.0.tgz 807ms (cache miss)
2655 http fetch GET 200 https://registry.npmjs.org/chownr/-/chownr-3.0.0.tgz 802ms (cache miss)
2656 http fetch GET 200 https://registry.npmjs.org/toidentifier/-/toidentifier-1.0.0.tgz 799ms (cache miss)
2657 http fetch GET 200 https://registry.npmjs.org/statuses/-/statuses-1.5.0.tgz 798ms (cache miss)
2658 http fetch GET 200 https://registry.npmjs.org/jsonlines/-/jsonlines-0.1.1.tgz 816ms (cache miss)
2659 http fetch GET 200 https://registry.npmjs.org/setprototypeof/-/setprototypeof-1.1.1.tgz 813ms (cache miss)
2660 http fetch GET 200 https://registry.npmjs.org/unpipe/-/unpipe-1.0.0.tgz 843ms (cache miss)
2661 http fetch GET 200 https://registry.npmjs.org/inherits/-/inherits-2.0.4.tgz 865ms (cache miss)
2662 http fetch GET 200 https://registry.npmjs.org/once/-/once-1.4.0.tgz 863ms (cache miss)
2663 http fetch GET 200 https://registry.npmjs.org/wrappy/-/wrappy-1.0.2.tgz 863ms (cache miss)
2664 http fetch GET 200 https://registry.npmjs.org/esutils/-/esutils-2.0.3.tgz 863ms (cache miss)
2665 http fetch GET 200 https://registry.npmjs.org/bytes/-/bytes-3.1.0.tgz 868ms (cache miss)
2666 http fetch GET 200 https://registry.npmjs.org/http-errors/-/http-errors-1.7.3.tgz 876ms (cache miss)
2667 http fetch GET 200 https://registry.npmjs.org/estraverse/-/estraverse-5.3.0.tgz 873ms (cache miss)
2668 http fetch GET 200 https://registry.npmjs.org/cookie-es/-/cookie-es-2.0.1.tgz 886ms (cache miss)
2669 http fetch GET 200 https://registry.npmjs.org/netmask/-/netmask-2.1.1.tgz 886ms (cache miss)
2670 http fetch GET 200 https://registry.npmjs.org/os-paths/-/os-paths-4.4.0.tgz 917ms (cache miss)
2671 http fetch GET 200 https://registry.npmjs.org/end-of-stream/-/end-of-stream-1.4.5.tgz 891ms (cache miss)
2672 http fetch GET 200 https://registry.npmjs.org/get-uri/-/get-uri-6.0.5.tgz 904ms (cache miss)
2673 http fetch GET 200 https://registry.npmjs.org/degenerator/-/degenerator-5.0.1.tgz 929ms (cache miss)
2674 http fetch GET 200 https://registry.npmjs.org/data-uri-to-buffer/-/data-uri-to-buffer-6.0.2.tgz 931ms (cache miss)
2675 http fetch GET 200 https://registry.npmjs.org/socks-proxy-agent/-/socks-proxy-agent-8.0.5.tgz 939ms (cache miss)
2676 http fetch GET 200 https://registry.npmjs.org/proxy-from-env/-/proxy-from-env-1.1.0.tgz 939ms (cache miss)
2677 http fetch GET 200 https://registry.npmjs.org/abbrev/-/abbrev-3.0.1.tgz 950ms (cache miss)
2678 http fetch GET 200 https://registry.npmjs.org/parse-ms/-/parse-ms-2.1.0.tgz 965ms (cache miss)
2679 http fetch GET 200 https://registry.npmjs.org/@oxc-project/types/-/types-0.110.0.tgz 980ms (cache miss)
2680 http fetch GET 200 https://registry.npmjs.org/mimic-fn/-/mimic-fn-2.1.0.tgz 964ms (cache miss)
2681 http fetch GET 200 https://registry.npmjs.org/http-proxy-agent/-/http-proxy-agent-7.0.2.tgz 979ms (cache miss)
2682 http fetch GET 200 https://registry.npmjs.org/@rolldown/pluginutils/-/pluginutils-1.0.0-rc.1.tgz 992ms (cache miss)
2683 http fetch GET 200 https://registry.npmjs.org/@isaacs/balanced-match/-/balanced-match-4.0.1.tgz 975ms (cache miss)
2684 http fetch GET 200 https://registry.npmjs.org/whatwg-url/-/whatwg-url-5.0.0.tgz 988ms (cache miss)
2685 http fetch GET 200 https://registry.npmjs.org/agent-base/-/agent-base-7.1.4.tgz 986ms (cache miss)
2686 http fetch GET 200 https://registry.npmjs.org/arg/-/arg-4.1.0.tgz 987ms (cache miss)
2687 http fetch GET 200 https://registry.npmjs.org/safer-buffer/-/safer-buffer-2.1.2.tgz 1016ms (cache miss)
2688 http fetch GET 200 https://registry.npmjs.org/has-symbols/-/has-symbols-1.1.0.tgz 995ms (cache miss)
2689 http fetch GET 200 https://registry.npmjs.org/dunder-proto/-/dunder-proto-1.0.1.tgz 998ms (cache miss)
2690 http fetch GET 200 https://registry.npmjs.org/content-type/-/content-type-1.0.4.tgz 1015ms (cache miss)
2691 http fetch GET 200 https://registry.npmjs.org/raw-body/-/raw-body-2.4.1.tgz 1015ms (cache miss)
2692 http fetch GET 200 https://registry.npmjs.org/es-define-property/-/es-define-property-1.0.1.tgz 1011ms (cache miss)
2693 http fetch GET 200 https://registry.npmjs.org/get-proto/-/get-proto-1.0.1.tgz 1015ms (cache miss)
2694 http fetch GET 200 https://registry.npmjs.org/call-bind-apply-helpers/-/call-bind-apply-helpers-1.0.2.tgz 1021ms (cache miss)
2695 http fetch GET 200 https://registry.npmjs.org/es-errors/-/es-errors-1.3.0.tgz 1021ms (cache miss)
2696 http fetch GET 200 https://registry.npmjs.org/universalify/-/universalify-2.0.1.tgz 1022ms (cache miss)
2697 http fetch GET 200 https://registry.npmjs.org/hasown/-/hasown-2.0.3.tgz 1021ms (cache miss)
2698 http fetch GET 200 https://registry.npmjs.org/has-tostringtag/-/has-tostringtag-1.0.2.tgz 1021ms (cache miss)
2699 http fetch GET 200 https://registry.npmjs.org/es-object-atoms/-/es-object-atoms-1.1.2.tgz 1030ms (cache miss)
2700 http fetch GET 200 https://registry.npmjs.org/get-tsconfig/-/get-tsconfig-4.14.0.tgz 1084ms (cache miss)
2701 http fetch GET 200 https://registry.npmjs.org/jsonfile/-/jsonfile-6.2.1.tgz 1041ms (cache miss)
2702 http fetch GET 200 https://registry.npmjs.org/shebang-command/-/shebang-command-2.0.0.tgz 1037ms (cache miss)
2703 http fetch GET 200 https://registry.npmjs.org/which/-/which-2.0.2.tgz 1041ms (cache miss)
2704 http fetch GET 200 https://registry.npmjs.org/path-key/-/path-key-3.1.1.tgz 1042ms (cache miss)
2705 http fetch GET 200 https://registry.npmjs.org/asynckit/-/asynckit-0.4.0.tgz 1042ms (cache miss)
2706 http fetch GET 200 https://registry.npmjs.org/combined-stream/-/combined-stream-1.0.8.tgz 1054ms (cache miss)
2707 http fetch GET 200 https://registry.npmjs.org/strip-final-newline/-/strip-final-newline-2.0.0.tgz 1052ms (cache miss)
2708 http fetch GET 200 https://registry.npmjs.org/npm-run-path/-/npm-run-path-4.0.1.tgz 1052ms (cache miss)
2709 http fetch GET 200 https://registry.npmjs.org/human-signals/-/human-signals-1.1.1.tgz 1050ms (cache miss)
2710 http fetch GET 200 https://registry.npmjs.org/merge-stream/-/merge-stream-2.0.0.tgz 1051ms (cache miss)
2711 http fetch GET 200 https://registry.npmjs.org/bare-events/-/bare-events-2.8.3.tgz 1095ms (cache miss)
2712 http fetch GET 200 https://registry.npmjs.org/p-finally/-/p-finally-2.0.1.tgz 1066ms (cache miss)
2713 http fetch GET 200 https://registry.npmjs.org/is-stream/-/is-stream-2.0.1.tgz 1063ms (cache miss)
2714 http fetch GET 200 https://registry.npmjs.org/@types/json-schema/-/json-schema-7.0.15.tgz 1079ms (cache miss)
2715 http fetch GET 200 https://registry.npmjs.org/escodegen/-/escodegen-2.1.0.tgz 1091ms (cache miss)
2716 http fetch GET 200 https://registry.npmjs.org/onetime/-/onetime-5.1.2.tgz 1076ms (cache miss)
2717 http fetch GET 200 https://registry.npmjs.org/pretty-ms/-/pretty-ms-7.0.1.tgz 1070ms (cache miss)
2718 http fetch GET 200 https://registry.npmjs.org/picocolors/-/picocolors-1.0.0.tgz 1071ms (cache miss)
2719 http fetch GET 200 https://registry.npmjs.org/@isaacs/brace-expansion/-/brace-expansion-5.0.1.tgz 1099ms (cache miss)
2720 http fetch GET 200 https://registry.npmjs.org/time-span/-/time-span-4.0.0.tgz 1081ms (cache miss)
2721 http fetch GET 200 https://registry.npmjs.org/readdirp/-/readdirp-4.1.2.tgz 1077ms (cache miss)
2722 http fetch GET 200 https://registry.npmjs.org/mri/-/mri-1.2.0.tgz 1090ms (cache miss)
2723 http fetch GET 200 https://registry.npmjs.org/tr46/-/tr46-0.0.3.tgz 1167ms (cache miss)
2724 http fetch GET 200 https://registry.npmjs.org/delayed-stream/-/delayed-stream-1.0.0.tgz 1133ms (cache miss)
2725 http fetch GET 200 https://registry.npmjs.org/require-from-string/-/require-from-string-2.0.2.tgz 1116ms (cache miss)
2726 http fetch GET 200 https://registry.npmjs.org/json-schema-traverse/-/json-schema-traverse-1.0.0.tgz 1116ms (cache miss)
2727 http fetch GET 200 https://registry.npmjs.org/fast-deep-equal/-/fast-deep-equal-3.1.3.tgz 1113ms (cache miss)
2728 http fetch GET 200 https://registry.npmjs.org/@vercel/gatsby-plugin-vercel-analytics/-/gatsby-plugin-vercel-analytics-1.0.11.tgz 1112ms (cache miss)
2729 http fetch GET 200 https://registry.npmjs.org/braces/-/braces-3.0.3.tgz 1190ms (cache miss)
2730 http fetch GET 200 https://registry.npmjs.org/retry/-/retry-0.13.1.tgz 1132ms (cache miss)
2731 http fetch GET 200 https://registry.npmjs.org/mime-types/-/mime-types-2.1.35.tgz 1121ms (cache miss)
2732 http fetch GET 200 https://registry.npmjs.org/get-stream/-/get-stream-5.2.0.tgz 1154ms (cache miss)
2733 http fetch GET 200 https://registry.npmjs.org/@types/estree/-/estree-1.0.9.tgz 1134ms (cache miss)
2734 http fetch GET 200 https://registry.npmjs.org/nopt/-/nopt-8.1.0.tgz 1140ms (cache miss)
2735 http fetch GET 200 https://registry.npmjs.org/mime-db/-/mime-db-1.52.0.tgz 1201ms (cache miss)
2736 http fetch GET 200 https://registry.npmjs.org/etag/-/etag-1.8.1.tgz 1163ms (cache miss)
2737 http fetch GET 200 https://registry.npmjs.org/node-gyp-build/-/node-gyp-build-4.8.4.tgz 1170ms (cache miss)
2738 http fetch GET 200 https://registry.npmjs.org/depd/-/depd-1.1.2.tgz 1234ms (cache miss)
2739 http fetch GET 200 https://registry.npmjs.org/pac-proxy-agent/-/pac-proxy-agent-7.2.0.tgz 1225ms (cache miss)
2740 http fetch GET 200 https://registry.npmjs.org/resolve-from/-/resolve-from-5.0.0.tgz 1184ms (cache miss)
2741 http fetch GET 200 https://registry.npmjs.org/graceful-fs/-/graceful-fs-4.2.11.tgz 1194ms (cache miss)
2742 http fetch GET 200 https://registry.npmjs.org/acorn-import-attributes/-/acorn-import-attributes-1.9.5.tgz 1203ms (cache miss)
2743 http fetch GET 200 https://registry.npmjs.org/mkdirp/-/mkdirp-1.0.4.tgz 1289ms (cache miss)
2744 http fetch GET 200 https://registry.npmjs.org/bindings/-/bindings-1.5.0.tgz 1215ms (cache miss)
2745 http fetch GET 200 https://registry.npmjs.org/argparse/-/argparse-2.0.1.tgz 1260ms (cache miss)
2746 http fetch GET 200 https://registry.npmjs.org/esprima/-/esprima-4.0.1.tgz 1355ms (cache miss)
2747 http fetch GET 200 https://registry.npmjs.org/pump/-/pump-3.0.4.tgz 1354ms (cache miss)
2748 http fetch GET 200 https://registry.npmjs.org/uid-promise/-/uid-promise-1.0.0.tgz 1315ms (cache miss)
2749 http fetch GET 200 https://registry.npmjs.org/b4a/-/b4a-1.8.1.tgz 1393ms (cache miss)
2750 http fetch GET 200 https://registry.npmjs.org/tinyexec/-/tinyexec-0.3.2.tgz 1323ms (cache miss)
2751 http fetch GET 200 https://registry.npmjs.org/@edge-runtime/format/-/format-2.2.1.tgz 1352ms (cache miss)
2752 http fetch GET 200 https://registry.npmjs.org/stream-to-promise/-/stream-to-promise-2.2.0.tgz 1324ms (cache miss)
2753 http fetch GET 200 https://registry.npmjs.org/get-intrinsic/-/get-intrinsic-1.3.0.tgz 1376ms (cache miss)
2754 http fetch GET 200 https://registry.npmjs.org/stat-mode/-/stat-mode-0.3.0.tgz 1334ms (cache miss)
2755 http fetch GET 200 https://registry.npmjs.org/tree-kill/-/tree-kill-1.2.2.tgz 1338ms (cache miss)
2756 http fetch GET 200 https://registry.npmjs.org/es-set-tostringtag/-/es-set-tostringtag-2.1.0.tgz 1386ms (cache miss)
2757 http fetch GET 200 https://registry.npmjs.org/@renovatebot/pep440/-/pep440-4.2.1.tgz 1365ms (cache miss)
2758 http fetch GET 200 https://registry.npmjs.org/yauzl-promise/-/yauzl-promise-2.1.3.tgz 1352ms (cache miss)
2759 http fetch GET 200 https://registry.npmjs.org/async-sema/-/async-sema-3.1.1.tgz 1358ms (cache miss)
2760 http fetch GET 200 https://registry.npmjs.org/promisepipe/-/promisepipe-3.0.0.tgz 1353ms (cache miss)
2761 http fetch GET 200 https://registry.npmjs.org/ms/-/ms-2.1.1.tgz 1349ms (cache miss)
2762 http fetch GET 200 https://registry.npmjs.org/debug/-/debug-4.3.4.tgz 1347ms (cache miss)
2763 http fetch GET 200 https://registry.npmjs.org/async-listen/-/async-listen-1.2.0.tgz 1367ms (cache miss)
2764 http fetch GET 200 https://registry.npmjs.org/throttleit/-/throttleit-2.1.0.tgz 1371ms (cache miss)
2765 http fetch GET 200 https://registry.npmjs.org/@vercel/cervel/-/cervel-0.1.7.tgz 1379ms (cache miss)
2766 http fetch GET 200 https://registry.npmjs.org/@vercel/gatsby-plugin-vercel-builder/-/gatsby-plugin-vercel-builder-2.2.7.tgz 1429ms (cache miss)
2767 http fetch GET 200 https://registry.npmjs.org/async-retry/-/async-retry-1.3.3.tgz 1379ms (cache miss)
2768 http fetch GET 200 https://registry.npmjs.org/is-buffer/-/is-buffer-2.0.5.tgz 1381ms (cache miss)
2769 http fetch GET 200 https://registry.npmjs.org/@vercel/error-utils/-/error-utils-2.1.0.tgz 1425ms (cache miss)
2770 http fetch GET 200 https://registry.npmjs.org/@edge-runtime/ponyfill/-/ponyfill-2.4.2.tgz 1451ms (cache miss)
2771 http fetch GET 200 https://registry.npmjs.org/gopd/-/gopd-1.2.0.tgz 1478ms (cache miss)
2772 http fetch GET 200 https://registry.npmjs.org/file-uri-to-path/-/file-uri-to-path-1.0.0.tgz 1470ms (cache miss)
2773 http fetch GET 200 https://registry.npmjs.org/is-node-process/-/is-node-process-1.2.0.tgz 1427ms (cache miss)
2774 http fetch GET 200 https://registry.npmjs.org/proxy-agent/-/proxy-agent-6.4.0.tgz 1409ms (cache miss)
2775 http fetch GET 200 https://registry.npmjs.org/ts-toolbelt/-/ts-toolbelt-6.15.5.tgz 1521ms (cache miss)
2776 http fetch GET 200 https://registry.npmjs.org/function-bind/-/function-bind-1.1.2.tgz 1529ms (cache miss)
2777 http fetch GET 200 https://registry.npmjs.org/cross-spawn/-/cross-spawn-7.0.6.tgz 1526ms (cache miss)
2778 http fetch GET 200 https://registry.npmjs.org/detect-libc/-/detect-libc-2.1.2.tgz 1503ms (cache miss)
2779 http fetch GET 200 https://registry.npmjs.org/smart-buffer/-/smart-buffer-4.2.0.tgz 1589ms (cache miss)
2780 http fetch GET 200 https://registry.npmjs.org/tslib/-/tslib-2.8.1.tgz 1573ms (cache miss)
2781 http fetch GET 200 https://registry.npmjs.org/path-to-regexp/-/path-to-regexp-6.3.0.tgz 1533ms (cache miss)
2782 http fetch GET 200 https://registry.npmjs.org/@vercel/fastify/-/fastify-0.1.83.tgz 1465ms (cache miss)
2783 http fetch GET 200 https://registry.npmjs.org/@vercel/rust/-/rust-1.2.0.tgz 1485ms (cache miss)
2784 http fetch GET 200 https://registry.npmjs.org/resolve.exports/-/resolve.exports-2.0.3.tgz 1522ms (cache miss)
2785 http fetch GET 200 https://registry.npmjs.org/xdg-app-paths/-/xdg-app-paths-5.5.1.tgz 1533ms (cache miss)
2786 http fetch GET 200 https://registry.npmjs.org/oxc-transform/-/oxc-transform-0.111.0.tgz 1527ms (cache miss)
2787 http fetch GET 200 https://registry.npmjs.org/path-to-regexp/-/path-to-regexp-8.3.0.tgz 1549ms (cache miss)
2788 http fetch GET 200 https://registry.npmjs.org/@vercel/h3/-/h3-0.1.89.tgz 1530ms (cache miss)
2789 http fetch GET 200 https://registry.npmjs.org/@vercel/hydrogen/-/hydrogen-1.3.7.tgz 1532ms (cache miss)
2790 http fetch GET 200 https://registry.npmjs.org/@vercel/prepare-flags-definitions/-/prepare-flags-definitions-0.2.1.tgz 1541ms (cache miss)
2791 http fetch GET 200 https://registry.npmjs.org/minimatch/-/minimatch-3.1.5.tgz 1562ms (cache miss)
2792 http fetch GET 200 https://registry.npmjs.org/node-fetch/-/node-fetch-2.6.7.tgz 1628ms (cache miss)
2793 http fetch GET 200 https://registry.npmjs.org/xdg-app-paths/-/xdg-app-paths-5.1.0.tgz 1572ms (cache miss)
2794 http fetch GET 200 https://registry.npmjs.org/cjs-module-lexer/-/cjs-module-lexer-1.2.3.tgz 1635ms (cache miss)
2795 http fetch GET 200 https://registry.npmjs.org/micro/-/micro-9.3.5-canary.3.tgz 1659ms (cache miss)
2796 http fetch GET 200 https://registry.npmjs.org/@vercel/redwood/-/redwood-2.4.13.tgz 1613ms (cache miss)
2797 http fetch GET 200 https://registry.npmjs.org/picocolors/-/picocolors-1.1.1.tgz 1590ms (cache miss)
2798 http fetch GET 200 https://registry.npmjs.org/yallist/-/yallist-5.0.0.tgz 1748ms (cache miss)
2799 http fetch GET 200 https://registry.npmjs.org/picomatch/-/picomatch-4.0.4.tgz 1685ms (cache miss)
2800 http fetch GET 200 https://registry.npmjs.org/@vercel/hono/-/hono-0.2.83.tgz 1617ms (cache miss)
2801 http fetch GET 200 https://registry.npmjs.org/@rollup/pluginutils/-/pluginutils-5.3.0.tgz 1683ms (cache miss)
2802 http fetch GET 200 https://registry.npmjs.org/ms/-/ms-2.1.3.tgz 1605ms (cache miss)
2803 http fetch GET 200 https://registry.npmjs.org/es-module-lexer/-/es-module-lexer-1.5.0.tgz 1662ms (cache miss)
2804 http fetch GET 200 https://registry.npmjs.org/@vercel/elysia/-/elysia-0.1.80.tgz 1616ms (cache miss)
2805 http fetch GET 200 https://registry.npmjs.org/balanced-match/-/balanced-match-4.0.4.tgz 1609ms (cache miss)
2806 http fetch GET 200 https://registry.npmjs.org/async-listen/-/async-listen-3.0.1.tgz 1622ms (cache miss)
2807 http fetch GET 200 https://registry.npmjs.org/once/-/once-1.3.3.tgz 1634ms (cache miss)
2808 http fetch GET 200 https://registry.npmjs.org/lru-cache/-/lru-cache-6.0.0.tgz 1634ms (cache miss)
2809 http fetch GET 200 https://registry.npmjs.org/esbuild/-/esbuild-0.27.0.tgz 1674ms (cache miss)
2810 http fetch GET 200 https://registry.npmjs.org/end-of-stream/-/end-of-stream-1.1.0.tgz 1637ms (cache miss)
2811 http fetch GET 200 https://registry.npmjs.org/@vercel/cli-config/-/cli-config-0.1.2.tgz 1663ms (cache miss)
2812 http fetch GET 200 https://registry.npmjs.org/brace-expansion/-/brace-expansion-5.0.6.tgz 1642ms (cache miss)
2813 http fetch GET 200 https://registry.npmjs.org/yallist/-/yallist-4.0.0.tgz 1647ms (cache miss)
2814 http fetch GET 200 https://registry.npmjs.org/form-data/-/form-data-4.0.5.tgz 1683ms (cache miss)
2815 http fetch GET 200 https://registry.npmjs.org/ms/-/ms-2.1.2.tgz 1649ms (cache miss)
2816 http fetch GET 200 https://registry.npmjs.org/ms/-/ms-2.1.3.tgz 1647ms (cache miss)
2817 http fetch GET 200 https://registry.npmjs.org/@vercel/static-config/-/static-config-3.3.0.tgz 1729ms (cache miss)
2818 http fetch GET 200 https://registry.npmjs.org/path-browserify/-/path-browserify-1.0.1.tgz 1826ms (cache miss)
2819 http fetch GET 200 https://registry.npmjs.org/@vercel/ruby/-/ruby-2.3.2.tgz 1701ms (cache miss)
2820 http fetch GET 200 https://registry.npmjs.org/@vercel/express/-/express-0.1.90.tgz 1704ms (cache miss)
2821 http fetch GET 200 https://registry.npmjs.org/@vercel/nestjs/-/nestjs-0.2.84.tgz 1723ms (cache miss)
2822 http fetch GET 200 https://registry.npmjs.org/signal-exit/-/signal-exit-3.0.7.tgz 1687ms (cache miss)
2823 http fetch GET 200 https://registry.npmjs.org/@vercel/detect-agent/-/detect-agent-1.2.3.tgz 1716ms (cache miss)
2824 http fetch GET 200 https://registry.npmjs.org/get-stream/-/get-stream-6.0.1.tgz 1691ms (cache miss)
2825 http fetch GET 200 https://registry.npmjs.org/async-listen/-/async-listen-3.0.0.tgz 1675ms (cache miss)
2826 http fetch GET 200 https://registry.npmjs.org/signal-exit/-/signal-exit-3.0.7.tgz 1698ms (cache miss)
2827 http fetch GET 200 https://registry.npmjs.org/xdg-app-paths/-/xdg-app-paths-5.1.0.tgz 1682ms (cache miss)
2828 http fetch GET 200 https://registry.npmjs.org/https-proxy-agent/-/https-proxy-agent-7.0.6.tgz 1805ms (cache miss)
2829 http fetch GET 200 https://registry.npmjs.org/@isaacs/fs-minipass/-/fs-minipass-4.0.1.tgz 1878ms (cache miss)
2830 http fetch GET 200 https://registry.npmjs.org/@emnapi/wasi-threads/-/wasi-threads-1.2.1.tgz 1862ms (cache miss)
2831 http fetch GET 200 https://registry.npmjs.org/@vercel/koa/-/koa-0.1.63.tgz 1756ms (cache miss)
2832 http fetch GET 200 https://registry.npmjs.org/@tootallnate%2fonce 1459ms (cache miss)
2833 silly packumentCache corgi:https://registry.npmjs.org/@tootallnate%2fonce set size:undefined disposed:false
2834 http fetch GET 200 https://registry.npmjs.org/smol-toml 1463ms (cache miss)
2835 silly packumentCache corgi:https://registry.npmjs.org/smol-toml set size:undefined disposed:false
2836 http fetch GET 200 https://registry.npmjs.org/path-to-regexp 1475ms (cache miss)
2837 silly packumentCache corgi:https://registry.npmjs.org/path-to-regexp set size:undefined disposed:false
2838 http fetch GET 200 https://registry.npmjs.org/srvx 1491ms (cache miss)
2839 silly packumentCache corgi:https://registry.npmjs.org/srvx set size:undefined disposed:false
2840 http fetch GET 200 https://registry.npmjs.org/execa/-/execa-3.2.0.tgz 1814ms (cache miss)
2841 http fetch GET 200 https://registry.npmjs.org/@tootallnate/once/-/once-2.0.0.tgz 1848ms (cache miss)
2842 http fetch GET 200 https://registry.npmjs.org/semver/-/semver-6.3.1.tgz 1772ms (cache miss)
2843 http fetch GET 200 https://registry.npmjs.org/lru-cache/-/lru-cache-7.18.3.tgz 1786ms (cache miss)
2844 http fetch GET 200 https://registry.npmjs.org/minimatch 1534ms (cache miss)
2845 silly packumentCache corgi:https://registry.npmjs.org/minimatch set size:undefined disposed:false
2846 http fetch GET 200 https://registry.npmjs.org/tar 1543ms (cache miss)
2847 silly packumentCache corgi:https://registry.npmjs.org/tar set size:undefined disposed:false
2848 http fetch GET 200 https://registry.npmjs.org/path-to-regexp/-/path-to-regexp-8.2.0.tgz 1796ms (cache miss)
2849 http fetch GET 200 https://registry.npmjs.org/debug/-/debug-4.4.3.tgz 1825ms (cache miss)
2850 http fetch GET 200 https://registry.npmjs.org/picomatch/-/picomatch-2.3.2.tgz 1857ms (cache miss)
2851 http fetch GET 200 https://registry.npmjs.org/@fastify/busboy/-/busboy-2.1.1.tgz 2058ms (cache miss)
2852 http fetch GET 200 https://registry.npmjs.org/acorn/-/acorn-8.16.0.tgz 1967ms (cache miss)
2853 http fetch GET 200 https://registry.npmjs.org/node-fetch/-/node-fetch-2.6.9.tgz 1865ms (cache miss)
2854 http fetch GET 200 https://registry.npmjs.org/es-module-lexer/-/es-module-lexer-1.4.1.tgz 1863ms (cache miss)
2855 http fetch GET 200 https://registry.npmjs.org/minipass/-/minipass-7.1.3.tgz 2029ms (cache miss)
2856 http fetch GET 200 https://registry.npmjs.org/@vercel/python/-/python-6.43.1.tgz 1929ms (cache miss)
2857 http fetch GET 200 https://registry.npmjs.org/@emnapi/runtime/-/runtime-1.10.0.tgz 2052ms (cache miss)
2858 http fetch GET 200 https://registry.npmjs.org/estree-walker/-/estree-walker-2.0.2.tgz 2018ms (cache miss)
2859 http fetch GET 200 https://registry.npmjs.org/ajv 1655ms (cache miss)
2860 silly packumentCache corgi:https://registry.npmjs.org/ajv set size:undefined disposed:false
2861 http fetch GET 200 https://registry.npmjs.org/undici 1664ms (cache miss)
2862 silly packumentCache corgi:https://registry.npmjs.org/undici set size:undefined disposed:false
2863 http fetch GET 200 https://registry.npmjs.org/@vercel/remix-builder/-/remix-builder-5.8.2.tgz 1986ms (cache miss)
2864 http fetch GET 200 https://registry.npmjs.org/@edge-runtime/vm/-/vm-3.2.0.tgz 2050ms (cache miss)
2865 http fetch GET 200 https://registry.npmjs.org/execa/-/execa-5.1.1.tgz 1962ms (cache miss)
2866 http fetch GET 200 https://registry.npmjs.org/path-scurry/-/path-scurry-2.0.2.tgz 2109ms (cache miss)
2867 silly packumentCache corgi:https://registry.npmjs.org/vercel cache-miss
2868 silly packumentCache corgi:https://registry.npmjs.org/@vercel%2frust cache-miss
2869 silly packumentCache corgi:https://registry.npmjs.org/@vercel%2fpython-analysis cache-miss
2870 http fetch GET 200 https://registry.npmjs.org/minizlib/-/minizlib-3.1.0.tgz 2223ms (cache miss)
2871 http fetch GET 200 https://registry.npmjs.org/@edge-runtime/node-utils/-/node-utils-2.3.0.tgz 2177ms (cache miss)
2872 http fetch GET 200 https://registry.npmjs.org/human-signals/-/human-signals-2.1.0.tgz 2096ms (cache miss)
2873 http fetch GET 200 https://registry.npmjs.org/undici-types/-/undici-types-5.26.5.tgz 2209ms (cache miss)
2874 http fetch GET 200 https://registry.npmjs.org/chokidar/-/chokidar-4.0.0.tgz 2145ms (cache miss)
2875 http fetch GET 200 https://registry.npmjs.org/source-map/-/source-map-0.6.1.tgz 2260ms (cache miss)
2876 http cache https://registry.npmjs.org/vercel 87ms (cache hit)
2877 silly packumentCache corgi:https://registry.npmjs.org/vercel set size:4231208 disposed:false
2878 http fetch GET 200 https://registry.npmjs.org/@nodelib/fs.walk/-/fs.walk-1.2.8.tgz 2318ms (cache miss)
2879 http fetch GET 200 https://registry.npmjs.org/ts-morph/-/ts-morph-12.0.0.tgz 2220ms (cache miss)
2880 http fetch GET 200 https://registry.npmjs.org/@vercel/go/-/go-3.7.1.tgz 2175ms (cache miss)
2881 http fetch GET 200 https://registry.npmjs.org/math-intrinsics/-/math-intrinsics-1.1.0.tgz 2306ms (cache miss)
2882 http fetch GET 200 https://registry.npmjs.org/path-to-regexp/-/path-to-regexp-6.1.0.tgz 2176ms (cache miss)
2883 http fetch GET 200 https://registry.npmjs.org/smol-toml/-/smol-toml-1.5.2.tgz 2238ms (cache miss)
2884 http fetch GET 200 https://registry.npmjs.org/path-to-regexp/-/path-to-regexp-6.1.0.tgz 2179ms (cache miss)
2885 http fetch GET 200 https://registry.npmjs.org/@vercel%2fpython-analysis 173ms (cache miss)
2886 silly packumentCache corgi:https://registry.npmjs.org/@vercel%2fpython-analysis set size:undefined disposed:false
2887 http fetch GET 200 https://registry.npmjs.org/iconv-lite/-/iconv-lite-0.4.24.tgz 2358ms (cache miss)
2888 http fetch GET 200 https://registry.npmjs.org/basic-ftp/-/basic-ftp-5.3.1.tgz 2358ms (cache miss)
2889 http fetch GET 200 https://registry.npmjs.org/@vercel/static-build/-/static-build-2.9.30.tgz 2276ms (cache miss)
2890 http fetch GET 200 https://registry.npmjs.org/ip-address/-/ip-address-10.2.0.tgz 2429ms (cache miss)
2891 http fetch GET 200 https://registry.npmjs.org/@emnapi/core/-/core-1.10.0.tgz 2437ms (cache miss)
2892 http fetch GET 200 https://registry.npmjs.org/@vercel/oidc/-/oidc-3.2.0.tgz 2455ms (cache miss)
2893 http fetch GET 200 https://registry.npmjs.org/@vercel/next/-/next-4.17.4.tgz 2340ms (cache miss)
2894 http fetch GET 200 https://registry.npmjs.org/generic-pool/-/generic-pool-3.4.2.tgz 2392ms (cache miss)
2895 http fetch GET 200 https://registry.npmjs.org/@vercel%2frust 305ms (cache miss)
2896 silly packumentCache corgi:https://registry.npmjs.org/@vercel%2frust set size:undefined disposed:false
2897 http fetch GET 200 https://registry.npmjs.org/socks/-/socks-2.8.9.tgz 2498ms (cache miss)
2898 http fetch GET 200 https://registry.npmjs.org/signal-exit/-/signal-exit-4.0.2.tgz 2472ms (cache miss)
2899 silly packumentCache corgi:https://registry.npmjs.org/@vercel%2fnode cache-miss
2900 silly packumentCache corgi:https://registry.npmjs.org/@vercel%2fremix-builder cache-miss
2901 http fetch GET 200 https://registry.npmjs.org/js-yaml/-/js-yaml-4.1.1.tgz 2512ms (cache miss)
2902 http fetch GET 200 https://registry.npmjs.org/fs-extra/-/fs-extra-11.1.0.tgz 2485ms (cache miss)
2903 http fetch GET 200 https://registry.npmjs.org/srvx/-/srvx-0.8.9.tgz 2501ms (cache miss)
2904 http fetch GET 200 https://registry.npmjs.org/consola/-/consola-3.4.2.tgz 2543ms (cache miss)
2905 http fetch GET 200 https://registry.npmjs.org/@edge-runtime/primitives/-/primitives-4.1.0.tgz 2552ms (cache miss)
2906 http fetch GET 200 https://registry.npmjs.org/@oxc-transform/binding-win32-x64-msvc/-/binding-win32-x64-msvc-0.111.0.tgz 2596ms (cache miss)
2907 http fetch GET 200 https://registry.npmjs.org/fs-extra/-/fs-extra-11.1.1.tgz 2497ms (cache miss)
2908 http fetch GET 200 https://registry.npmjs.org/@vercel%2fremix-builder 123ms (cache miss)
2909 silly packumentCache corgi:https://registry.npmjs.org/@vercel%2fremix-builder set size:undefined disposed:false
2910 http fetch GET 200 https://registry.npmjs.org/@vercel/blob/-/blob-2.4.0.tgz 2527ms (cache miss)
2911 http fetch GET 200 https://registry.npmjs.org/edge-runtime/-/edge-runtime-2.5.9.tgz 2622ms (cache miss)
2912 http fetch GET 200 https://registry.npmjs.org/@mapbox/node-pre-gyp/-/node-pre-gyp-2.0.3.tgz 2637ms (cache miss)
2913 http fetch GET 200 https://registry.npmjs.org/@vercel/backends/-/backends-0.7.2.tgz 2573ms (cache miss)
2914 http fetch GET 200 https://registry.npmjs.org/semver/-/semver-7.5.4.tgz 2656ms (cache miss)
2915 http fetch GET 200 https://registry.npmjs.org/@vercel%2fnode 225ms (cache miss)
2916 silly packumentCache corgi:https://registry.npmjs.org/@vercel%2fnode set size:undefined disposed:false
2917 http fetch GET 200 https://registry.npmjs.org/web-vitals/-/web-vitals-0.2.4.tgz 2714ms (cache miss)
2918 http fetch GET 200 https://registry.npmjs.org/ast-types/-/ast-types-0.13.4.tgz 2783ms (cache miss)
2919 silly packumentCache corgi:https://registry.npmjs.org/@vercel%2fbackends cache-miss
2920 silly packumentCache corgi:https://registry.npmjs.org/@vercel%2fexpress cache-miss
2921 silly packumentCache corgi:https://registry.npmjs.org/@vercel%2fhono cache-miss
2922 silly packumentCache corgi:https://registry.npmjs.org/@vercel%2ffun cache-miss
2923 http fetch GET 200 https://registry.npmjs.org/@vercel/nft/-/nft-1.5.0.tgz 2725ms (cache miss)
2924 http fetch GET 200 https://registry.npmjs.org/rolldown/-/rolldown-1.0.0-rc.1.tgz 2730ms (cache miss)
2925 http fetch GET 200 https://registry.npmjs.org/@tybys/wasm-util/-/wasm-util-0.10.2.tgz 2819ms (cache miss)
2926 http fetch GET 200 https://registry.npmjs.org/@vercel/node/-/node-5.8.4.tgz 2716ms (cache miss)
2927 http fetch GET 200 https://registry.npmjs.org/pac-resolver/-/pac-resolver-7.0.1.tgz 2837ms (cache miss)
2928 http fetch GET 200 https://registry.npmjs.org/@sinclair/typebox/-/typebox-0.25.24.tgz 2813ms (cache miss)
2929 http fetch GET 200 https://registry.npmjs.org/tsx/-/tsx-4.21.0.tgz 2775ms (cache miss)
2930 http fetch GET 200 https://registry.npmjs.org/@napi-rs/wasm-runtime/-/wasm-runtime-1.1.4.tgz 2892ms (cache miss)
2931 http fetch GET 200 https://registry.npmjs.org/@vercel%2fexpress 106ms (cache miss)
2932 silly packumentCache corgi:https://registry.npmjs.org/@vercel%2fexpress set size:undefined disposed:false
2933 http fetch GET 200 https://registry.npmjs.org/@vercel%2fhono 108ms (cache miss)
2934 silly packumentCache corgi:https://registry.npmjs.org/@vercel%2fhono set size:undefined disposed:false
2935 http fetch GET 200 https://registry.npmjs.org/fast-glob/-/fast-glob-3.3.3.tgz 2941ms (cache miss)
2936 http fetch GET 200 https://registry.npmjs.org/zod/-/zod-3.22.4.tgz 2775ms (cache miss)
2937 http fetch GET 200 https://registry.npmjs.org/uri-js/-/uri-js-4.4.1.tgz 2897ms (cache miss)
2938 http fetch GET 200 https://registry.npmjs.org/zod/-/zod-3.22.4.tgz 2757ms (cache miss)
2939 http fetch GET 200 https://registry.npmjs.org/zod/-/zod-3.22.4.tgz 2770ms (cache miss)
2940 http fetch GET 200 https://registry.npmjs.org/zod/-/zod-3.22.4.tgz 2764ms (cache miss)
2941 http fetch GET 200 https://registry.npmjs.org/minimatch/-/minimatch-10.1.1.tgz 2915ms (cache miss)
2942 http fetch GET 200 https://registry.npmjs.org/zod/-/zod-3.24.4.tgz 2845ms (cache miss)
2943 http fetch GET 200 https://registry.npmjs.org/minimatch/-/minimatch-10.2.5.tgz 2882ms (cache miss)
2944 http fetch GET 200 https://registry.npmjs.org/@vercel%2ffun 265ms (cache miss)
2945 silly packumentCache corgi:https://registry.npmjs.org/@vercel%2ffun set size:undefined disposed:false
2946 http fetch GET 200 https://registry.npmjs.org/@tootallnate/quickjs-emscripten/-/quickjs-emscripten-0.23.0.tgz 3097ms (cache miss)
2947 http fetch GET 200 https://registry.npmjs.org/@bytecodealliance/preview2-shim/-/preview2-shim-0.17.6.tgz 3087ms (cache miss)
2948 http fetch GET 200 https://registry.npmjs.org/json-schema-to-ts/-/json-schema-to-ts-1.6.4.tgz 3110ms (cache miss)
2949 http fetch GET 200 https://registry.npmjs.org/luxon/-/luxon-3.7.2.tgz 3065ms (cache miss)
2950 http fetch GET 200 https://registry.npmjs.org/glob/-/glob-13.0.6.tgz 3126ms (cache miss)
2951 http fetch GET 200 https://registry.npmjs.org/@vercel/python-analysis/-/python-analysis-0.11.1.tgz 3179ms (cache miss)
2952 http fetch GET 200 https://registry.npmjs.org/@ts-morph/common/-/common-0.11.1.tgz 3358ms (cache miss)
2953 http fetch GET 200 https://registry.npmjs.org/@vercel/sandbox/-/sandbox-1.9.0.tgz 3409ms (cache miss)
2954 http fetch GET 200 https://registry.npmjs.org/sandbox/-/sandbox-2.5.6.tgz 3334ms (cache miss)
2955 http fetch GET 200 https://registry.npmjs.org/@esbuild/win32-x64/-/win32-x64-0.27.0.tgz 3433ms (cache miss)
2956 http fetch GET 200 https://registry.npmjs.org/@vercel%2fbackends 678ms (cache miss)
2957 silly packumentCache corgi:https://registry.npmjs.org/@vercel%2fbackends set size:undefined disposed:false
2958 http fetch GET 200 https://registry.npmjs.org/@types/node/-/node-20.11.0.tgz 3446ms (cache miss)
2959 silly packumentCache corgi:https://registry.npmjs.org/@mapbox%2fnode-pre-gyp cache-miss
2960 http fetch GET 200 https://registry.npmjs.org/lru-cache/-/lru-cache-11.5.0.tgz 3547ms (cache miss)
2961 http fetch GET 200 https://registry.npmjs.org/@mapbox%2fnode-pre-gyp 59ms (cache miss)
2962 silly packumentCache corgi:https://registry.npmjs.org/@mapbox%2fnode-pre-gyp set size:undefined disposed:false
2963 silly packumentCache corgi:https://registry.npmjs.org/@vercel%2fstatic-config cache-miss
2964 http fetch GET 200 https://registry.npmjs.org/@vercel%2fstatic-config 47ms (cache miss)
2965 silly packumentCache corgi:https://registry.npmjs.org/@vercel%2fstatic-config set size:undefined disposed:false
2966 silly packumentCache corgi:https://registry.npmjs.org/@vercel%2fbuild-utils cache-miss
2967 silly packumentCache corgi:https://registry.npmjs.org/@vercel%2fpython cache-miss
2968 http fetch GET 200 https://registry.npmjs.org/@vercel/build-utils/-/build-utils-13.26.1.tgz 3560ms (cache miss)
2969 http fetch GET 200 https://registry.npmjs.org/undici/-/undici-5.28.4.tgz 3561ms (cache miss)
2970 http fetch GET 200 https://registry.npmjs.org/@vercel%2fbuild-utils 83ms (cache miss)
2971 silly packumentCache corgi:https://registry.npmjs.org/@vercel%2fbuild-utils set size:undefined disposed:false
2972 http fetch GET 200 https://registry.npmjs.org/@rolldown/binding-win32-x64-msvc/-/binding-win32-x64-msvc-1.0.0-rc.1.tgz 3905ms (cache miss)
2973 http fetch GET 200 https://registry.npmjs.org/@vercel/fun/-/fun-1.3.0.tgz 3788ms (cache miss)
2974 http fetch GET 200 https://registry.npmjs.org/vercel/-/vercel-54.4.1.tgz 3783ms (cache miss)
2975 http fetch GET 200 https://registry.npmjs.org/@vercel%2fpython 250ms (cache miss)
2976 silly packumentCache corgi:https://registry.npmjs.org/@vercel%2fpython set size:undefined disposed:false
2977 silly packumentCache corgi:https://registry.npmjs.org/@vercel%2felysia cache-miss
2978 silly packumentCache corgi:https://registry.npmjs.org/@vercel%2ffastify cache-miss
2979 silly packumentCache corgi:https://registry.npmjs.org/@vercel%2fh3 cache-miss
2980 silly packumentCache corgi:https://registry.npmjs.org/@vercel%2fkoa cache-miss
2981 silly packumentCache corgi:https://registry.npmjs.org/@vercel%2fnestjs cache-miss
2982 http fetch GET 200 https://registry.npmjs.org/undici/-/undici-6.25.0.tgz 4055ms (cache miss)
2983 http fetch GET 200 https://registry.npmjs.org/@vercel%2ffastify 179ms (cache miss)
2984 silly packumentCache corgi:https://registry.npmjs.org/@vercel%2ffastify set size:undefined disposed:false
2985 http fetch GET 200 https://registry.npmjs.org/@vercel%2felysia 187ms (cache miss)
2986 silly packumentCache corgi:https://registry.npmjs.org/@vercel%2felysia set size:undefined disposed:false
2987 http fetch GET 200 https://registry.npmjs.org/@vercel%2fnestjs 189ms (cache miss)
2988 silly packumentCache corgi:https://registry.npmjs.org/@vercel%2fnestjs set size:undefined disposed:false
2989 http fetch GET 200 https://registry.npmjs.org/undici/-/undici-7.25.0.tgz 4103ms (cache miss)
2990 http fetch GET 200 https://registry.npmjs.org/tar/-/tar-7.5.7.tgz 4198ms (cache miss)
2991 warn deprecated tar@7.5.7: Old versions of tar are not supported, and contain widely publicized security vulnerabilities, which have been fixed in the current version. Please update. Support for old versions may be purchased (at exorbitant rates) by contacting i@izs.me
2992 http fetch GET 200 https://registry.npmjs.org/@vercel%2fkoa 338ms (cache miss)
2993 silly packumentCache corgi:https://registry.npmjs.org/@vercel%2fkoa set size:undefined disposed:false
2994 http fetch GET 200 https://registry.npmjs.org/typescript/-/typescript-5.9.3.tgz 4301ms (cache miss)
2995 http fetch GET 200 https://registry.npmjs.org/jose/-/jose-5.9.6.tgz 4399ms (cache miss)
2996 http fetch GET 200 https://registry.npmjs.org/@vercel%2fh3 574ms (cache miss)
2997 silly packumentCache corgi:https://registry.npmjs.org/@vercel%2fh3 set size:undefined disposed:false
2998 silly packumentCache corgi:https://registry.npmjs.org/@vercel%2fcervel cache-miss
2999 http fetch GET 200 https://registry.npmjs.org/ajv/-/ajv-8.6.3.tgz 4745ms (cache miss)
3000 http fetch GET 200 https://registry.npmjs.org/@vercel%2fcervel 214ms (cache miss)
3001 silly packumentCache corgi:https://registry.npmjs.org/@vercel%2fcervel set size:undefined disposed:false
3002 silly packumentCache corgi:https://registry.npmjs.org/@vercel%2fhydrogen cache-miss
3003 silly packumentCache corgi:https://registry.npmjs.org/@vercel%2fredwood cache-miss
3004 silly packumentCache corgi:https://registry.npmjs.org/@vercel%2fstatic-build cache-miss
3005 http fetch GET 200 https://registry.npmjs.org/@vercel%2fstatic-build 74ms (cache miss)
3006 silly packumentCache corgi:https://registry.npmjs.org/@vercel%2fstatic-build set size:undefined disposed:false
3007 http fetch GET 200 https://registry.npmjs.org/@vercel%2fhydrogen 222ms (cache miss)
3008 silly packumentCache corgi:https://registry.npmjs.org/@vercel%2fhydrogen set size:undefined disposed:false
3009 http fetch GET 200 https://registry.npmjs.org/@vercel%2fredwood 231ms (cache miss)
3010 silly packumentCache corgi:https://registry.npmjs.org/@vercel%2fredwood set size:undefined disposed:false
3011 silly packumentCache corgi:https://registry.npmjs.org/@vercel%2fgatsby-plugin-vercel-builder cache-miss
3012 http fetch GET 200 https://registry.npmjs.org/zod/-/zod-4.1.11.tgz 5307ms (cache miss)
3013 info run esbuild@0.27.0 postinstall node_modules/esbuild node install.js
3014 info run esbuild@0.27.0 postinstall { code: 'EPERM', signal: undefined }
3015 http fetch GET 200 https://registry.npmjs.org/@vercel%2fgatsby-plugin-vercel-builder 1498ms (cache miss)
3016 silly packumentCache corgi:https://registry.npmjs.org/@vercel%2fgatsby-plugin-vercel-builder set size:undefined disposed:false
3017 warn cleanup Failed to remove some directories [
3017 warn cleanup   [
3017 warn cleanup     '\\\\?\\C:\\Users\\USER\\Desktop\\goyo-studio\\.npm-cache\\_npx\\69f9afb961c37556\\node_modules\\@ts-morph',
3017 warn cleanup     [Error: EPERM: operation not permitted, rmdir 'C:\Users\USER\Desktop\goyo-studio\.npm-cache\_npx\69f9afb961c37556\node_modules\@ts-morph'] {
3017 warn cleanup       errno: -4048,
3017 warn cleanup       code: 'EPERM',
3017 warn cleanup       syscall: 'rmdir',
3017 warn cleanup       path: 'C:\\Users\\USER\\Desktop\\goyo-studio\\.npm-cache\\_npx\\69f9afb961c37556\\node_modules\\@ts-morph'
3017 warn cleanup     }
3017 warn cleanup   ],
3017 warn cleanup   [
3017 warn cleanup     '\\\\?\\C:\\Users\\USER\\Desktop\\goyo-studio\\.npm-cache\\_npx\\69f9afb961c37556\\node_modules',
3017 warn cleanup     [Error: EPERM: operation not permitted, rmdir 'C:\Users\USER\Desktop\goyo-studio\.npm-cache\_npx\69f9afb961c37556\node_modules\@vercel\hono\node_modules'] {
3017 warn cleanup       errno: -4048,
3017 warn cleanup       code: 'EPERM',
3017 warn cleanup       syscall: 'rmdir',
3017 warn cleanup       path: 'C:\\Users\\USER\\Desktop\\goyo-studio\\.npm-cache\\_npx\\69f9afb961c37556\\node_modules\\@vercel\\hono\\node_modules'
3017 warn cleanup     }
3017 warn cleanup   ],
3017 warn cleanup   [
3017 warn cleanup     '\\\\?\\C:\\Users\\USER\\Desktop\\goyo-studio\\.npm-cache\\_npx\\69f9afb961c37556\\node_modules\\@vercel\\backends',
3017 warn cleanup     [Error: EPERM: operation not permitted, rmdir 'C:\Users\USER\Desktop\goyo-studio\.npm-cache\_npx\69f9afb961c37556\node_modules\@vercel\backends'] {
3017 warn cleanup       errno: -4048,
3017 warn cleanup       code: 'EPERM',
3017 warn cleanup       syscall: 'rmdir',
3017 warn cleanup       path: 'C:\\Users\\USER\\Desktop\\goyo-studio\\.npm-cache\\_npx\\69f9afb961c37556\\node_modules\\@vercel\\backends'
3017 warn cleanup     }
3017 warn cleanup   ],
3017 warn cleanup   [
3017 warn cleanup     '\\\\?\\C:\\Users\\USER\\Desktop\\goyo-studio\\.npm-cache\\_npx\\69f9afb961c37556\\node_modules\\@vercel\\sandbox',
3017 warn cleanup     [Error: EPERM: operation not permitted, rmdir 'C:\Users\USER\Desktop\goyo-studio\.npm-cache\_npx\69f9afb961c37556\node_modules\@vercel\sandbox\node_modules\undici'] {
3017 warn cleanup       errno: -4048,
3017 warn cleanup       code: 'EPERM',
3017 warn cleanup       syscall: 'rmdir',
3017 warn cleanup       path: 'C:\\Users\\USER\\Desktop\\goyo-studio\\.npm-cache\\_npx\\69f9afb961c37556\\node_modules\\@vercel\\sandbox\\node_modules\\undici'
3017 warn cleanup     }
3017 warn cleanup   ],
3017 warn cleanup   [
3017 warn cleanup     '\\\\?\\C:\\Users\\USER\\Desktop\\goyo-studio\\.npm-cache\\_npx\\69f9afb961c37556\\node_modules\\zod',
3017 warn cleanup     [Error: EPERM: operation not permitted, rmdir 'C:\Users\USER\Desktop\goyo-studio\.npm-cache\_npx\69f9afb961c37556\node_modules\zod\src'] {
3017 warn cleanup       errno: -4048,
3017 warn cleanup       code: 'EPERM',
3017 warn cleanup       syscall: 'rmdir',
3017 warn cleanup       path: 'C:\\Users\\USER\\Desktop\\goyo-studio\\.npm-cache\\_npx\\69f9afb961c37556\\node_modules\\zod\\src'
3017 warn cleanup     }
3017 warn cleanup   ]
3017 warn cleanup ]
3018 verbose stack Error: spawn EPERM
3018 verbose stack     at ChildProcess.spawn (node:internal/child_process:441:11)
3018 verbose stack     at spawn (node:child_process:796:9)
3018 verbose stack     at promiseSpawn (C:\Program Files\nodejs\node_modules\npm\node_modules\@npmcli\promise-spawn\lib\index.js:39:16)
3018 verbose stack     at spawnWithShell (C:\Program Files\nodejs\node_modules\npm\node_modules\@npmcli\promise-spawn\lib\index.js:124:10)
3018 verbose stack     at promiseSpawn (C:\Program Files\nodejs\node_modules\npm\node_modules\@npmcli\promise-spawn\lib\index.js:12:12)
3018 verbose stack     at runScriptPkg (C:\Program Files\nodejs\node_modules\npm\node_modules\@npmcli\run-script\lib\run-script-pkg.js:79:13)
3018 verbose stack     at runScript (C:\Program Files\nodejs\node_modules\npm\node_modules\@npmcli\run-script\lib\run-script.js:9:12)
3018 verbose stack     at C:\Program Files\nodejs\node_modules\npm\node_modules\@npmcli\arborist\lib\arborist\rebuild.js:328:17
3018 verbose stack     at run (C:\Program Files\nodejs\node_modules\npm\node_modules\promise-call-limit\dist\commonjs\index.js:67:22)
3018 verbose stack     at C:\Program Files\nodejs\node_modules\npm\node_modules\promise-call-limit\dist\commonjs\index.js:84:9
3019 error code EPERM
3020 error syscall spawn
3021 error errno -4048
3022 error Error: spawn EPERM
3022 error     at ChildProcess.spawn (node:internal/child_process:441:11)
3022 error     at spawn (node:child_process:796:9)
3022 error     at promiseSpawn (C:\Program Files\nodejs\node_modules\npm\node_modules\@npmcli\promise-spawn\lib\index.js:39:16)
3022 error     at spawnWithShell (C:\Program Files\nodejs\node_modules\npm\node_modules\@npmcli\promise-spawn\lib\index.js:124:10)
3022 error     at promiseSpawn (C:\Program Files\nodejs\node_modules\npm\node_modules\@npmcli\promise-spawn\lib\index.js:12:12)
3022 error     at runScriptPkg (C:\Program Files\nodejs\node_modules\npm\node_modules\@npmcli\run-script\lib\run-script-pkg.js:79:13)
3022 error     at runScript (C:\Program Files\nodejs\node_modules\npm\node_modules\@npmcli\run-script\lib\run-script.js:9:12)
3022 error     at C:\Program Files\nodejs\node_modules\npm\node_modules\@npmcli\arborist\lib\arborist\rebuild.js:328:17
3022 error     at run (C:\Program Files\nodejs\node_modules\npm\node_modules\promise-call-limit\dist\commonjs\index.js:67:22)
3022 error     at C:\Program Files\nodejs\node_modules\npm\node_modules\promise-call-limit\dist\commonjs\index.js:84:9 {
3022 error   errno: -4048,
3022 error   code: 'EPERM',
3022 error   syscall: 'spawn'
3022 error }
3023 error
3023 error The operation was rejected by your operating system.
3023 error It's possible that the file was already in use (by a text editor or antivirus), or that you lack permissions to access it.
3023 error
3023 error If you believe this might be a permissions issue, please double-check the permissions of the file and its containing directories, or try running the command again as root/Administrator.
3024 silly unfinished npm timer reify 1779723801607
3025 silly unfinished npm timer reify:audit 1779723812760
3026 silly unfinished npm timer auditReport:init 1779723813385
3027 silly unfinished npm timer metavuln:calculate:security-advisory:@vercel/gatsby-plugin-vercel-builder:4sLr5fYVFze1q9nOKfsYCrV3LJa3gbzsLdAxwQOX0ouJzTDZlQ8TKm21Mw/W2inmH7Q4UKUcpKiFAWvGeFvM0g== 1779723818041
3028 silly unfinished npm timer reify:build 1779723818378
3029 silly unfinished npm timer build 1779723818378
3030 silly unfinished npm timer build:deps 1779723818378
3031 silly unfinished npm timer build:run:postinstall 1779723818428
3032 silly unfinished npm timer build:run:postinstall:node_modules/esbuild 1779723818428
3033 silly unfinished npm timer metavuln:cache:put:security-advisory:@vercel/gatsby-plugin-vercel-builder:JgvKM3ZXmVx/2RtXbbHVrQ6TCzH+AUyzSPS5aJuqgFRjOnArAD4Z0Eu9juv1ew81HptXpmw2fu2qE8OpX2eZHA== 1779723819542
3034 verbose cwd C:\Users\USER\Desktop\goyo-studio
3035 verbose os Windows_NT 10.0.26200
3036 verbose node v24.15.0
3037 verbose npm  v11.12.1
3038 notice
3038 notice New minor version of npm available! 11.12.1 -> 11.15.0
3038 notice Changelog: https://github.com/npm/cli/releases/tag/v11.15.0
3038 notice To update run: npm install -g npm@11.15.0
3038 notice  { force: true, Symbol(proc-log.meta): true }
3039 verbose exit -4048
3040 verbose code -4048
3041 error A complete log of this run can be found in: C:\Users\USER\Desktop\goyo-studio\.npm-cache\_logs\2026-05-25T15_43_21_040Z-debug-0.log
